source,elapsed_min,total_free_mb,largest_free_mb,script_heap_mb
Long run stress.txt,0.0,2604,2044,0
Long run stress.txt,0.03371666666668413,2519,2044,0
Long run stress.txt,0.06738333333335807,2493,2044,0
Long run stress.txt,0.10145000000005287,2363,2044,0
Long run stress.txt,0.1357333333333372,2140,1980,0
Long run stress.txt,0.16973333333335178,2124,1964,0
Long run stress.txt,0.20353333333338622,1825,1704,40
Long run stress.txt,0.23730000000001988,1825,1704,40
Long run stress.txt,0.27105000000004414,1830,1704,40
Long run stress.txt,0.30481666666667784,1830,1704,40
Long run stress.txt,0.33881666666669236,1830,1704,43
Long run stress.txt,0.3726166666667268,1830,1704,43
Long run stress.txt,0.4063666666666904,1830,1704,51
Long run stress.txt,0.4401333333333847,1830,1704,69
Long run stress.txt,0.4739333333333586,1834,1704,78
Long run stress.txt,0.507733333333393,1835,1704,78
Long run stress.txt,0.5415000000000266,1835,1704,86
Long run stress.txt,0.575266666666721,1835,1704,89
Long run stress.txt,0.6090666666666948,1835,1704,90
Long run stress.txt,0.6428166666667191,1833,1704,98
Long run stress.txt,0.6766000000000228,1808,1704,98
Long run stress.txt,0.7104000000000572,1804,1704,98
Long run stress.txt,0.7442833333333814,1807,1704,98
Long run stress.txt,0.7781333333333653,1816,1704,98
Long run stress.txt,0.8120333333333595,1794,1688,98
Long run stress.txt,0.8459166666666836,1794,1688,107
Long run stress.txt,0.879866666666688,1761,1656,133
Long run stress.txt,0.9137500000000122,1728,1624,158
Long run stress.txt,0.9476166666667268,1728,1624,175
Long run stress.txt,0.981516666666721,1728,1624,184
Long run stress.txt,1.0166333333333872,1695,1592,192
Long run stress.txt,1.1183500000000397,1696,1592,201
Long run stress.txt,1.2202833333333425,1588,1497,209
Long run stress.txt,1.2543500000000374,1555,1466,209
Long run stress.txt,1.288716666666672,1492,1418,209
Long run stress.txt,1.3228000000000368,1492,1418,209
Long run stress.txt,1.356900000000011,1484,1418,209
Long run stress.txt,1.4250500000000101,1476,1418,209
Long run stress.txt,1.4591333333333751,1467,1410,209
Long run stress.txt,1.4932333333333494,1450,1402,209
Long run stress.txt,1.527300000000044,1446,1402,209
Long run stress.txt,1.5954666666667132,1445,1402,209
Long run stress.txt,1.6295666666666875,1444,1402,209
Long run stress.txt,1.663700000000002,1443,1402,209
Long run stress.txt,1.6977833333333667,1433,1394,209
Long run stress.txt,1.7319500000000214,1419,1386,209
Long run stress.txt,1.7660333333333862,1401,1370,209
Long run stress.txt,1.8001333333333605,1376,1352,209
Long run stress.txt,1.834283333333345,1361,1338,209
Long run stress.txt,1.8684166666667201,1356,1335,209
Long run stress.txt,1.9025666666667045,1333,1313,209
Long run stress.txt,1.936716666666689,1319,1296,209
Long run stress.txt,1.9708333333333334,1337,1296,209
Long run stress.txt,2.004916666666698,1337,1296,209
Long run stress.txt,2.0402000000000045,1305,1264,209
Long run stress.txt,2.142566666666668,1304,1264,209
Long run stress.txt,2.176666666666703,1307,1264,209
Long run stress.txt,2.2108000000000176,1314,1264,209
Long run stress.txt,2.347250000000046,1314,1264,209
Long run stress.txt,2.4496166666667096,1313,1264,209
Long run stress.txt,2.483883333333385,1192,1167,209
Long run stress.txt,2.6889333333333827,1192,1167,209
Long run stress.txt,2.825600000000001,1184,1159,209
Long run stress.txt,3.0307500000000194,1182,1158,209
Long run stress.txt,3.0660666666667264,1181,1154,209
Long run stress.txt,3.100250000000051,1180,1154,209
Long run stress.txt,3.1344500000000455,1084,1061,209
Long run stress.txt,3.16863333333337,1073,1051,209
Long run stress.txt,3.3738166666666682,1073,1051,209
Long run stress.txt,3.408000000000053,1076,1040,209
Long run stress.txt,3.442166666666708,1077,1040,209
Long run stress.txt,3.4763833333333727,1071,1040,209
Long run stress.txt,3.579100000000047,1053,1026,209
Long run stress.txt,3.613350000000052,1055,1015,209
Long run stress.txt,3.6475500000000465,1061,1015,209
Long run stress.txt,3.6817666666667113,1063,1024,209
Long run stress.txt,3.716000000000046,1067,1032,209
Long run stress.txt,3.7844500000000454,1061,1032,209
Long run stress.txt,3.8186500000000403,1060,1032,209
Long run stress.txt,3.852866666666705,1043,982,209
Long run stress.txt,3.8871000000000397,1039,982,209
Long run stress.txt,3.9213333333333744,1009,967,209
Long run stress.txt,3.955550000000039,1021,967,209
Long run stress.txt,4.023883333333348,1022,967,209
Long run stress.txt,4.058100000000013,984,931,209
Long run stress.txt,4.09346666666667,1024,967,209
Long run stress.txt,4.127650000000055,1026,967,209
Long run stress.txt,4.196016666666704,1024,967,209
Long run stress.txt,4.230200000000028,1017,967,209
Long run stress.txt,4.264416666666693,1020,967,209
Long run stress.txt,4.298616666666688,1023,967,209
Long run stress.txt,4.401166666666723,1023,967,209
Long run stress.txt,4.469583333333381,1022,967,209
Long run stress.txt,4.503866666666727,992,951,209
Long run stress.txt,4.5380666666667215,996,951,209
Long run stress.txt,4.572300000000056,1011,951,209
Long run stress.txt,4.606516666666721,1006,951,209
Long run stress.txt,4.6407666666667255,1017,951,209
Long run stress.txt,4.7433500000000395,1017,951,209
Long run stress.txt,4.811766666666699,1005,951,209
Long run stress.txt,4.914366666666683,1000,951,209
Long run stress.txt,4.948583333333348,981,951,209
Long run stress.txt,4.982833333333352,994,951,209
Long run stress.txt,5.017416666666699,1007,951,209
Long run stress.txt,5.051616666666693,1006,951,209
Long run stress.txt,5.085866666666698,999,951,209
Long run stress.txt,5.171316666666704,989,951,209
Long run stress.txt,5.2555500000000395,1001,951,209
Long run stress.txt,5.339750000000034,1002,951,209
Long run stress.txt,5.423966666666699,1005,951,209
Long run stress.txt,5.592350000000018,1006,951,209
Long run stress.txt,5.676600000000023,997,951,209
Long run stress.txt,5.760833333333357,991,951,209
Long run stress.txt,5.929283333333357,984,949,209
Long run stress.txt,6.0977000000000166,980,946,209
Long run stress.txt,6.266116666666676,979,946,209
Long run stress.txt,6.3503333333333405,975,940,209
Long run stress.txt,6.434566666666675,974,941,209
Long run stress.txt,6.51880000000001,985,949,209
Long run stress.txt,6.603016666666675,986,949,209
Long run stress.txt,6.68728333333335,983,949,209
Long run stress.txt,6.771500000000015,987,949,209
Long run stress.txt,6.855750000000019,983,946,209
Long run stress.txt,6.940016666666694,956,921,209
Long run stress.txt,7.024283333333369,978,921,209
Long run stress.txt,7.108516666666704,969,921,209
Long run stress.txt,7.192766666666709,959,920,209
Long run stress.txt,7.277050000000054,954,918,209
Long run stress.txt,7.361283333333389,960,923,209
Long run stress.txt,7.4455500000000026,950,912,209
Long run stress.txt,7.529816666666678,947,910,209
Long run stress.txt,7.613983333333393,950,910,209
Long run stress.txt,7.69943333333334,945,904,209
Long run stress.txt,7.783650000000004,954,910,209
Long run stress.txt,7.867933333333349,925,862,209
Long run stress.txt,8.036416666666689,927,862,209
Long run stress.txt,8.120733333333373,921,862,209
Long run stress.txt,8.204950000000037,932,862,209
Long run stress.txt,8.289200000000044,914,862,209
Long run stress.txt,8.373416666666708,917,862,209
Long run stress.txt,8.457700000000052,945,886,209
Long run stress.txt,8.626100000000042,965,886,209
Long run stress.txt,8.710316666666706,958,886,209
Long run stress.txt,8.794566666666713,898,851,209
Long run stress.txt,8.878833333333386,933,886,209
Long run stress.txt,8.963066666666721,948,886,209
Long run stress.txt,9.30001666666667,948,886,209
Long run stress.txt,9.384300000000016,895,851,209
Long run stress.txt,9.46851666666668,940,886,209
Long run stress.txt,9.552750000000014,952,886,209
Long run stress.txt,9.63703333333336,940,886,209
Long run stress.txt,9.721316666666704,946,886,209
Long run stress.txt,9.80560000000005,922,867,209
Long run stress.txt,9.889850000000054,931,870,209
Long run stress.txt,9.97416666666668,932,870,209
Long run stress.txt,10.14311666666672,929,870,209
Long run stress.txt,10.228566666666726,935,870,209
Long run stress.txt,10.31281666666667,941,870,209
Long run stress.txt,10.397083333333345,922,870,209
Long run stress.txt,10.481366666666691,924,870,209
Long run stress.txt,10.565650000000035,930,870,209
Long run stress.txt,10.6498666666667,931,870,209
Long run stress.txt,10.734133333333375,929,870,209
Long run stress.txt,10.81835000000004,942,870,209
Long run stress.txt,10.902566666666704,948,870,209
Long run stress.txt,10.98680000000004,948,870,209
Long run stress.txt,11.155266666666709,950,870,209
Long run stress.txt,11.239500000000044,945,870,209
Long run stress.txt,11.323733333333378,927,870,209
Long run stress.txt,11.492233333333388,944,870,209
Long run stress.txt,11.660666666666717,961,870,209
Long run stress.txt,11.744883333333382,959,870,209
Long run stress.txt,11.829116666666717,959,870,209
Long run stress.txt,11.913333333333382,962,870,209
Long run stress.txt,11.997533333333376,965,870,209
Long run stress.txt,12.58700000000002,964,870,209
Long run stress.txt,12.671250000000024,964,870,209
Long run stress.txt,13.09353333333335,921,835,209
Long run stress.txt,13.177766666666685,956,870,209
Long run stress.txt,13.346250000000024,921,835,209
Long run stress.txt,13.430466666666689,956,870,209
Long run stress.txt,13.514700000000024,956,870,209
Long run stress.txt,14.188533333333362,921,835,209
Long run stress.txt,14.272766666666696,956,870,209
Long run stress.txt,14.357033333333371,956,870,209
Long run stress.txt,14.441266666666706,940,854,209
Long run stress.txt,15.199716666666669,940,854,209
Long run stress.txt,15.285066666666717,925,854,209
Long run stress.txt,15.369283333333382,929,854,209
Long run stress.txt,15.622050000000005,918,854,209
Long run stress.txt,15.70630000000001,919,854,209
Long run stress.txt,15.790550000000016,877,838,209
Long run stress.txt,15.87480000000002,915,838,209
Long run stress.txt,16.04330000000003,904,838,209
Long run stress.txt,16.464500000000044,896,838,209
Long run stress.txt,16.548750000000048,892,838,209
Long run stress.txt,16.633050000000004,904,838,209
Long run stress.txt,16.885783333333347,904,838,209
Long run stress.txt,16.97003333333335,894,838,209
Long run stress.txt,17.054283333333355,900,838,209
Long run stress.txt,17.391266666666706,907,838,209
Long run stress.txt,17.728216666666714,907,838,209
Long run stress.txt,17.897900000000057,895,838,209
Long run stress.txt,17.98215,883,838,209
Long run stress.txt,18.066433333333347,884,838,209
Long run stress.txt,18.150716666666693,900,838,209
Long run stress.txt,18.234966666666697,890,838,209
Long run stress.txt,18.571966666666714,890,838,209
Long run stress.txt,18.824733333333338,900,838,209
Long run stress.txt,19.330150000000017,888,838,209
Long run stress.txt,19.414450000000034,893,838,209
Long run stress.txt,20.004300000000026,900,838,209
Long run stress.txt,20.088550000000033,901,838,209
Long run stress.txt,20.173283333333348,899,838,209
Long run stress.txt,20.25751666666668,893,838,209
Long run stress.txt,20.34293333333335,890,838,209
Long run stress.txt,20.595733333333374,891,838,209
Long run stress.txt,21.10133333333336,891,838,209
Long run stress.txt,21.185616666666707,882,838,209
Long run stress.txt,21.60693333333335,875,838,209
Long run stress.txt,21.691216666666698,876,838,209
Long run stress.txt,21.775466666666702,877,838,209
Long run stress.txt,21.859716666666706,907,838,209
Long run stress.txt,21.94398333333338,907,838,209
Long run stress.txt,22.028250000000057,905,838,209
Long run stress.txt,22.11248333333339,902,838,209
Long run stress.txt,22.196733333333334,898,838,209
Long run stress.txt,22.365216666666676,900,838,209
Long run stress.txt,22.44948333333335,904,838,209
Long run stress.txt,22.533750000000023,885,838,209
Long run stress.txt,22.61803333333337,888,838,209
Long run stress.txt,22.702250000000035,898,838,209
Long run stress.txt,22.78650000000004,898,838,209
Long run stress.txt,22.95626666666667,875,835,209
Long run stress.txt,23.040533333333347,872,835,209
Long run stress.txt,23.12488333333337,880,838,209
Long run stress.txt,23.209250000000004,865,830,209
Long run stress.txt,23.29350000000001,881,838,209
Long run stress.txt,23.377850000000034,892,838,209
Long run stress.txt,23.46213333333338,887,838,209
Long run stress.txt,23.63066666666667,902,838,209
Long run stress.txt,23.714916666666674,901,838,209
Long run stress.txt,23.79916666666668,895,838,209
Long run stress.txt,23.883416666666683,896,838,209
Long run stress.txt,23.96768333333336,882,838,209
Long run stress.txt,24.051966666666704,883,838,209
Long run stress.txt,24.13623333333338,894,838,209
Long run stress.txt,24.220533333333393,883,838,209
Long run stress.txt,24.304816666666678,873,833,209
Long run stress.txt,24.389100000000024,851,814,209
Long run stress.txt,24.473383333333366,862,814,209
Long run stress.txt,24.557666666666712,867,814,209
Long run stress.txt,24.641950000000058,872,814,209
Long run stress.txt,24.726283333333352,867,814,209
Long run stress.txt,24.810550000000028,868,814,209
Long run stress.txt,24.894816666666703,875,814,209
Long run stress.txt,25.06336666666672,881,814,209
Long run stress.txt,25.14761666666673,876,814,209
Long run stress.txt,25.232333333333372,878,814,209
Long run stress.txt,25.316583333333377,878,814,209
Long run stress.txt,25.402050000000052,877,814,209
Long run stress.txt,25.570583333333342,861,814,209
Long run stress.txt,25.65486666666669,873,814,209
Long run stress.txt,25.739133333333363,867,814,209
Long run stress.txt,25.823433333333377,872,814,209
Long run stress.txt,25.90770000000005,875,814,209
Long run stress.txt,26.07623333333334,872,814,209
Long run stress.txt,26.16078333333335,872,814,209
Long run stress.txt,26.245100000000033,859,814,209
Long run stress.txt,26.329366666666708,876,814,209
Long run stress.txt,26.413633333333383,879,814,209
Long run stress.txt,26.497916666666665,880,814,209
Long run stress.txt,26.58220000000001,866,814,209
Long run stress.txt,26.666450000000015,883,814,209
Long run stress.txt,26.750750000000032,872,814,209
Long run stress.txt,26.835000000000036,878,814,209
Long run stress.txt,26.919283333333382,862,814,209
Long run stress.txt,27.003600000000006,869,814,209
Long run stress.txt,27.08788333333335,863,798,209
Long run stress.txt,27.172433333333355,875,798,209
Long run stress.txt,27.25676666666671,876,798,209
Long run stress.txt,27.4253,879,798,209
Long run stress.txt,27.509550000000004,881,798,209
Long run stress.txt,27.76241666666671,876,798,209
Long run stress.txt,27.846700000000055,874,798,209
Long run stress.txt,27.932116666666722,852,798,209
Long run stress.txt,28.016400000000008,870,798,209
Long run stress.txt,28.10066666666668,868,798,209
Long run stress.txt,28.184916666666687,859,798,209
Long run stress.txt,28.26920000000003,868,798,209
Long run stress.txt,28.353483333333376,864,798,209
Long run stress.txt,28.43775000000005,873,798,209
Long run stress.txt,28.522016666666726,870,798,209
Long run stress.txt,28.690516666666674,885,798,209
Long run stress.txt,29.11181666666671,889,798,209
Long run stress.txt,29.196100000000055,884,798,209
Long run stress.txt,29.44890000000002,885,798,209
Long run stress.txt,29.533183333333362,885,798,209
Long run stress.txt,29.61748333333338,884,798,209
Long run stress.txt,29.701733333333383,889,798,209
Long run stress.txt,29.87030000000001,878,798,209
Long run stress.txt,30.29208333333336,873,798,209
Long run stress.txt,30.376350000000034,880,798,209
Long run stress.txt,30.63033333333339,875,798,209
Long run stress.txt,30.967333333333347,864,798,209
Long run stress.txt,31.05158333333335,875,798,209
Long run stress.txt,31.220050000000022,883,763,209
Long run stress.txt,31.304333333333368,909,798,209
Long run stress.txt,31.388533333333363,890,798,209
Long run stress.txt,31.472766666666697,828,734,209
Long run stress.txt,31.557033333333372,827,734,209
Long run stress.txt,31.641233333333368,825,734,209
Long run stress.txt,31.72551666666671,824,734,209
Long run stress.txt,31.89396666666671,822,734,209
Long run stress.txt,32.06245000000005,822,734,209
Long run stress.txt,32.14666666666672,808,723,209
Long run stress.txt,32.23091666666672,784,682,209
Long run stress.txt,32.31521666666667,776,682,209
Long run stress.txt,32.399466666666676,747,691,209
Long run stress.txt,32.48375000000002,782,726,209
Long run stress.txt,32.73651666666671,785,726,209
Long run stress.txt,32.90506666666667,785,726,209
Long run stress.txt,32.990500000000004,770,726,209
Long run stress.txt,33.07473333333334,785,726,209
Long run stress.txt,33.41181666666671,780,726,209
Long run stress.txt,33.496066666666714,784,726,209
Long run stress.txt,33.58031666666672,780,726,209
Long run stress.txt,33.66458333333333,782,726,209
Long run stress.txt,33.74881666666667,782,726,209
Long run stress.txt,33.91736666666669,784,726,209
Long run stress.txt,34.001633333333366,774,726,209
Long run stress.txt,34.17016666666671,780,726,209
Long run stress.txt,34.254450000000055,777,726,209
Long run stress.txt,34.33875000000001,784,726,209
Long run stress.txt,34.42298333333335,786,726,209
Long run stress.txt,34.591533333333366,786,726,209
Long run stress.txt,34.67581666666671,780,726,209
Long run stress.txt,34.760083333333384,785,726,209
Long run stress.txt,34.92861666666668,779,726,209
Long run stress.txt,35.01290000000002,780,726,209
Long run stress.txt,35.097200000000036,785,726,209
Long run stress.txt,35.18148333333338,784,726,209
Long run stress.txt,35.265750000000054,781,726,209
Long run stress.txt,35.3504666666667,783,726,209
Long run stress.txt,35.43471666666671,778,726,209
Long run stress.txt,35.520183333333385,780,726,209
Long run stress.txt,35.60446666666667,784,726,209
Long run stress.txt,35.68873333333334,769,721,209
Long run stress.txt,35.772966666666676,785,726,209
Long run stress.txt,35.85728333333336,778,726,209
Long run stress.txt,35.94156666666671,771,726,209
Long run stress.txt,36.02583333333338,774,726,209
Long run stress.txt,36.110083333333385,779,726,209
Long run stress.txt,36.19435,784,726,209
Long run stress.txt,36.27856666666673,784,726,209
Long run stress.txt,36.36283333333334,785,726,209
Long run stress.txt,36.44706666666668,786,726,209
Long run stress.txt,36.53133333333335,777,726,209
Long run stress.txt,36.615616666666696,782,726,209
Long run stress.txt,36.69988333333337,781,726,209
Long run stress.txt,36.86841666666672,776,726,209
Long run stress.txt,37.121250000000025,782,726,209
Long run stress.txt,37.205516666666696,776,726,209
Long run stress.txt,37.37406666666672,773,726,209
Long run stress.txt,37.45835,782,726,209
Long run stress.txt,37.54263333333335,779,726,209
Long run stress.txt,37.626916666666695,788,726,209
Long run stress.txt,37.71128333333339,744,705,209
Long run stress.txt,37.795600000000015,715,677,209
Long run stress.txt,37.87996666666671,716,683,209
Long run stress.txt,37.9643,714,675,209
Long run stress.txt,38.04976666666668,708,669,209
Long run stress.txt,38.13415000000005,702,661,209
Long run stress.txt,38.21846666666667,715,669,209
Long run stress.txt,38.302800000000026,706,664,209
Long run stress.txt,38.47143333333334,712,661,209
Long run stress.txt,38.555716666666676,710,664,209
Long run stress.txt,38.72435000000005,715,664,209
Long run stress.txt,38.80868333333334,715,664,209
Long run stress.txt,38.89303333333337,718,664,209
Long run stress.txt,38.97735000000005,710,664,209
Long run stress.txt,39.06168333333335,716,664,209
Long run stress.txt,39.1460166666667,717,664,209
Long run stress.txt,39.31458333333333,716,664,209
Long run stress.txt,39.398916666666686,724,664,209
Long run stress.txt,39.48325000000004,718,664,209
Long run stress.txt,39.56751666666672,730,664,209
Long run stress.txt,39.651866666666685,729,664,209
Long run stress.txt,39.736183333333365,723,664,209
Long run stress.txt,39.820483333333385,724,664,209
Long run stress.txt,39.904816666666676,721,664,209
Long run stress.txt,40.15778333333334,717,664,209
Long run stress.txt,40.24210000000003,709,664,209
Long run stress.txt,40.32645000000005,724,664,209
Long run stress.txt,40.411200000000036,725,664,209
Long run stress.txt,40.49548333333338,735,672,209
Long run stress.txt,40.58093333333339,731,684,209
Long run stress.txt,40.66526666666668,727,684,209
Long run stress.txt,40.74958333333337,723,680,209
Long run stress.txt,40.833916666666724,725,675,209
Long run stress.txt,40.918200000000006,743,686,209
Long run stress.txt,41.00251666666669,725,680,209
Long run stress.txt,41.08681666666671,736,686,209
Long run stress.txt,41.17113333333334,730,680,209
Long run stress.txt,41.25545000000002,746,686,209
Long run stress.txt,41.339766666666705,730,686,209
Long run stress.txt,41.42411666666667,715,675,209
Long run stress.txt,41.508450000000025,723,680,209
Long run stress.txt,41.59276666666671,709,675,209
Long run stress.txt,41.6771,715,669,209
Long run stress.txt,41.76143333333336,718,669,209
Long run stress.txt,41.845800000000054,708,669,209
Long run stress.txt,41.93013333333335,713,672,209
Long run stress.txt,42.01441666666669,723,686,209
Long run stress.txt,42.18308333333334,723,686,209
Long run stress.txt,42.26736666666669,707,670,209
Long run stress.txt,42.35171666666671,706,670,209
Long run stress.txt,42.43601666666667,701,670,209
Long run stress.txt,42.52035000000002,702,670,209
Long run stress.txt,42.60466666666671,706,670,209
Long run stress.txt,42.68898333333339,708,662,209
Long run stress.txt,42.773283333333346,703,662,209
Long run stress.txt,42.85760000000003,702,662,209
Long run stress.txt,42.94193333333339,709,662,209
Long run stress.txt,43.026233333333344,714,662,209
Long run stress.txt,43.11175000000003,709,662,209
Long run stress.txt,43.36465000000001,708,662,209
Long run stress.txt,43.70190000000002,711,662,209
Long run stress.txt,43.78618333333337,726,670,209
Long run stress.txt,43.870516666666724,727,670,209
Long run stress.txt,43.95486666666669,726,670,209
Long run stress.txt,44.0391666666667,713,670,209
Long run stress.txt,44.12348333333339,711,670,209
Long run stress.txt,44.20785000000002,706,670,209
Long run stress.txt,44.29218333333338,709,667,209
Long run stress.txt,44.376550000000016,704,667,209
Long run stress.txt,44.46090000000004,709,667,209
Long run stress.txt,44.54525,704,667,209
Long run stress.txt,44.629633333333366,692,659,209
Long run stress.txt,44.713950000000054,706,670,209
Long run stress.txt,44.79830000000002,695,654,209
Long run stress.txt,44.882666666666715,676,639,209
Long run stress.txt,44.966966666666664,681,643,209
Long run stress.txt,45.05131666666669,686,648,209
Long run stress.txt,45.135666666666715,692,648,209
Long run stress.txt,45.22000000000001,693,648,209
Long run stress.txt,45.304350000000035,698,658,209
Long run stress.txt,45.3887,699,658,209
Long run stress.txt,45.55778333333334,699,658,209
Long run stress.txt,45.64326666666669,704,658,209
Long run stress.txt,45.72761666666671,693,658,209
Long run stress.txt,45.896283333333365,698,658,209
Long run stress.txt,46.40220000000002,704,658,209
Long run stress.txt,46.65510000000001,710,658,209
Long run stress.txt,46.992350000000016,704,658,209
Long run stress.txt,47.0766666666667,709,658,209
Long run stress.txt,47.24531666666668,709,658,209
Long run stress.txt,47.58256666666669,703,658,209
Long run stress.txt,47.66688333333338,702,658,209
Long run stress.txt,47.91983333333337,703,658,209
Long run stress.txt,48.00418333333334,701,658,209
Long run stress.txt,48.088500000000025,697,658,209
Long run stress.txt,48.426900000000025,703,658,209
Long run stress.txt,48.51125000000005,698,653,209
Long run stress.txt,48.679850000000016,699,653,209
Long run stress.txt,48.93278333333334,699,653,209
Long run stress.txt,49.18573333333334,701,653,209
Long run stress.txt,49.27006666666669,702,653,209
Long run stress.txt,49.35438333333338,701,653,209
Long run stress.txt,49.438700000000004,700,653,209
Long run stress.txt,49.607366666666714,699,653,209
Long run stress.txt,49.691700000000004,705,653,209
Long run stress.txt,49.77603333333336,705,658,209
Long run stress.txt,49.86035000000005,694,658,209
Long run stress.txt,50.02896666666668,693,658,209
Long run stress.txt,50.61953333333337,693,658,209
Long run stress.txt,51.4637,693,658,209
Long run stress.txt,52.306833333333394,693,658,209
Long run stress.txt,53.14978333333335,693,658,209
Long run stress.txt,53.572400000000016,694,658,209
Long run stress.txt,53.99396666666671,693,658,209
Long run stress.txt,54.836733333333356,693,658,209
Long run stress.txt,55.67996666666671,693,658,209
Long run stress.txt,56.52401666666671,693,658,209
Long run stress.txt,57.36683333333337,693,658,209
Long run stress.txt,58.20961666666668,693,658,209
Long run stress.txt,59.05361666666668,693,658,209
Long run stress.txt,59.89656666666669,693,658,209
Long run stress.txt,60.73981666666671,693,658,209
Long run stress.txt,61.41530000000002,694,658,209
Long run stress.txt,61.49961666666671,693,658,209
Long run stress.txt,61.58390000000006,693,658,209
Long run stress.txt,62.4268,693,658,209
Long run stress.txt,63.269700000000014,693,658,209
Long run stress.txt,63.776583333333356,745,670,209
Long run stress.txt,63.94515000000004,746,670,209
Long run stress.txt,64.02943333333339,745,670,209
Long run stress.txt,64.1136833333334,744,670,209
Long run stress.txt,64.19800000000002,743,670,209
Long run stress.txt,64.28225000000002,741,670,209
Long run stress.txt,64.53515,735,670,209
Long run stress.txt,64.61945000000001,722,629,209
Long run stress.txt,64.70373333333336,692,592,209
Long run stress.txt,64.78805000000006,722,670,209
Long run stress.txt,64.87238333333335,686,646,209
Long run stress.txt,64.95671666666671,686,646,209
Long run stress.txt,65.12535000000001,687,641,209
Long run stress.txt,65.20973333333338,693,641,209
Long run stress.txt,65.71616666666668,692,646,209
Long run stress.txt,65.80048333333337,697,646,209
Long run stress.txt,65.88595000000005,679,644,209
Long run stress.txt,65.97026666666667,690,646,209
Long run stress.txt,66.05460000000002,680,641,209
Long run stress.txt,66.22325000000001,687,646,209
Long run stress.txt,66.30755000000002,692,646,209
Long run stress.txt,66.47621666666667,683,646,209
Long run stress.txt,66.56055000000002,685,646,209
Long run stress.txt,66.64488333333338,683,646,209
Long run stress.txt,66.72925000000002,680,644,209
Long run stress.txt,66.81360000000004,687,641,209
Long run stress.txt,66.89795000000001,677,641,209
Long run stress.txt,66.98226666666669,688,646,209
Long run stress.txt,67.06660000000005,685,631,209
Long run stress.txt,67.15096666666668,679,646,209
Long run stress.txt,67.23530000000004,688,646,209
Long run stress.txt,67.31961666666672,684,646,209
Long run stress.txt,67.40393333333334,695,646,209
Long run stress.txt,67.4882666666667,690,646,209
Long run stress.txt,67.57258333333338,679,646,209
Long run stress.txt,67.65690000000001,693,646,209
Long run stress.txt,67.74125000000004,687,646,209
Long run stress.txt,67.90988333333334,693,646,209
Long run stress.txt,68.07848333333338,703,646,209
Long run stress.txt,68.16281666666667,686,646,209
Long run stress.txt,68.24713333333335,704,646,209
Long run stress.txt,68.33145000000005,693,646,209
Long run stress.txt,68.41691666666672,694,646,209
Long run stress.txt,68.58553333333336,704,646,209
Long run stress.txt,68.75416666666666,698,646,209
Long run stress.txt,69.00711666666672,699,646,209
Long run stress.txt,69.09141666666667,698,646,209
Long run stress.txt,69.1757666666667,698,646,209
Long run stress.txt,69.26011666666673,683,642,209
Long run stress.txt,69.34448333333336,684,642,209
Long run stress.txt,69.42880000000005,688,642,209
Long run stress.txt,69.5130833333334,684,642,209
Long run stress.txt,69.59740000000002,694,642,209
Long run stress.txt,69.76610000000001,683,642,209
Long run stress.txt,69.85045000000004,682,644,209
Long run stress.txt,70.01910000000001,682,641,209
Long run stress.txt,70.10343333333337,685,646,209
Long run stress.txt,70.18778333333339,677,646,209
Long run stress.txt,70.27213333333336,684,636,209
Long run stress.txt,70.52513333333336,685,636,209
Long run stress.txt,70.69381666666668,681,636,209
Long run stress.txt,70.77860000000001,679,636,209
Long run stress.txt,70.86293333333336,684,636,209
Long run stress.txt,71.03270000000005,685,636,209
Long run stress.txt,71.11701666666667,688,636,209
Long run stress.txt,71.20135000000003,689,636,209
Long run stress.txt,71.37001666666669,688,636,209
Long run stress.txt,71.45435000000003,684,636,209
Long run stress.txt,71.53871666666667,689,636,209
Long run stress.txt,71.62305000000002,687,636,209
Long run stress.txt,71.70738333333338,688,636,209
Long run stress.txt,71.87603333333337,693,636,209
Long run stress.txt,71.96038333333338,694,636,209
Long run stress.txt,72.04476666666669,695,636,209
Long run stress.txt,72.12910000000005,697,636,209
Long run stress.txt,72.21346666666668,691,636,209
Long run stress.txt,72.29780000000004,697,636,209
Long run stress.txt,72.55085000000005,695,636,209
Long run stress.txt,72.63516666666668,693,636,209
Long run stress.txt,72.7195166666667,683,636,209
Long run stress.txt,72.80386666666672,695,636,209
Long run stress.txt,72.88823333333336,673,641,209
Long run stress.txt,73.05693333333335,668,630,209
Long run stress.txt,73.14128333333338,669,630,209
Long run stress.txt,73.22565000000002,670,630,209
Long run stress.txt,73.31001666666671,683,630,209
Long run stress.txt,73.39435,676,635,209
Long run stress.txt,73.4798666666667,647,609,209
Long run stress.txt,73.56426666666673,664,622,209
Long run stress.txt,73.64863333333336,663,625,209
Long run stress.txt,73.73301666666673,664,625,209
Long run stress.txt,73.81743333333337,660,625,209
Long run stress.txt,73.90176666666672,597,555,209
Long run stress.txt,73.98618333333337,585,544,209
Long run stress.txt,74.07053333333339,588,544,209
Long run stress.txt,74.15490000000003,600,544,209
Long run stress.txt,74.23925000000006,600,544,209
Long run stress.txt,74.40803333333339,601,544,209
Long run stress.txt,74.49240000000003,602,544,209
Long run stress.txt,74.57676666666673,601,544,209
Long run stress.txt,74.66115000000003,594,544,209
Long run stress.txt,74.7455333333334,584,544,209
Long run stress.txt,74.82993333333337,588,544,209
Long run stress.txt,74.91431666666668,598,544,209
Long run stress.txt,74.99870000000004,591,544,209
Long run stress.txt,75.08308333333335,591,544,209
Long run stress.txt,75.16748333333338,584,544,209
Long run stress.txt,75.25185000000002,594,544,209
Long run stress.txt,75.33626666666672,585,544,209
Long run stress.txt,75.42065000000002,593,544,209
Long run stress.txt,75.58938333333336,589,544,209
Long run stress.txt,75.67375000000006,552,509,209
Long run stress.txt,75.75810000000001,550,509,209
Long run stress.txt,75.84293333333335,580,541,209
Long run stress.txt,75.92731666666671,591,544,209
Long run stress.txt,76.09743333333336,589,544,209
Long run stress.txt,76.18180000000005,591,544,209
Long run stress.txt,76.26616666666669,597,544,209
Long run stress.txt,76.35053333333339,619,544,209
Long run stress.txt,76.43491666666668,603,544,209
Long run stress.txt,76.60366666666668,598,544,209
Long run stress.txt,76.77235,598,544,209
Long run stress.txt,76.94105000000006,603,544,209
Long run stress.txt,77.02538333333335,611,544,209
Long run stress.txt,77.19406666666667,620,544,209
Long run stress.txt,77.61578333333334,620,544,209
Long run stress.txt,77.78450000000005,602,544,209
Long run stress.txt,77.95321666666672,617,555,209
Long run stress.txt,78.03755000000001,622,555,209
Long run stress.txt,78.20625,602,555,209
Long run stress.txt,78.45930000000001,602,555,209
Long run stress.txt,78.5448666666667,603,555,209
Long run stress.txt,78.62926666666668,598,555,209
Long run stress.txt,78.79805000000003,597,555,209
Long run stress.txt,78.88246666666667,585,550,209
Long run stress.txt,78.96678333333335,591,552,209
Long run stress.txt,79.05113333333338,603,555,209
Long run stress.txt,79.13553333333336,597,555,209
Long run stress.txt,79.21986666666672,617,544,209
Long run stress.txt,79.30423333333334,615,555,209
Long run stress.txt,79.38860000000004,630,555,209
Long run stress.txt,79.47293333333333,616,555,209
Long run stress.txt,79.55723333333336,628,555,209
Long run stress.txt,79.64160000000005,622,555,209
Long run stress.txt,79.72598333333335,617,555,209
Long run stress.txt,79.81036666666672,612,555,209
Long run stress.txt,79.89475000000002,617,555,209
Long run stress.txt,79.9791333333334,609,555,209
Long run stress.txt,80.06350000000002,621,555,209
Long run stress.txt,80.14788333333338,621,555,209
Long run stress.txt,80.23225000000002,616,555,209
Long run stress.txt,80.31658333333338,622,555,209
Long run stress.txt,80.40098333333336,620,555,209
Long run stress.txt,80.48535000000005,628,555,209
Long run stress.txt,80.73841666666667,672,555,209
Long run stress.txt,80.82273333333336,646,555,209
Long run stress.txt,80.90753333333335,620,555,209
Long run stress.txt,80.99185000000004,617,555,209
Long run stress.txt,81.07741666666668,613,555,209
Long run stress.txt,81.16175000000003,611,555,209
Long run stress.txt,81.24613333333333,620,555,209
Long run stress.txt,81.3304666666667,617,555,209
Long run stress.txt,81.49915000000001,623,555,209
Long run stress.txt,81.58348333333336,618,555,209
Long run stress.txt,81.66788333333334,610,555,209
Long run stress.txt,81.75223333333336,624,555,209
Long run stress.txt,81.8365833333334,613,555,209
Long run stress.txt,81.92093333333335,629,555,209
Long run stress.txt,82.00525000000003,630,555,209
Long run stress.txt,82.0896,619,555,209
Long run stress.txt,82.17391666666668,626,555,209
Long run stress.txt,82.25826666666671,622,555,209
Long run stress.txt,82.34281666666672,615,555,209
Long run stress.txt,82.42718333333336,617,555,209
Long run stress.txt,82.51153333333338,613,555,209
Long run stress.txt,82.59598333333336,593,523,209
Long run stress.txt,82.68038333333334,567,523,209
Long run stress.txt,82.76480000000005,556,523,209
Long run stress.txt,82.84916666666668,580,523,209
Long run stress.txt,82.93358333333339,563,523,209
Long run stress.txt,83.01795000000001,550,512,209
Long run stress.txt,83.10228333333338,540,501,209
Long run stress.txt,83.18666666666668,557,512,209
Long run stress.txt,83.3554,552,512,209
Long run stress.txt,83.43978333333338,557,512,209
Long run stress.txt,83.52420000000002,563,518,209
Long run stress.txt,83.60975000000005,568,518,209
Long run stress.txt,83.77858333333333,563,518,209
Long run stress.txt,83.86296666666671,549,512,209
Long run stress.txt,83.94736666666668,550,512,209
Long run stress.txt,84.03175000000005,547,512,209
Long run stress.txt,84.11615000000002,549,509,209
Long run stress.txt,84.20055000000005,548,515,209
Long run stress.txt,84.28493333333336,542,509,209
Long run stress.txt,84.36933333333339,549,515,209
Long run stress.txt,84.45376666666671,543,508,209
Long run stress.txt,84.53818333333335,539,504,209
Long run stress.txt,84.70700000000004,547,512,209
Long run stress.txt,84.79138333333334,556,515,209
Long run stress.txt,84.87580000000004,548,510,209
Long run stress.txt,84.96018333333335,540,501,209
Long run stress.txt,85.04458333333338,551,507,209
Long run stress.txt,85.21335000000005,555,507,209
Long run stress.txt,85.2977666666667,556,507,209
Long run stress.txt,85.38215,565,507,209
Long run stress.txt,85.46656666666671,569,507,209
Long run stress.txt,85.55096666666668,570,507,209
Long run stress.txt,85.63540000000006,553,507,209
Long run stress.txt,85.7198166666667,564,507,209
Long run stress.txt,85.8885666666667,560,507,209
Long run stress.txt,85.97336666666669,580,523,209
Long run stress.txt,86.05775,573,523,209
Long run stress.txt,86.14326666666669,574,523,209
Long run stress.txt,86.2277,570,523,209
Long run stress.txt,86.31205000000003,580,523,209
Long run stress.txt,86.9024,581,523,209
Long run stress.txt,86.98680000000004,577,523,209
Long run stress.txt,87.07123333333335,544,501,209
Long run stress.txt,87.15560000000005,549,501,209
Long run stress.txt,87.24005000000004,544,501,209
Long run stress.txt,87.32441666666666,539,499,209
Long run stress.txt,87.40883333333338,536,493,209
Long run stress.txt,87.49323333333335,538,493,209
Long run stress.txt,87.57758333333338,539,493,209
Long run stress.txt,87.66203333333335,533,493,209
Long run stress.txt,87.74650000000001,532,493,209
Long run stress.txt,87.83091666666672,542,493,209
Long run stress.txt,87.9153166666667,523,485,209
Long run stress.txt,87.99971666666667,545,493,209
Long run stress.txt,88.08413333333337,528,482,209
Long run stress.txt,88.16856666666669,532,488,209
Long run stress.txt,88.253,536,488,209
Long run stress.txt,88.33746666666671,542,493,209
Long run stress.txt,88.4218666666667,533,493,209
Long run stress.txt,88.50626666666668,546,493,209
Long run stress.txt,88.59061666666669,543,493,209
Long run stress.txt,88.67628333333336,544,493,209
Long run stress.txt,88.76070000000006,546,493,209
Long run stress.txt,88.8450666666667,554,493,209
Long run stress.txt,89.01383333333337,548,493,209
Long run stress.txt,89.09825000000001,543,493,209
Long run stress.txt,89.26701666666668,564,515,209
Long run stress.txt,89.43575000000001,564,515,209
Long run stress.txt,89.52013333333338,570,515,209
Long run stress.txt,89.77318333333339,572,515,209
Long run stress.txt,89.8575666666667,569,523,209
Long run stress.txt,89.94195000000006,575,523,209
Long run stress.txt,90.0263666666667,542,504,209
Long run stress.txt,90.11080000000001,545,499,209
Long run stress.txt,90.19520000000006,551,499,209
Long run stress.txt,90.27960000000003,562,520,209
Long run stress.txt,90.36403333333334,545,504,209
Long run stress.txt,90.44838333333337,548,504,209
Long run stress.txt,90.61713333333337,550,504,209
Long run stress.txt,90.70158333333335,537,496,209
Long run stress.txt,90.78600000000006,556,515,209
Long run stress.txt,90.87038333333336,562,520,209
Long run stress.txt,90.95478333333334,555,509,209
Long run stress.txt,91.12408333333339,549,509,209
Long run stress.txt,91.20971666666671,551,515,209
Long run stress.txt,91.29411666666668,555,509,209
Long run stress.txt,91.54725000000005,568,509,209
Long run stress.txt,91.63161666666669,577,509,209
Long run stress.txt,91.71600000000005,567,509,209
Long run stress.txt,91.80040000000002,566,509,209
Long run stress.txt,91.9691666666667,566,509,209
Long run stress.txt,92.13793333333336,565,509,209
Long run stress.txt,92.22231666666673,570,509,209
Long run stress.txt,92.39106666666673,573,509,209
Long run stress.txt,92.64418333333336,572,509,209
Long run stress.txt,92.8129666666667,572,509,209
Long run stress.txt,92.89733333333334,569,509,209
Long run stress.txt,93.06608333333334,564,509,209
Long run stress.txt,93.15045000000003,572,509,209
Long run stress.txt,93.23478333333338,568,509,209
Long run stress.txt,93.31918333333336,572,509,209
Long run stress.txt,93.48785000000001,573,509,209
Long run stress.txt,93.57223333333337,569,509,209
Long run stress.txt,93.65663333333335,569,509,209
Long run stress.txt,93.74221666666672,570,509,209
Long run stress.txt,93.8266166666667,567,509,209
Long run stress.txt,94.07971666666671,568,509,209
Long run stress.txt,94.16408333333335,569,509,209
Long run stress.txt,94.24841666666671,561,509,209
Long run stress.txt,94.33276666666667,598,523,209
Long run stress.txt,94.4171666666667,589,523,209
Long run stress.txt,94.50153333333334,588,523,209
Long run stress.txt,94.58590000000004,587,523,209
Long run stress.txt,94.6702333333334,586,523,209
Long run stress.txt,94.75458333333336,584,523,209
Long run stress.txt,95.00765000000004,582,523,209
Long run stress.txt,95.09201666666668,564,471,209
Long run stress.txt,95.17635000000003,556,471,209
Long run stress.txt,95.26068333333339,570,515,209
Long run stress.txt,95.34508333333336,541,504,209
Long run stress.txt,95.42956666666669,542,504,209
Long run stress.txt,95.68266666666672,554,515,209
Long run stress.txt,95.93576666666668,556,515,209
Long run stress.txt,96.02015000000004,550,515,209
Long run stress.txt,96.10496666666671,551,515,209
Long run stress.txt,96.18936666666669,504,476,209
Long run stress.txt,96.27505000000001,466,435,209
Long run stress.txt,96.35951666666672,470,429,209
Long run stress.txt,96.52835000000002,483,429,209
Long run stress.txt,96.61281666666667,476,429,209
Long run stress.txt,96.6972166666667,449,413,209
Long run stress.txt,96.78163333333335,504,413,209
Long run stress.txt,96.86598333333338,487,413,209
Long run stress.txt,96.95035000000001,465,413,209
Long run stress.txt,97.03476666666671,461,413,209
Long run stress.txt,97.11915000000002,444,413,209
Long run stress.txt,97.20356666666673,480,413,209
Long run stress.txt,97.28793333333336,481,413,209
Long run stress.txt,97.37235000000001,478,413,209
Long run stress.txt,97.45670000000003,480,413,209
Long run stress.txt,97.54105000000006,481,413,209
Long run stress.txt,97.6254166666667,490,413,209
Long run stress.txt,97.70983333333334,478,413,209
Long run stress.txt,97.79418333333336,486,413,209
Long run stress.txt,97.87865000000002,483,413,209
Long run stress.txt,97.96300000000004,508,413,209
Long run stress.txt,98.04741666666669,499,413,209
Long run stress.txt,98.1317666666667,495,413,209
Long run stress.txt,98.21611666666668,496,413,209
Long run stress.txt,98.30048333333337,498,413,209
Long run stress.txt,98.38488333333335,491,413,209
Long run stress.txt,98.46923333333338,499,413,209
Long run stress.txt,98.55361666666674,500,413,209
Long run stress.txt,98.63798333333337,493,413,209
Long run stress.txt,98.72241666666669,501,413,209
Long run stress.txt,98.80800000000005,494,413,209
Long run stress.txt,98.89233333333335,489,413,209
Long run stress.txt,98.97671666666672,483,413,209
Long run stress.txt,99.14543333333337,484,413,209
Long run stress.txt,99.22976666666666,478,413,209
Long run stress.txt,99.56715000000004,473,413,209
Long run stress.txt,99.65158333333335,486,413,209
Long run stress.txt,99.82033333333335,489,413,209
Long run stress.txt,99.90473333333333,478,413,209
Long run stress.txt,100.24216666666665,502,413,209
Long run stress.txt,100.32656666666675,478,413,209
Long run stress.txt,100.41091666666665,478,413,209
Long run stress.txt,100.57971666666671,447,397,209
Long run stress.txt,100.66418333333337,473,413,209
Long run stress.txt,100.7485333333334,481,413,209
Long run stress.txt,100.83290000000004,477,413,209
Long run stress.txt,100.9172833333334,483,413,209
Long run stress.txt,101.00169999999999,468,413,209
Long run stress.txt,101.08610000000007,469,413,209
Long run stress.txt,101.1709666666667,477,413,209
Long run stress.txt,101.25531666666672,480,413,209
Long run stress.txt,101.34086666666674,481,413,209
Long run stress.txt,101.4253333333334,394,356,209
Long run stress.txt,101.50971666666665,477,413,209
Long run stress.txt,101.59410000000001,479,413,209
Long run stress.txt,101.7629166666667,460,413,209
Long run stress.txt,101.84730000000006,461,413,209
Long run stress.txt,101.93170000000003,465,413,209
Long run stress.txt,102.01611666666673,472,413,209
Long run stress.txt,102.1005166666667,460,413,209
Long run stress.txt,102.18493333333342,443,410,209
Long run stress.txt,102.26936666666673,453,413,209
Long run stress.txt,102.35378333333331,461,413,209
Long run stress.txt,102.43816666666667,453,413,209
Long run stress.txt,102.52253333333331,461,413,209
Long run stress.txt,102.60693333333342,467,413,209
Long run stress.txt,102.69135,472,413,209
Long run stress.txt,102.7757666666667,467,413,209
Long run stress.txt,102.86016666666667,468,413,209
Long run stress.txt,102.94453333333331,464,413,209
Long run stress.txt,103.02895000000002,454,408,209
Long run stress.txt,103.11335,469,408,209
Long run stress.txt,103.19771666666675,472,413,209
Long run stress.txt,103.28213333333333,476,413,209
Long run stress.txt,103.45090000000006,477,413,209
Long run stress.txt,103.53531666666665,483,413,209
Long run stress.txt,103.70405000000004,482,413,209
Long run stress.txt,103.78846666666674,467,413,209
Long run stress.txt,103.87408333333333,477,413,209
Long run stress.txt,103.95850000000003,471,413,209
Long run stress.txt,104.04293333333335,473,413,209
Long run stress.txt,104.12729999999998,467,413,209
Long run stress.txt,104.21173333333341,471,413,209
Long run stress.txt,104.29611666666666,462,413,209
Long run stress.txt,104.46493333333335,464,413,209
Long run stress.txt,104.54936666666666,455,413,209
Long run stress.txt,104.63375000000002,454,413,209
Long run stress.txt,104.71820000000007,460,413,209
Long run stress.txt,104.88693333333335,458,413,209
Long run stress.txt,105.05573333333341,454,413,209
Long run stress.txt,105.14013333333338,456,413,209
Long run stress.txt,105.2245500000001,455,413,209
Long run stress.txt,105.30895000000007,459,413,209
Long run stress.txt,105.47768333333333,458,413,209
Long run stress.txt,105.73086666666664,459,413,209
Long run stress.txt,105.81530000000008,454,408,209
Long run stress.txt,105.89970000000007,448,399,209
Long run stress.txt,105.98411666666665,461,413,209
Long run stress.txt,106.06850000000001,455,408,209
Long run stress.txt,106.32211666666674,454,408,209
Long run stress.txt,106.40768333333338,455,408,209
Long run stress.txt,106.57645,461,408,209
Long run stress.txt,106.66086666666669,459,402,209
Long run stress.txt,106.74523333333333,454,408,209
Long run stress.txt,106.82966666666665,448,405,209
Long run stress.txt,106.99841666666664,444,388,209
Long run stress.txt,107.0828,447,408,209
Long run stress.txt,107.16726666666666,446,402,209
Long run stress.txt,107.25168333333338,447,405,209
Long run stress.txt,107.33608333333335,449,405,209
Long run stress.txt,107.42048333333332,450,408,209
Long run stress.txt,107.50486666666669,456,408,209
Long run stress.txt,107.58931666666673,437,402,209
Long run stress.txt,107.67365000000002,438,402,209
Long run stress.txt,107.84248333333332,437,402,209
Long run stress.txt,107.92683333333335,440,402,209
Long run stress.txt,108.01123333333332,455,402,209
Long run stress.txt,108.09558333333334,471,402,209
Long run stress.txt,108.17994999999998,473,402,209
Long run stress.txt,108.34865000000003,479,402,209
Long run stress.txt,108.4330333333334,474,402,209
Long run stress.txt,108.51738333333341,468,402,209
Long run stress.txt,108.85491666666664,474,402,209
Long run stress.txt,109.10931666666669,467,413,209
Long run stress.txt,109.19370000000005,469,413,209
Long run stress.txt,109.27811666666676,480,413,209
Long run stress.txt,109.36246666666666,472,413,209
Long run stress.txt,109.44686666666675,458,402,209
Long run stress.txt,109.53125,462,413,209
Long run stress.txt,109.61563333333336,468,413,209
Long run stress.txt,109.70003333333334,468,413,209
Long run stress.txt,109.78443333333331,470,413,209
Long run stress.txt,109.86885000000002,467,413,209
Long run stress.txt,109.95321666666665,470,413,209
Long run stress.txt,110.03764999999997,459,413,209
Long run stress.txt,110.12203333333333,470,413,209
Long run stress.txt,110.20643333333331,468,413,209
Long run stress.txt,110.29074999999999,467,413,209
Long run stress.txt,110.45948333333338,474,413,209
Long run stress.txt,110.54388333333335,474,413,209
Long run stress.txt,110.62826666666673,468,413,209
Long run stress.txt,110.7126666666667,471,413,209
Long run stress.txt,110.79710000000001,464,413,209
Long run stress.txt,110.88163333333335,469,413,209
Long run stress.txt,110.96603333333333,476,413,209
Long run stress.txt,111.13483333333339,471,413,209
Long run stress.txt,111.21924999999997,472,413,209
Long run stress.txt,111.30406666666664,474,413,209
Long run stress.txt,111.38871666666674,464,413,209
Long run stress.txt,111.4745500000001,471,413,209
Long run stress.txt,111.72770000000007,474,408,209
Long run stress.txt,111.81210000000004,473,413,209
Long run stress.txt,111.98086666666664,469,413,209
Long run stress.txt,112.06520000000006,473,413,209
Long run stress.txt,112.14958333333331,478,413,209
Long run stress.txt,112.2339833333334,457,413,209
Long run stress.txt,112.31836666666665,473,413,209
Long run stress.txt,112.40275000000001,459,413,209
Long run stress.txt,112.48716666666672,472,413,209
Long run stress.txt,112.5715666666667,465,413,209
Long run stress.txt,112.65593333333332,466,413,209
Long run stress.txt,112.82475000000001,478,413,209
Long run stress.txt,112.90916666666672,460,413,209
Long run stress.txt,112.9935666666667,476,413,209
Long run stress.txt,113.07801666666674,469,413,209
Long run stress.txt,113.24680000000008,471,413,209
Long run stress.txt,113.33121666666666,460,413,209
Long run stress.txt,113.41563333333336,461,413,209
Long run stress.txt,113.50005000000007,452,413,209
Long run stress.txt,113.58448333333338,461,413,209
Long run stress.txt,113.66889999999997,455,413,209
Long run stress.txt,113.75330000000007,456,413,209
Long run stress.txt,113.9220833333334,454,413,209
Long run stress.txt,114.00768333333339,458,413,209
Long run stress.txt,114.09208333333336,457,413,209
Long run stress.txt,114.17648333333334,451,413,209
Long run stress.txt,114.3452833333334,454,413,209
Long run stress.txt,114.5140333333334,455,413,209
Long run stress.txt,114.68283333333335,456,413,209
Long run stress.txt,114.76725000000006,454,408,209
Long run stress.txt,114.85166666666665,456,413,209
Long run stress.txt,114.93610000000008,451,410,209
Long run stress.txt,115.02051666666667,449,410,209
Long run stress.txt,115.10494999999997,445,408,209
Long run stress.txt,115.18935000000008,448,408,209
Long run stress.txt,115.27376666666666,456,413,209
Long run stress.txt,115.35819999999997,460,413,209
Long run stress.txt,115.44258333333333,468,413,209
Long run stress.txt,115.52698333333332,471,413,209
Long run stress.txt,115.61141666666676,470,413,209
Long run stress.txt,115.69579999999999,473,413,209
Long run stress.txt,115.86460000000007,472,413,209
Long run stress.txt,116.03335000000007,473,413,209
Long run stress.txt,116.11775000000004,474,413,209
Long run stress.txt,116.28651666666664,467,413,209
Long run stress.txt,116.45575000000002,454,413,209
Long run stress.txt,116.54133333333338,455,413,209
Long run stress.txt,116.62578333333332,452,413,209
Long run stress.txt,116.71020000000001,453,413,209
Long run stress.txt,116.79458333333338,452,413,209
Long run stress.txt,116.87903333333331,455,413,209
Long run stress.txt,116.9634333333334,456,413,209
Long run stress.txt,117.04786666666672,455,413,209
Long run stress.txt,117.13228333333342,449,408,209
Long run stress.txt,117.2167,463,413,209
Long run stress.txt,117.30115000000005,468,413,209
Long run stress.txt,117.38556666666663,456,410,209
Long run stress.txt,117.47000000000007,460,413,209
Long run stress.txt,117.55443333333339,472,413,209
Long run stress.txt,117.63884999999998,464,413,209
Long run stress.txt,117.72323333333334,471,413,209
Long run stress.txt,117.8076166666667,468,413,209
Long run stress.txt,117.89206666666675,462,410,209
Long run stress.txt,117.97648333333333,467,413,209
Long run stress.txt,118.06090000000003,462,413,209
Long run stress.txt,118.14528333333341,485,413,209
Long run stress.txt,118.2297,475,413,209
Long run stress.txt,118.3985333333334,465,413,209
Long run stress.txt,118.48294999999999,464,413,209
Long run stress.txt,118.6517833333334,465,413,209
Long run stress.txt,118.73619999999998,459,408,209
Long run stress.txt,118.82061666666668,455,405,209
Long run stress.txt,118.98936666666668,455,405,209
Long run stress.txt,119.075,450,405,209
Long run stress.txt,119.32813333333337,456,413,209
Long run stress.txt,119.41256666666668,445,405,209
Long run stress.txt,119.49698333333339,460,413,209
Long run stress.txt,119.66580000000006,452,408,209
Long run stress.txt,119.75011666666676,460,413,209
Long run stress.txt,119.83453333333334,460,413,209
Long run stress.txt,119.91898333333339,448,405,209
Long run stress.txt,120.00340000000008,454,410,209
Long run stress.txt,120.08776666666672,460,413,209
Long run stress.txt,120.25665000000008,459,413,209
Long run stress.txt,120.42546666666664,455,413,209
Long run stress.txt,120.59423333333338,454,410,209
Long run stress.txt,120.67866666666669,455,410,209
Long run stress.txt,120.7630833333334,449,402,209
Long run stress.txt,120.84753333333332,460,400,209
Long run stress.txt,121.01628333333332,455,400,209
Long run stress.txt,121.52316666666665,455,400,209
Long run stress.txt,121.60876666666675,445,395,209
Long run stress.txt,121.77763333333338,446,395,209
Long run stress.txt,122.03076666666675,458,400,209
Long run stress.txt,122.11518333333333,456,400,209
Long run stress.txt,122.19960000000005,457,400,209
Long run stress.txt,122.36838333333338,456,400,209
Long run stress.txt,122.4527333333334,467,413,209
Long run stress.txt,122.53711666666665,462,413,209
Long run stress.txt,122.62151666666675,456,402,209
Long run stress.txt,122.87471666666667,457,402,209
Long run stress.txt,122.95913333333337,450,402,209
Long run stress.txt,123.04353333333334,455,402,209
Long run stress.txt,123.21238333333336,455,402,209
Long run stress.txt,123.29680000000008,449,402,209
Long run stress.txt,123.46568333333332,444,397,209
Long run stress.txt,123.55014999999997,433,394,209
Long run stress.txt,123.63460000000002,455,402,209
Long run stress.txt,123.71906666666668,450,402,209
Long run stress.txt,123.80353333333332,443,402,209
Long run stress.txt,123.88795000000003,462,402,209
Long run stress.txt,123.97235,463,402,209
Long run stress.txt,124.05676666666672,456,402,209
Long run stress.txt,124.14240000000002,459,402,209
Long run stress.txt,124.22681666666674,461,402,209
Long run stress.txt,124.31126666666665,462,402,209
Long run stress.txt,124.39568333333337,457,402,209
Long run stress.txt,124.48013333333341,464,402,209
Long run stress.txt,124.56455,458,402,209
Long run stress.txt,124.6489666666667,465,402,209
Long run stress.txt,124.7333833333334,459,402,209
Long run stress.txt,124.81775000000003,494,413,209
Long run stress.txt,124.90218333333335,496,413,209
Long run stress.txt,124.98656666666672,484,413,209
Long run stress.txt,125.07091666666675,477,413,209
Long run stress.txt,125.15529999999998,476,413,209
Long run stress.txt,125.23966666666675,475,413,209
Long run stress.txt,125.40840000000001,474,413,209
Long run stress.txt,125.66154999999999,471,406,209
Long run stress.txt,125.7459833333333,454,378,209
Long run stress.txt,125.83035000000005,429,354,209
Long run stress.txt,125.91475000000004,407,317,209
Long run stress.txt,125.99920000000007,459,389,209
Long run stress.txt,126.08361666666666,438,389,209
Long run stress.txt,126.16803333333337,443,389,209
Long run stress.txt,126.25245000000008,448,389,209
Long run stress.txt,126.42123333333342,449,389,209
Long run stress.txt,126.5905,443,389,209
Long run stress.txt,126.76056666666663,445,389,209
Long run stress.txt,126.84496666666674,446,389,209
Long run stress.txt,126.92938333333332,442,389,209
Long run stress.txt,127.01383333333337,429,386,209
Long run stress.txt,127.09825000000006,430,389,209
Long run stress.txt,127.18266666666665,427,389,209
Long run stress.txt,127.2671166666667,417,375,209
Long run stress.txt,127.35151666666667,433,389,209
Long run stress.txt,127.43594999999999,425,386,209
Long run stress.txt,127.52041666666665,419,376,209
Long run stress.txt,127.60483333333335,424,386,209
Long run stress.txt,127.68926666666667,442,389,209
Long run stress.txt,127.77371666666672,424,384,209
Long run stress.txt,127.85818333333336,429,378,209
Long run stress.txt,127.9426333333334,430,384,209
Long run stress.txt,128.02701666666664,425,376,209
Long run stress.txt,128.11141666666674,438,384,209
Long run stress.txt,128.19581666666673,439,384,209
Long run stress.txt,128.28025000000005,439,384,209
Long run stress.txt,128.4490666666667,445,384,209
Long run stress.txt,128.61790000000002,433,384,209
Long run stress.txt,128.70235000000005,439,384,209
Long run stress.txt,128.78678333333337,429,384,209
Long run stress.txt,128.8712333333334,420,378,209
Long run stress.txt,128.95566666666673,422,378,209
Long run stress.txt,129.04011666666665,433,378,209
Long run stress.txt,129.1245666666667,427,378,209
Long run stress.txt,129.29466666666667,429,378,209
Long run stress.txt,129.37908333333337,427,378,209
Long run stress.txt,129.4635166666667,422,378,209
Long run stress.txt,129.6323833333333,428,378,209
Long run stress.txt,129.71684999999997,423,378,209
Long run stress.txt,129.80121666666673,427,378,209
Long run stress.txt,129.88559999999998,422,378,209
Long run stress.txt,129.97000000000008,425,378,209
Long run stress.txt,130.05445,430,378,209
Long run stress.txt,130.22325000000006,446,378,209
Long run stress.txt,130.3076833333334,433,378,209
Long run stress.txt,130.39216666666664,417,373,209
Long run stress.txt,130.4766166666667,422,373,209
Long run stress.txt,130.56105,413,367,209
Long run stress.txt,130.64548333333332,421,365,209
Long run stress.txt,130.72991666666664,406,365,209
Long run stress.txt,130.81435000000008,409,365,209
Long run stress.txt,130.8987833333334,419,367,209
Long run stress.txt,130.98313333333343,421,367,209
Long run stress.txt,131.06758333333335,411,367,209
Long run stress.txt,131.1519833333333,420,367,209
Long run stress.txt,131.3207833333334,421,367,209
Long run stress.txt,131.48965,399,363,209
Long run stress.txt,131.5744833333334,415,365,209
Long run stress.txt,131.65886666666665,417,367,209
Long run stress.txt,131.74446666666674,425,367,209
Long run stress.txt,131.82886666666673,421,367,209
Long run stress.txt,131.91331666666665,420,367,209
Long run stress.txt,131.99771666666675,419,367,209
Long run stress.txt,132.08216666666667,422,367,209
Long run stress.txt,132.16661666666673,433,367,209
Long run stress.txt,132.33540000000005,421,367,209
Long run stress.txt,132.41981666666663,429,367,209
Long run stress.txt,132.50421666666674,414,367,209
Long run stress.txt,132.58865000000006,421,367,209
Long run stress.txt,132.67311666666671,418,367,209
Long run stress.txt,132.7575333333334,429,367,209
Long run stress.txt,132.84198333333333,420,367,209
Long run stress.txt,132.92640000000003,428,367,209
Long run stress.txt,133.01081666666676,429,367,209
Long run stress.txt,133.09523333333334,370,324,209
Long run stress.txt,133.17965000000004,416,324,209
Long run stress.txt,133.3485333333334,382,324,209
Long run stress.txt,133.43300000000005,412,359,209
Long run stress.txt,133.5174666666667,411,362,209
Long run stress.txt,133.77076666666665,419,362,209
Long run stress.txt,133.8552333333333,410,362,209
Long run stress.txt,133.93968333333336,415,362,209
Long run stress.txt,134.02408333333332,429,362,209
Long run stress.txt,134.10854999999998,434,362,209
Long run stress.txt,134.19301666666664,430,362,209
Long run stress.txt,134.27870000000001,435,362,209
Long run stress.txt,134.36311666666674,433,362,209
Long run stress.txt,134.53195000000002,432,362,209
Long run stress.txt,134.61640000000006,434,362,209
Long run stress.txt,134.70083333333338,445,362,209
Long run stress.txt,134.78525000000008,444,362,209
Long run stress.txt,134.8696833333334,436,362,209
Long run stress.txt,134.95409999999998,438,362,209
Long run stress.txt,135.03853333333342,436,362,209
Long run stress.txt,135.20741666666666,424,386,209
Long run stress.txt,135.29186666666672,422,382,209
Long run stress.txt,135.37634999999997,432,382,209
Long run stress.txt,135.4608,429,382,209
Long run stress.txt,135.62969999999999,432,382,209
Long run stress.txt,135.71415000000005,430,377,209
Long run stress.txt,135.79858333333334,437,382,209
Long run stress.txt,135.88305,434,377,209
Long run stress.txt,135.9674666666667,436,377,209
Long run stress.txt,136.05186666666668,447,377,209
Long run stress.txt,136.13633333333334,442,382,209
Long run stress.txt,136.2207333333333,437,382,209
Long run stress.txt,136.30516666666674,431,382,209
Long run stress.txt,136.47403333333338,436,382,209
Long run stress.txt,136.55845000000008,425,377,209
Long run stress.txt,136.64328333333336,436,382,209
Long run stress.txt,136.72771666666668,425,382,209
Long run stress.txt,136.81334999999999,431,382,209
Long run stress.txt,136.8977833333333,434,372,209
Long run stress.txt,136.98216666666667,441,382,209
Long run stress.txt,137.0666,431,377,209
Long run stress.txt,137.1510166666667,436,377,209
Long run stress.txt,137.2354333333334,442,377,209
Long run stress.txt,137.31984999999997,448,382,209
Long run stress.txt,137.40430000000003,436,380,209
Long run stress.txt,137.48875000000007,429,377,209
Long run stress.txt,137.5731833333334,444,382,209
Long run stress.txt,137.65758333333335,431,382,209
Long run stress.txt,137.9108666666667,436,382,209
Long run stress.txt,137.99533333333335,423,382,209
Long run stress.txt,138.07973333333334,424,382,209
Long run stress.txt,138.2486166666667,419,380,209
Long run stress.txt,138.33318333333335,425,377,209
Long run stress.txt,138.41761666666667,426,377,209
Long run stress.txt,138.50203333333337,371,328,209
Long run stress.txt,138.58643333333336,415,328,209
Long run stress.txt,138.67091666666676,405,328,209
Long run stress.txt,138.83975000000004,410,328,209
Long run stress.txt,139.09304999999998,420,372,209
Long run stress.txt,139.17753333333337,412,355,209
Long run stress.txt,139.26193333333333,419,372,209
Long run stress.txt,139.3476,408,366,209
Long run stress.txt,139.43203333333332,418,363,209
Long run stress.txt,139.5165166666667,407,363,209
Long run stress.txt,139.60093333333342,413,363,209
Long run stress.txt,139.68538333333333,418,363,209
Long run stress.txt,139.76985,405,363,209
Long run stress.txt,139.85430000000002,410,363,209
Long run stress.txt,139.9386833333334,412,363,209
Long run stress.txt,140.02306666666664,408,363,209
Long run stress.txt,140.10748333333333,414,363,209
Long run stress.txt,140.27631666666676,413,363,209
Long run stress.txt,140.36073333333334,414,363,209
Long run stress.txt,140.44515000000004,398,358,209
Long run stress.txt,140.52955000000003,399,352,209
Long run stress.txt,140.61398333333332,409,363,209
Long run stress.txt,140.69844999999998,408,363,209
Long run stress.txt,140.78288333333342,412,358,209
Long run stress.txt,140.86731666666674,417,358,209
Long run stress.txt,140.95176666666666,417,358,209
Long run stress.txt,141.03616666666665,408,358,209
Long run stress.txt,141.20503333333338,409,358,209
Long run stress.txt,141.37383333333335,410,358,209
Long run stress.txt,141.45825000000005,411,358,209
Long run stress.txt,141.54266666666675,410,358,209
Long run stress.txt,141.7965,409,358,209
Long run stress.txt,141.88221666666675,407,358,209
Long run stress.txt,141.9666833333334,412,358,209
Long run stress.txt,142.05116666666666,413,358,209
Long run stress.txt,142.13561666666672,414,358,209
Long run stress.txt,142.22008333333335,410,358,209
Long run stress.txt,142.30448333333334,402,358,209
Long run stress.txt,142.47341666666665,409,358,209
Long run stress.txt,142.55786666666668,420,358,209
Long run stress.txt,142.6423,413,358,209
Long run stress.txt,142.7267833333334,410,358,209
Long run stress.txt,142.81118333333336,390,331,209
Long run stress.txt,142.89563333333342,421,366,209
Long run stress.txt,142.98010000000008,426,366,209
Long run stress.txt,143.06453333333337,423,366,209
Long run stress.txt,143.31786666666667,416,366,209
Long run stress.txt,143.40226666666663,427,366,209
Long run stress.txt,143.48670000000007,428,366,209
Long run stress.txt,143.5711333333334,430,366,209
Long run stress.txt,143.7400833333333,409,363,209
Long run stress.txt,143.82450000000003,422,366,209
Long run stress.txt,143.90895000000006,423,366,209
Long run stress.txt,144.0778333333333,428,366,209
Long run stress.txt,144.33113333333338,428,366,209
Long run stress.txt,144.4167666666667,436,366,209
Long run stress.txt,144.58558333333337,435,366,209
Long run stress.txt,144.67005000000003,419,366,209
Long run stress.txt,144.83891666666665,424,366,209
Long run stress.txt,144.92335000000008,420,366,209
Long run stress.txt,145.17665000000002,421,366,209
Long run stress.txt,145.51435000000006,418,366,209
Long run stress.txt,145.5987833333334,419,366,209
Long run stress.txt,145.68325000000004,420,366,209
Long run stress.txt,145.9365333333334,414,366,209
Long run stress.txt,146.02100000000004,419,366,209
Long run stress.txt,146.18985000000006,418,366,209
Long run stress.txt,146.35871666666668,419,366,209
Long run stress.txt,146.52750000000003,420,366,209
Long run stress.txt,146.61193333333333,421,366,209
Long run stress.txt,146.7812333333334,413,366,209
Long run stress.txt,146.86570000000003,420,366,209
Long run stress.txt,146.95131666666674,419,366,209
Long run stress.txt,147.20456666666675,424,366,209
Long run stress.txt,147.2890333333334,425,366,209
Long run stress.txt,147.37343333333337,420,366,209
Long run stress.txt,147.45788333333343,417,366,209
Long run stress.txt,147.62669999999997,368,325,209
Long run stress.txt,147.7111333333334,417,366,209
Long run stress.txt,147.79556666666673,418,366,209
Long run stress.txt,147.88000000000005,417,366,209
Long run stress.txt,147.9644,415,366,209
Long run stress.txt,148.04883333333333,414,366,209
Long run stress.txt,148.21766666666676,413,361,209
Long run stress.txt,148.47081666666674,407,343,209
Long run stress.txt,148.55526666666665,385,302,209
Long run stress.txt,148.63966666666676,376,302,209
Long run stress.txt,148.72411666666667,392,342,209
Long run stress.txt,148.97733333333332,394,342,209
Long run stress.txt,149.06175000000002,393,342,209
Long run stress.txt,149.2305666666667,394,342,209
Long run stress.txt,149.39941666666672,394,342,209
Long run stress.txt,149.4850166666667,396,342,209
Long run stress.txt,149.56946666666676,401,342,209
Long run stress.txt,149.65390000000008,395,342,209
Long run stress.txt,149.73831666666666,400,342,209
Long run stress.txt,149.82280000000003,409,342,209
Long run stress.txt,149.90721666666676,399,342,209
Long run stress.txt,149.99168333333338,405,342,209
Long run stress.txt,150.07605000000004,410,342,209
Long run stress.txt,150.16050000000007,407,342,209
Long run stress.txt,150.24495,411,342,209
Long run stress.txt,150.32940000000005,410,342,209
Long run stress.txt,150.41381666666675,416,342,209
Long run stress.txt,150.49826666666667,410,342,209
Long run stress.txt,150.5827,412,342,209
Long run stress.txt,150.75155,400,342,209
Long run stress.txt,150.8359666666667,407,342,209
Long run stress.txt,151.00481666666673,400,342,209
Long run stress.txt,151.0892333333333,408,342,209
Long run stress.txt,151.17368333333337,388,342,209
Long run stress.txt,151.25808333333333,408,342,209
Long run stress.txt,151.34250000000006,392,342,209
Long run stress.txt,151.42693333333335,399,342,209
Long run stress.txt,151.59576666666666,400,342,209
Long run stress.txt,151.68016666666674,398,342,209
Long run stress.txt,151.76456666666672,394,342,209
Long run stress.txt,151.8494,399,342,209
Long run stress.txt,151.93383333333333,394,342,209
Long run stress.txt,152.10390000000007,404,342,209
Long run stress.txt,152.18831666666665,408,342,209
Long run stress.txt,152.27271666666675,396,342,209
Long run stress.txt,152.35715000000008,414,342,209
Long run stress.txt,152.5259333333334,409,342,209
Long run stress.txt,152.69471666666675,404,342,209
Long run stress.txt,152.7791,404,342,209
Long run stress.txt,152.94798333333335,403,342,209
Long run stress.txt,153.11681666666664,402,342,209
Long run stress.txt,153.20125000000007,403,342,209
Long run stress.txt,153.28565000000006,409,342,209
Long run stress.txt,153.45450000000008,410,342,209
Long run stress.txt,153.6233500000001,409,342,209
Long run stress.txt,153.79218333333338,413,342,209
Long run stress.txt,153.87665000000004,402,342,209
Long run stress.txt,153.96108333333333,413,342,209
Long run stress.txt,154.04551666666666,408,342,209
Long run stress.txt,154.46755,414,342,209
Long run stress.txt,154.5532333333334,412,342,209
Long run stress.txt,154.6376833333333,408,342,209
Long run stress.txt,154.7221,407,342,209
Long run stress.txt,154.8065,408,342,209
Long run stress.txt,154.89095000000003,414,342,209
Long run stress.txt,155.14420000000004,409,342,209
Long run stress.txt,155.2286,416,342,209
Long run stress.txt,155.3130166666667,416,342,209
Long run stress.txt,155.39745000000002,411,342,209
Long run stress.txt,155.56631666666667,416,342,209
Long run stress.txt,155.7351666666667,414,342,209
Long run stress.txt,155.81959999999998,419,342,209
Long run stress.txt,155.98841666666667,420,342,209
Long run stress.txt,156.1572500000001,421,342,209
Long run stress.txt,156.24166666666667,417,342,209
Long run stress.txt,156.32609999999997,416,342,209
Long run stress.txt,156.4949333333334,417,342,209
Long run stress.txt,156.74821666666674,413,342,209
Long run stress.txt,156.83263333333332,420,342,209
Long run stress.txt,157.00190000000003,418,342,209
Long run stress.txt,157.17189999999997,426,342,209
Long run stress.txt,157.42513333333335,425,342,209
Long run stress.txt,157.50955000000008,431,342,209
Long run stress.txt,157.594,420,342,209
Long run stress.txt,157.6784000000001,431,342,209
Long run stress.txt,157.8471666666667,431,342,209
Long run stress.txt,158.10038333333335,421,342,209
Long run stress.txt,158.18480000000005,416,342,209
Long run stress.txt,158.26918333333342,421,342,209
Long run stress.txt,158.4381,415,342,209
Long run stress.txt,158.52251666666672,420,342,209
Long run stress.txt,158.60693333333342,422,342,209
Long run stress.txt,158.69135,421,342,209
Long run stress.txt,158.86015000000006,420,342,209
Long run stress.txt,159.45098333333334,419,342,209
Long run stress.txt,159.53538333333333,421,342,209
Long run stress.txt,159.62100000000004,420,342,209
Long run stress.txt,159.7054,414,342,209
Long run stress.txt,159.78981666666672,419,342,209
Long run stress.txt,159.87445000000008,408,342,209
Long run stress.txt,159.95888333333338,409,342,209
Long run stress.txt,160.0433166666667,420,342,209
Long run stress.txt,160.1277166666667,419,342,209
Long run stress.txt,160.2965666666667,413,342,209
Long run stress.txt,160.3809833333334,420,342,209
Long run stress.txt,160.54983333333342,418,342,209
Long run stress.txt,160.63425,416,342,209
Long run stress.txt,160.71870000000004,410,342,209
Long run stress.txt,160.80310000000003,411,342,209
Long run stress.txt,160.8875,430,342,209
Long run stress.txt,160.97196666666665,431,342,209
Long run stress.txt,161.14076666666674,426,342,209
Long run stress.txt,161.22514999999996,420,342,209
Long run stress.txt,161.39395000000005,419,342,209
Long run stress.txt,161.47840000000008,430,342,209
Long run stress.txt,161.6472333333334,429,342,209
Long run stress.txt,161.73166666666668,419,342,209
Long run stress.txt,161.90048333333337,424,342,209
Long run stress.txt,161.9853333333334,429,342,209
Long run stress.txt,162.06975000000008,427,342,209
Long run stress.txt,162.15535000000006,421,342,209
Long run stress.txt,162.40850000000003,411,342,209
Long run stress.txt,162.57731666666672,409,342,209
Long run stress.txt,162.66173333333342,412,342,209
Long run stress.txt,162.74620000000007,417,342,209
Long run stress.txt,162.83065,401,342,209
Long run stress.txt,162.9150833333333,407,342,209
Long run stress.txt,163.2528333333333,401,342,209
Long run stress.txt,163.33725,395,342,209
Long run stress.txt,163.50618333333333,394,342,209
Long run stress.txt,163.59063333333336,397,342,209
Long run stress.txt,163.67508333333342,400,342,209
Long run stress.txt,163.75955000000008,401,342,209
Long run stress.txt,163.84396666666666,400,342,209
Long run stress.txt,163.92845000000003,402,342,209
Long run stress.txt,164.0129000000001,401,342,209
Long run stress.txt,164.09731666666667,402,342,209
Long run stress.txt,164.1817666666667,401,342,209
Long run stress.txt,164.26620000000003,398,342,209
Long run stress.txt,164.4351,395,342,209
Long run stress.txt,164.5195333333333,408,342,209
Long run stress.txt,164.60398333333336,408,342,209
Long run stress.txt,164.68960000000007,407,342,209
Long run stress.txt,164.94285000000005,414,342,209
Long run stress.txt,165.0273166666667,419,342,209
Long run stress.txt,165.11176666666663,406,342,209
Long run stress.txt,165.19620000000006,409,342,209
Long run stress.txt,165.28063333333338,411,342,209
Long run stress.txt,165.3650833333333,412,342,209
Long run stress.txt,165.44950000000003,412,342,209
Long run stress.txt,165.5339666666667,411,342,209
Long run stress.txt,165.61839999999998,417,342,209
Long run stress.txt,165.7028166666667,392,342,209
Long run stress.txt,165.78726666666674,390,337,209
Long run stress.txt,165.87171666666666,385,337,209
Long run stress.txt,165.95616666666672,386,337,209
Long run stress.txt,166.04063333333337,397,337,209
Long run stress.txt,166.12506666666667,398,337,209
Long run stress.txt,166.2095,405,337,209
Long run stress.txt,166.29395000000005,404,337,209
Long run stress.txt,166.37840000000008,405,337,209
Long run stress.txt,166.4628333333334,399,342,209
Long run stress.txt,166.54730000000006,393,342,209
Long run stress.txt,166.63176666666672,404,342,209
Long run stress.txt,166.80063333333334,396,342,209
Long run stress.txt,166.96948333333336,397,342,209
Long run stress.txt,167.05441666666667,394,342,209
Long run stress.txt,167.13884999999996,397,342,209
Long run stress.txt,167.2244833333334,398,342,209
Long run stress.txt,167.30893333333333,397,342,209
Long run stress.txt,167.39335000000003,404,342,209
Long run stress.txt,167.47778333333335,399,342,209
Long run stress.txt,167.56221666666667,393,342,209
Long run stress.txt,167.64663333333337,391,342,209
Long run stress.txt,167.8999166666667,390,342,209
Long run stress.txt,167.98436666666674,391,342,209
Long run stress.txt,168.23763333333335,395,342,209
Long run stress.txt,168.3220833333334,396,342,209
Long run stress.txt,168.49093333333332,391,342,209
Long run stress.txt,168.57535000000001,398,342,209
Long run stress.txt,168.65981666666667,399,342,209
Long run stress.txt,168.74423333333337,393,342,209
Long run stress.txt,168.8286666666667,393,342,209
Long run stress.txt,169.08195000000003,391,342,209
Long run stress.txt,169.16636666666673,392,342,209
Long run stress.txt,169.25088333333332,393,342,209
Long run stress.txt,169.33530000000005,394,342,209
Long run stress.txt,169.50415000000007,400,342,209
Long run stress.txt,169.58859999999999,403,342,209
Long run stress.txt,169.67305000000002,403,342,209
Long run stress.txt,169.84310000000005,401,342,209
Long run stress.txt,169.92750000000004,399,342,209
Long run stress.txt,170.01196666666667,394,342,209
Long run stress.txt,170.1808333333333,400,342,209
Long run stress.txt,170.26525,397,342,209
Long run stress.txt,170.5185666666667,397,342,209
Long run stress.txt,170.68745000000004,402,342,209
Long run stress.txt,170.85628333333335,404,342,209
Long run stress.txt,170.94075,402,342,209
Long run stress.txt,171.36286666666675,402,342,209
Long run stress.txt,171.4472666666667,409,342,209
Long run stress.txt,171.78495000000004,407,342,209
Long run stress.txt,171.9539333333334,390,342,209
Long run stress.txt,172.03834999999998,402,342,209
Long run stress.txt,172.20766666666665,403,342,209
Long run stress.txt,172.54660000000004,404,342,209
Long run stress.txt,172.79988333333338,409,342,209
Long run stress.txt,172.88436666666675,402,342,209
Long run stress.txt,173.05321666666666,402,342,209
Long run stress.txt,173.22208333333342,397,342,209
Long run stress.txt,173.30653333333333,404,342,209
Long run stress.txt,173.39098333333337,405,342,209
Long run stress.txt,173.64428333333333,400,342,209
Long run stress.txt,173.8975833333334,400,342,209
Long run stress.txt,174.4886166666667,395,339,209
Long run stress.txt,174.7418833333333,395,339,209
Long run stress.txt,175.0808000000001,390,329,209
Long run stress.txt,175.16528333333335,394,342,209
Long run stress.txt,175.33415,395,342,209
Long run stress.txt,175.50300000000001,394,342,209
Long run stress.txt,175.5874333333333,394,342,209
Long run stress.txt,176.00956666666667,378,328,209
Long run stress.txt,176.09401666666673,394,328,209
Long run stress.txt,176.1784166666667,399,342,209
Long run stress.txt,176.43170000000003,399,342,209
Long run stress.txt,177.27640000000005,382,339,209
Long run stress.txt,177.36201666666676,399,342,209
Long run stress.txt,177.6153166666667,400,342,209
Long run stress.txt,178.12178333333335,400,342,209
Long run stress.txt,178.29055000000008,455,342,209
Long run stress.txt,178.96561666666676,455,342,209
Long run stress.txt,179.80945000000006,456,342,209
Long run stress.txt,179.97948333333335,455,342,209
Long run stress.txt,180.65458333333336,455,342,209
Long run stress.txt,181.49846666666673,455,342,209
Long run stress.txt,182.34285000000006,455,342,209
Long run stress.txt,183.18786666666674,455,342,209
Long run stress.txt,184.03163333333336,455,342,209
Long run stress.txt,184.28480000000005,456,342,209
Long run stress.txt,184.45355000000006,455,342,209
Long run stress.txt,184.87545000000003,455,342,209
Long run stress.txt,185.72050000000004,455,342,209
Long run stress.txt,186.56443333333337,455,342,209
Long run stress.txt,187.4088166666667,455,342,209
Long run stress.txt,188.25385,455,342,209
Long run stress.txt,188.7600166666667,456,342,209
Long run stress.txt,189.01311666666672,455,342,209
Long run stress.txt,189.09749999999997,455,342,209
Long run stress.txt,189.94131666666667,455,342,209
Long run stress.txt,190.78640000000001,455,342,209
Long run stress.txt,191.63026666666664,455,342,209
Long run stress.txt,192.47455000000008,455,342,209
Long run stress.txt,193.2351,456,342,209
Long run stress.txt,193.31949999999998,456,342,209
Long run stress.txt,193.48831666666666,455,342,209
Long run stress.txt,194.16345,455,342,209
Long run stress.txt,195.00730000000004,455,342,209
Long run stress.txt,195.85241666666673,455,342,209
Long run stress.txt,196.69631666666672,455,342,209
Long run stress.txt,197.5406666666667,455,342,209
Long run stress.txt,197.71066666666667,456,342,209
Long run stress.txt,197.9638666666667,455,342,209
Long run stress.txt,198.38583333333335,455,342,209
Long run stress.txt,199.22958333333335,455,342,209
Long run stress.txt,200.07341666666665,455,342,209
Long run stress.txt,200.91833333333332,455,342,209
Long run stress.txt,201.76218333333333,455,342,209
Long run stress.txt,202.1840833333333,456,342,209
Long run stress.txt,202.5220833333334,455,342,209
Long run stress.txt,202.60651666666672,455,342,209
Long run stress.txt,203.45151666666666,455,342,209
Long run stress.txt,204.29550000000006,455,342,209
Long run stress.txt,205.13948333333332,455,342,209
Long run stress.txt,205.98455000000007,455,342,209
Long run stress.txt,206.5753333333334,456,342,209
Long run stress.txt,206.82853333333333,456,342,209
Long run stress.txt,206.9973333333334,455,342,209
Long run stress.txt,207.67288333333332,455,342,209
Long run stress.txt,208.51803333333336,455,342,209
Long run stress.txt,209.36183333333332,455,342,209
Long run stress.txt,210.2056333333334,455,342,209
Long run stress.txt,211.05070000000003,455,342,209
Long run stress.txt,211.89465000000007,455,342,209
Long run stress.txt,212.7388666666667,455,342,209
Long run stress.txt,213.5839833333334,455,342,209
Long run stress.txt,214.42788333333337,456,342,209
Long run stress.txt,214.51228333333336,455,342,209
Long run stress.txt,215.27180000000007,455,342,209
Long run stress.txt,216.1168666666667,455,342,209
Long run stress.txt,216.9608666666667,455,342,209
Long run stress.txt,217.80518333333336,455,342,209
Long run stress.txt,218.65028333333333,455,342,209
Long run stress.txt,218.90351666666672,456,342,209
Long run stress.txt,218.98790000000008,455,342,209
Long run stress.txt,219.4941833333334,455,342,209
Long run stress.txt,220.33806666666666,455,342,209
Long run stress.txt,221.18293333333338,455,342,209
Long run stress.txt,222.02681666666675,455,342,209
Long run stress.txt,222.87105,455,342,209
Long run stress.txt,223.37855000000005,456,342,209
Long run stress.txt,223.46295000000003,455,342,209
Long run stress.txt,223.71615000000008,455,342,209
Long run stress.txt,224.55998333333338,455,342,209
Long run stress.txt,225.40391666666667,455,342,209
Long run stress.txt,226.2490333333334,455,342,209
Long run stress.txt,226.75541666666675,454,342,209
Long run stress.txt,226.83993333333333,382,342,209
Long run stress.txt,226.9243833333334,445,342,209
Long run stress.txt,227.0088333333333,446,342,209
Long run stress.txt,227.09325,446,342,209
Long run stress.txt,227.17763333333338,444,342,209
Long run stress.txt,227.26203333333336,443,342,209
Long run stress.txt,227.4308333333333,441,342,209
Long run stress.txt,227.6840833333333,439,342,209
Long run stress.txt,227.76850000000002,421,301,209
Long run stress.txt,227.85336666666674,415,301,209
Long run stress.txt,227.93781666666666,430,342,209
Long run stress.txt,228.02348333333333,429,342,209
Long run stress.txt,228.10793333333336,432,342,209
Long run stress.txt,228.7832333333333,425,342,209
Long run stress.txt,228.86765000000003,431,342,209
Long run stress.txt,229.03653333333338,432,342,209
Long run stress.txt,229.20541666666674,421,342,209
Long run stress.txt,229.28983333333332,428,342,209
Long run stress.txt,229.54315,427,342,209
Long run stress.txt,229.62760000000006,416,342,209
Long run stress.txt,229.71203333333335,429,342,209
Long run stress.txt,230.13411666666664,423,342,209
Long run stress.txt,230.21851666666674,429,342,209
Long run stress.txt,230.30295000000007,423,342,209
Long run stress.txt,230.47181666666668,423,342,209
Long run stress.txt,230.89516666666665,413,342,209
Long run stress.txt,230.9796166666667,430,342,209
Long run stress.txt,231.0640333333334,431,342,209
Long run stress.txt,231.31726666666665,421,342,209
Long run stress.txt,231.40168333333338,432,342,209
Long run stress.txt,231.48610000000008,426,342,209
Long run stress.txt,231.65494999999999,432,342,209
Long run stress.txt,231.7393500000001,426,342,209
Long run stress.txt,231.82375000000005,432,342,209
Long run stress.txt,231.90828333333337,426,342,209
Long run stress.txt,231.99273333333332,433,342,209
Long run stress.txt,232.07718333333335,411,342,209
Long run stress.txt,232.1616333333334,407,342,209
Long run stress.txt,232.3304666666667,408,342,209
Long run stress.txt,232.41493333333335,403,342,209
Long run stress.txt,232.49931666666672,401,342,209
Long run stress.txt,232.75254999999999,399,342,209
Long run stress.txt,233.00620000000006,400,342,209
Long run stress.txt,233.09181666666663,401,342,209
Long run stress.txt,233.42950000000008,389,342,209
Long run stress.txt,233.51384999999996,399,342,209
Long run stress.txt,233.5982666666667,398,342,209
Long run stress.txt,233.68269999999998,401,342,209
Long run stress.txt,233.85151666666667,395,342,209
Long run stress.txt,234.10473333333331,401,342,209
Long run stress.txt,234.18918333333338,406,342,209
Long run stress.txt,234.2736166666667,398,342,209
Long run stress.txt,234.44246666666672,405,342,209
Long run stress.txt,234.61128333333338,404,342,209
Long run stress.txt,234.69573333333332,400,342,209
Long run stress.txt,234.78018333333335,399,342,209
Long run stress.txt,234.86461666666668,405,342,209
Long run stress.txt,235.54011666666665,405,342,209
Long run stress.txt,235.96356666666665,407,342,209
Long run stress.txt,236.04798333333335,402,342,209
Long run stress.txt,236.2168666666667,395,342,209
Long run stress.txt,236.38576666666668,396,342,209
Long run stress.txt,236.47021666666672,407,342,209
Long run stress.txt,236.6391166666667,395,342,209
Long run stress.txt,236.72358333333335,397,342,209
Long run stress.txt,236.80806666666675,393,342,209
Long run stress.txt,236.89253333333338,399,342,209
Long run stress.txt,236.97705,392,342,209
Long run stress.txt,237.14595000000008,398,342,209
Long run stress.txt,237.23041666666674,392,342,209
Long run stress.txt,237.31486666666666,376,331,209
Long run stress.txt,237.39933333333332,384,334,209
Long run stress.txt,237.56820000000008,387,342,209
Long run stress.txt,237.90595000000005,392,342,209
Long run stress.txt,237.99085000000002,402,342,209
Long run stress.txt,238.07530000000006,402,342,209
Long run stress.txt,238.3297833333334,396,342,209
Long run stress.txt,238.4142166666667,402,342,209
Long run stress.txt,238.58305000000001,396,342,209
Long run stress.txt,238.92083333333332,386,342,209
Long run stress.txt,239.00528333333338,391,342,209
Long run stress.txt,239.08975000000004,386,342,209
Long run stress.txt,239.17418333333336,392,342,209
Long run stress.txt,239.2586333333334,388,342,209
Long run stress.txt,239.42753333333337,386,342,209
Long run stress.txt,239.51196666666667,387,342,209
Long run stress.txt,239.6808000000001,386,331,209
Long run stress.txt,239.76526666666675,386,331,209
Long run stress.txt,239.84971666666667,389,339,209
Long run stress.txt,240.10305000000008,388,342,209
Long run stress.txt,240.1875,383,342,209
Long run stress.txt,240.27196666666666,395,342,209
Long run stress.txt,240.5253333333334,389,339,209
Long run stress.txt,240.60976666666673,389,339,209
Long run stress.txt,240.69541666666663,390,342,209
Long run stress.txt,240.9487166666667,372,334,209
Long run stress.txt,241.03319999999997,383,339,209
Long run stress.txt,241.1176333333334,372,328,209
Long run stress.txt,241.20210000000006,384,339,209
Long run stress.txt,241.37095000000008,390,339,209
Long run stress.txt,241.45536666666666,389,339,209
Long run stress.txt,241.70875000000004,384,339,209
Long run stress.txt,241.7932333333334,387,339,209
Long run stress.txt,242.04660000000004,388,342,209
Long run stress.txt,242.13105000000007,401,342,209
Long run stress.txt,242.21553333333335,396,342,209
Long run stress.txt,242.29995000000005,353,307,209
Long run stress.txt,242.3844166666667,388,342,209
Long run stress.txt,242.46885000000003,360,307,209
Long run stress.txt,242.55335000000002,395,342,209
Long run stress.txt,242.72221666666664,404,342,209
Long run stress.txt,242.80663333333334,407,342,209
Long run stress.txt,242.89106666666666,400,342,209
Long run stress.txt,242.97553333333332,398,342,209
Long run stress.txt,243.06048333333334,406,342,209
Long run stress.txt,243.1449333333334,392,342,209
Long run stress.txt,243.23061666666666,400,342,209
Long run stress.txt,243.39945000000006,395,342,209
Long run stress.txt,243.90603333333334,389,342,209
Long run stress.txt,243.99046666666666,394,342,209
Long run stress.txt,244.4127333333334,389,342,209
Long run stress.txt,244.6661,387,342,209
Long run stress.txt,244.7505833333334,388,342,209
Long run stress.txt,244.83501666666672,388,342,209
Long run stress.txt,244.91948333333337,395,342,209
Long run stress.txt,245.00391666666667,389,342,209
Long run stress.txt,245.25741666666667,395,342,209
Long run stress.txt,245.34190000000004,389,342,209
Long run stress.txt,245.42633333333336,405,342,209
Long run stress.txt,245.59521666666672,404,342,209
Long run stress.txt,245.6797,384,342,209
Long run stress.txt,245.7654166666667,388,342,209
Long run stress.txt,245.8499,387,342,209
Long run stress.txt,245.93433333333343,384,342,209
Long run stress.txt,246.01880000000008,385,337,209
Long run stress.txt,246.18773333333337,384,326,209
Long run stress.txt,246.27218333333332,343,299,209
Long run stress.txt,246.35670000000002,367,299,209
Long run stress.txt,246.44120000000004,385,342,209
Long run stress.txt,246.5256833333334,380,342,209
Long run stress.txt,246.6101666666667,395,342,209
Long run stress.txt,246.69463333333334,390,342,209
Long run stress.txt,246.77906666666664,389,342,209
Long run stress.txt,246.86355000000003,393,342,209
Long run stress.txt,246.94803333333343,381,339,209
Long run stress.txt,247.03251666666668,391,339,209
Long run stress.txt,247.11710000000008,397,342,209
Long run stress.txt,247.20158333333336,381,342,209
Long run stress.txt,247.28608333333335,387,342,209
Long run stress.txt,247.37056666666675,380,342,209
Long run stress.txt,247.6239833333333,374,326,209
Long run stress.txt,247.7084833333333,379,326,209
Long run stress.txt,247.7929833333334,370,326,209
Long run stress.txt,247.8774833333334,375,326,209
Long run stress.txt,248.04646666666667,369,326,209
Long run stress.txt,248.1314166666667,379,326,209
Long run stress.txt,248.21588333333335,374,326,209
Long run stress.txt,248.30165000000002,368,312,209
Long run stress.txt,248.38613333333342,374,326,209
Long run stress.txt,248.4706333333334,381,326,209
Long run stress.txt,248.55508333333333,372,326,209
Long run stress.txt,248.63958333333332,378,331,209
Long run stress.txt,248.89305,380,331,209
Long run stress.txt,248.97756666666672,379,331,209
Long run stress.txt,249.06203333333335,376,331,209
Long run stress.txt,249.1464833333334,387,331,209
Long run stress.txt,249.3153833333334,385,331,209
Long run stress.txt,249.39985000000004,386,342,209
Long run stress.txt,249.48428333333334,393,342,209
Long run stress.txt,249.56871666666666,365,323,209
Long run stress.txt,249.7376666666667,376,321,209
Long run stress.txt,249.8221666666667,357,307,209
Long run stress.txt,249.90665000000007,389,321,209
Long run stress.txt,249.99103333333332,375,318,209
Long run stress.txt,250.07549999999998,365,307,209
Long run stress.txt,250.15996666666675,381,307,209
Long run stress.txt,250.2444333333334,368,307,209
Long run stress.txt,250.32888333333332,378,307,209
Long run stress.txt,250.41333333333338,371,324,209
Long run stress.txt,250.49771666666675,378,332,209
Long run stress.txt,250.66665000000006,379,332,209
Long run stress.txt,250.7511333333333,381,326,209
Long run stress.txt,250.83679999999998,394,337,209
Long run stress.txt,250.92125000000001,396,337,209
Long run stress.txt,251.0057333333334,390,331,209
Long run stress.txt,251.09018333333333,395,337,209
Long run stress.txt,251.1746333333334,389,337,209
Long run stress.txt,251.34343333333334,387,337,209
Long run stress.txt,251.42788333333337,386,337,209
Long run stress.txt,251.59670000000006,385,337,209
Long run stress.txt,251.68114999999997,387,337,209
Long run stress.txt,251.93451666666672,386,337,209
Long run stress.txt,252.01895000000005,385,337,209
Long run stress.txt,252.1034166666667,386,337,209
Long run stress.txt,252.27238333333335,385,337,209
Long run stress.txt,252.35685,391,337,209
Long run stress.txt,252.44124999999997,392,337,209
Long run stress.txt,252.6947,386,337,209
Long run stress.txt,252.7791833333334,393,337,209
Long run stress.txt,252.94809999999998,394,337,209
Long run stress.txt,253.28635000000006,394,337,209
Long run stress.txt,253.54085,395,337,209
Long run stress.txt,253.96315000000007,396,337,209
Long run stress.txt,254.13208333333338,396,337,209
Long run stress.txt,254.55440000000004,391,337,209
Long run stress.txt,254.63888333333333,397,337,209
Long run stress.txt,254.7233666666667,392,337,209
Long run stress.txt,254.97673333333333,391,342,209
Long run stress.txt,255.06123333333332,395,342,209
Long run stress.txt,255.39905,396,342,209
Long run stress.txt,255.65243333333333,395,342,209
Long run stress.txt,255.8213333333333,387,342,209
Long run stress.txt,255.90695000000002,393,342,209
Long run stress.txt,256.24483333333336,389,342,209
Long run stress.txt,256.3292833333334,395,342,209
Long run stress.txt,256.41371666666674,394,342,209
Long run stress.txt,256.58268333333336,395,342,209
Long run stress.txt,256.66715000000005,389,342,209
Long run stress.txt,257.0050166666667,397,342,209
Long run stress.txt,257.0894833333333,391,342,209
Long run stress.txt,257.2583833333334,392,342,209
Long run stress.txt,257.5117000000001,435,342,209
Long run stress.txt,258.35628333333335,435,342,209
Long run stress.txt,259.11744999999996,436,342,209
Long run stress.txt,259.2018833333334,436,342,209
Long run stress.txt,259.45515,435,342,209
Long run stress.txt,259.7928833333334,425,342,209
Long run stress.txt,259.8774,426,342,209
Long run stress.txt,260.0463,424,342,209
Long run stress.txt,260.1307666666668,423,342,209
Long run stress.txt,260.29968333333335,421,342,209
Long run stress.txt,260.6373333333334,410,307,209
Long run stress.txt,260.7217333333334,393,283,209
Long run stress.txt,260.8061666666667,384,283,209
Long run stress.txt,260.89061666666674,401,326,209
Long run stress.txt,260.97616666666664,404,326,209
Long run stress.txt,261.1450833333334,398,326,209
Long run stress.txt,261.39848333333333,369,321,209
Long run stress.txt,261.4829666666667,360,319,209
Long run stress.txt,261.6519333333334,357,319,209
Long run stress.txt,261.73643333333337,353,319,209
Long run stress.txt,261.82091666666673,342,309,209
Long run stress.txt,261.9054666666667,324,289,209
Long run stress.txt,261.9899166666667,340,306,209
Long run stress.txt,262.0744166666667,347,314,209
Long run stress.txt,262.24335,352,319,209
Long run stress.txt,262.49671666666666,347,308,209
Long run stress.txt,262.58121666666665,344,296,209
Long run stress.txt,262.66564999999997,338,296,209
Long run stress.txt,262.75014999999996,337,296,209
Long run stress.txt,262.9190833333334,338,300,209
Long run stress.txt,263.00356666666664,332,300,209
Long run stress.txt,263.08805000000007,343,300,209
Long run stress.txt,263.1725166666667,348,300,209
Long run stress.txt,263.3417833333334,353,300,209
Long run stress.txt,263.42626666666666,353,300,209
Long run stress.txt,263.51193333333333,345,300,209
Long run stress.txt,263.5964333333333,349,300,209
Long run stress.txt,263.6808833333334,351,300,209
Long run stress.txt,263.7653833333334,352,300,209
Long run stress.txt,263.84988333333337,349,300,209
Long run stress.txt,263.9343166666667,350,300,209
Long run stress.txt,264.10326666666674,345,300,209
Long run stress.txt,264.27223333333336,349,300,209
Long run stress.txt,264.35673333333335,350,300,209
Long run stress.txt,264.4412166666668,340,300,209
Long run stress.txt,264.52571666666677,339,300,209
Long run stress.txt,264.69466666666665,341,300,209
Long run stress.txt,264.77916666666664,331,290,209
Long run stress.txt,265.0325833333334,324,287,209
Long run stress.txt,265.1171166666667,330,290,209
Long run stress.txt,265.45504999999997,325,287,209
Long run stress.txt,265.5395333333334,330,290,209
Long run stress.txt,265.62405,325,287,209
Long run stress.txt,265.70851666666664,330,290,209
Long run stress.txt,265.79305,329,290,209
Long run stress.txt,265.8775666666667,328,290,209
Long run stress.txt,265.9620500000001,328,290,209
Long run stress.txt,266.3011333333333,303,265,209
Long run stress.txt,266.3856166666667,328,290,209
Long run stress.txt,266.4701333333333,329,290,209
Long run stress.txt,266.63911666666667,323,284,209
Long run stress.txt,266.72358333333335,328,290,209
Long run stress.txt,266.8080666666667,329,290,209
Long run stress.txt,266.89258333333333,328,290,209
Long run stress.txt,266.97705,332,290,209
Long run stress.txt,267.0615333333334,327,290,209
Long run stress.txt,267.14605,328,290,209
Long run stress.txt,267.23051666666663,329,290,209
Long run stress.txt,267.315,323,284,209
Long run stress.txt,267.39950000000005,339,290,209
Long run stress.txt,267.56845000000004,338,290,209
Long run stress.txt,267.65295000000003,333,290,209
Long run stress.txt,267.7374,343,295,209
Long run stress.txt,267.90636666666677,344,295,209
Long run stress.txt,267.99086666666676,343,295,209
Long run stress.txt,268.0753333333334,344,300,209
Long run stress.txt,268.1598333333334,349,300,209
Long run stress.txt,268.24431666666663,350,300,209
Long run stress.txt,268.49816666666663,351,300,209
Long run stress.txt,268.5837833333334,350,300,209
Long run stress.txt,268.66828333333336,344,300,209
Long run stress.txt,268.75278333333335,351,300,209
Long run stress.txt,268.8372666666667,346,300,209
Long run stress.txt,268.9217666666667,350,300,209
Long run stress.txt,269.0906666666667,341,300,209
Long run stress.txt,269.34398333333337,341,300,209
Long run stress.txt,269.42845000000005,347,300,209
Long run stress.txt,269.51290000000006,346,300,209
Long run stress.txt,269.5973333333334,342,300,209
Long run stress.txt,269.68180000000007,348,300,209
Long run stress.txt,269.8507,347,300,209
Long run stress.txt,269.9351833333334,349,300,209
Long run stress.txt,270.0196666666667,347,300,209
Long run stress.txt,270.1041333333333,346,300,209
Long run stress.txt,270.1886166666667,347,300,209
Long run stress.txt,270.2731,344,300,209
Long run stress.txt,270.35758333333337,345,300,209
Long run stress.txt,270.5265333333334,340,300,209
Long run stress.txt,270.69546666666673,339,300,209
Long run stress.txt,270.7799666666667,335,300,209
Long run stress.txt,270.8644166666667,336,300,209
Long run stress.txt,270.9488833333334,335,300,209
Long run stress.txt,271.03331666666674,332,300,209
Long run stress.txt,271.1191500000001,336,300,209
Long run stress.txt,271.20358333333337,337,300,209
Long run stress.txt,271.28805000000006,340,300,209
Long run stress.txt,271.3724833333334,337,295,209
Long run stress.txt,271.45696666666674,335,295,209
Long run stress.txt,271.87933333333336,334,295,209
Long run stress.txt,272.21718333333337,333,295,209
Long run stress.txt,272.3861666666666,334,295,209
Long run stress.txt,272.63961666666665,341,295,209
Long run stress.txt,272.72411666666665,342,295,209
Long run stress.txt,273.14639999999997,343,295,209
Long run stress.txt,273.39983333333345,333,289,209
Long run stress.txt,273.48471666666666,328,284,209
Long run stress.txt,273.56913333333335,333,289,209
Long run stress.txt,273.65473333333335,339,289,209
Long run stress.txt,273.73923333333335,340,289,209
Long run stress.txt,273.8237,341,289,209
Long run stress.txt,273.90819999999997,340,289,209
Long run stress.txt,273.99270000000007,335,289,209
Long run stress.txt,274.1617166666667,341,295,209
Long run stress.txt,274.24625000000003,331,293,209
Long run stress.txt,274.33076666666676,347,295,209
Long run stress.txt,274.4152333333334,340,295,209
Long run stress.txt,274.4997333333334,357,319,209
Long run stress.txt,274.8376666666667,355,319,209
Long run stress.txt,274.92211666666674,364,319,209
Long run stress.txt,275.0066500000001,363,319,209
Long run stress.txt,275.26001666666673,363,319,209
Long run stress.txt,275.34446666666673,364,319,209
Long run stress.txt,275.4289333333334,353,314,209
Long run stress.txt,275.51340000000005,354,314,209
Long run stress.txt,275.76685,349,308,209
Long run stress.txt,275.8513166666668,355,314,209
Long run stress.txt,275.93583333333333,364,317,209
Long run stress.txt,276.1047833333334,364,317,209
Long run stress.txt,276.27495000000005,363,317,209
Long run stress.txt,276.35941666666673,362,317,209
Long run stress.txt,276.5283666666667,363,317,209
Long run stress.txt,276.78175,360,317,209
Long run stress.txt,276.86625,312,281,209
Long run stress.txt,276.95073333333335,341,265,209
Long run stress.txt,277.03523333333334,343,265,209
Long run stress.txt,277.1196833333334,342,265,209
Long run stress.txt,277.2041500000001,339,265,209
Long run stress.txt,277.3731166666667,338,265,209
Long run stress.txt,277.89053333333334,335,265,209
Long run stress.txt,277.97505000000007,334,265,209
Long run stress.txt,278.144,335,265,209
Long run stress.txt,278.2285,335,265,209
Long run stress.txt,278.31293333333343,334,265,209
Long run stress.txt,278.48186666666675,320,265,209
Long run stress.txt,278.56675000000007,333,265,209
Long run stress.txt,278.65121666666676,334,265,209
Long run stress.txt,278.73571666666675,335,265,209
Long run stress.txt,278.90471666666673,326,265,209
Long run stress.txt,279.0737,326,265,209
Long run stress.txt,279.1593333333334,325,265,209
Long run stress.txt,279.2438000000001,331,265,209
Long run stress.txt,279.49713333333335,325,265,209
Long run stress.txt,279.5816166666667,332,265,209
Long run stress.txt,279.6660833333334,325,265,209
Long run stress.txt,279.7505333333333,330,265,209
Long run stress.txt,279.8350166666667,332,265,209
Long run stress.txt,279.91948333333335,332,265,209
Long run stress.txt,280.17295,331,265,209
Long run stress.txt,280.25741666666664,330,265,209
Long run stress.txt,280.42640000000006,329,265,209
Long run stress.txt,280.5109166666667,328,265,209
Long run stress.txt,280.76428333333337,328,265,209
Long run stress.txt,280.8487666666667,329,265,209
Long run stress.txt,280.93325000000004,330,265,209
Long run stress.txt,281.1022166666667,329,265,209
Long run stress.txt,281.3556666666667,330,265,209
Long run stress.txt,281.6091333333334,342,297,209
Long run stress.txt,281.8638333333334,337,297,209
Long run stress.txt,281.9483333333334,335,297,209
Long run stress.txt,282.0328333333334,328,291,209
Long run stress.txt,282.1172833333334,339,297,209
Long run stress.txt,282.2861833333334,338,297,209
Long run stress.txt,282.3707,332,297,209
Long run stress.txt,282.45518333333337,327,291,209
Long run stress.txt,282.53968333333336,322,280,209
Long run stress.txt,282.6241333333334,321,280,209
Long run stress.txt,282.7086666666667,327,280,209
Long run stress.txt,282.79320000000007,333,286,209
Long run stress.txt,282.8777333333334,337,297,209
Long run stress.txt,282.9622333333334,325,286,209
Long run stress.txt,283.04671666666667,324,286,209
Long run stress.txt,283.13121666666666,325,286,209
Long run stress.txt,283.2157333333334,329,289,209
Long run stress.txt,283.30021666666664,326,289,209
Long run stress.txt,283.46920000000006,321,283,209
Long run stress.txt,283.55370000000005,324,283,209
Long run stress.txt,283.72305,330,289,209
Long run stress.txt,283.8920166666667,327,289,209
Long run stress.txt,283.97651666666667,333,289,209
Long run stress.txt,284.06100000000004,325,277,209
Long run stress.txt,284.14551666666665,316,269,209
Long run stress.txt,284.2311833333333,328,285,209
Long run stress.txt,284.3156833333333,327,280,209
Long run stress.txt,284.40020000000004,321,280,209
Long run stress.txt,284.4846833333333,331,290,209
Long run stress.txt,284.5691666666667,324,287,209
Long run stress.txt,284.65363333333335,331,287,209
Long run stress.txt,284.7381166666667,328,284,209
Long run stress.txt,284.8226166666667,330,284,209
Long run stress.txt,284.9071166666667,333,284,209
Long run stress.txt,284.9915833333334,332,284,209
Long run stress.txt,285.07605,339,292,209
Long run stress.txt,285.16053333333343,341,292,209
Long run stress.txt,285.24506666666673,338,292,209
Long run stress.txt,285.4139833333333,340,287,209
Long run stress.txt,285.49851666666666,336,287,209
Long run stress.txt,285.58298333333335,337,292,209
Long run stress.txt,285.66748333333334,332,287,209
Long run stress.txt,285.75200000000007,334,287,209
Long run stress.txt,285.8364666666667,334,287,209
Long run stress.txt,286.00550000000004,336,287,209
Long run stress.txt,286.09000000000003,340,287,209
Long run stress.txt,286.1744833333334,336,287,209
Long run stress.txt,286.2589833333334,335,287,209
Long run stress.txt,286.4279666666667,332,287,209
Long run stress.txt,286.5124666666667,334,287,209
Long run stress.txt,286.5969166666667,330,287,209
Long run stress.txt,286.6814166666667,337,284,209
Long run stress.txt,286.7671000000001,348,292,209
Long run stress.txt,287.02056666666675,345,292,209
Long run stress.txt,287.10506666666674,346,292,209
Long run stress.txt,287.2740666666667,340,292,209
Long run stress.txt,287.35853333333336,343,292,209
Long run stress.txt,287.44301666666667,344,292,209
Long run stress.txt,287.52751666666677,341,292,209
Long run stress.txt,287.612,339,292,209
Long run stress.txt,287.69651666666675,348,292,209
Long run stress.txt,287.781,333,287,209
Long run stress.txt,287.86551666666674,342,292,209
Long run stress.txt,287.95,347,292,209
Long run stress.txt,288.11899999999997,335,292,209
Long run stress.txt,288.20349999999996,334,292,209
Long run stress.txt,288.37246666666675,341,292,209
Long run stress.txt,288.4569166666667,325,282,209
Long run stress.txt,288.5413666666667,339,292,209
Long run stress.txt,288.7106333333333,323,281,209
Long run stress.txt,288.7951,328,287,209
Long run stress.txt,288.87956666666673,327,287,209
Long run stress.txt,289.04851666666667,325,287,209
Long run stress.txt,289.13301666666666,331,292,209
Long run stress.txt,289.21751666666665,332,289,209
Long run stress.txt,289.30320000000006,340,292,209
Long run stress.txt,289.38764999999995,339,292,209
Long run stress.txt,289.4721,344,292,209
Long run stress.txt,289.7254333333334,345,292,209
Long run stress.txt,289.8099000000001,344,292,209
Long run stress.txt,289.8944000000001,348,304,209
Long run stress.txt,289.97888333333333,350,304,209
Long run stress.txt,290.06331666666665,343,304,209
Long run stress.txt,290.1478333333334,344,304,209
Long run stress.txt,290.2323333333334,350,304,209
Long run stress.txt,290.65458333333333,351,304,209
Long run stress.txt,290.9079666666667,351,304,209
Long run stress.txt,291.0769333333334,339,302,209
Long run stress.txt,291.1614,351,304,209
Long run stress.txt,291.2458833333334,345,304,209
Long run stress.txt,291.3303833333334,350,304,209
Long run stress.txt,291.49925,344,304,209
Long run stress.txt,291.5837166666667,340,304,209
Long run stress.txt,291.66818333333333,341,302,209
Long run stress.txt,291.7526666666667,341,302,209
Long run stress.txt,291.8383166666666,335,302,209
Long run stress.txt,291.9227666666667,341,304,209
Long run stress.txt,292.00721666666675,343,304,209
Long run stress.txt,292.0916833333334,349,304,209
Long run stress.txt,292.26055,350,304,209
Long run stress.txt,292.34505,351,304,209
Long run stress.txt,292.4295166666667,339,302,209
Long run stress.txt,292.51398333333333,340,302,209
Long run stress.txt,292.5984666666667,345,302,209
Long run stress.txt,292.6829666666667,344,302,209
Long run stress.txt,292.7674333333334,343,302,209
Long run stress.txt,292.85193333333336,344,302,209
Long run stress.txt,292.9364500000001,337,302,209
Long run stress.txt,293.2743,343,304,209
Long run stress.txt,293.3588,338,302,209
Long run stress.txt,293.44325000000003,341,304,209
Long run stress.txt,293.6122000000001,345,304,209
Long run stress.txt,293.69671666666665,340,296,209
Long run stress.txt,293.7815833333334,344,304,209
Long run stress.txt,293.8661333333333,339,302,209
Long run stress.txt,293.9506,330,296,209
Long run stress.txt,294.0350833333334,331,296,209
Long run stress.txt,294.1196,326,291,209
Long run stress.txt,294.2040666666666,331,296,209
Long run stress.txt,294.2885333333334,326,291,209
Long run stress.txt,294.3741333333334,325,291,209
Long run stress.txt,294.54318333333333,322,291,209
Long run stress.txt,294.62765,325,278,209
Long run stress.txt,294.79661666666664,326,278,209
Long run stress.txt,294.8811,319,274,209
Long run stress.txt,295.0500666666667,322,291,209
Long run stress.txt,295.1345666666667,328,290,209
Long run stress.txt,295.38803333333334,302,268,209
Long run stress.txt,295.4725166666667,313,279,209
Long run stress.txt,295.5570166666667,319,279,209
Long run stress.txt,295.64150000000006,318,279,209
Long run stress.txt,295.9794166666667,319,279,209
Long run stress.txt,296.1483833333333,318,279,209
Long run stress.txt,296.5708166666667,317,279,209
Long run stress.txt,296.7397833333334,318,279,209
Long run stress.txt,296.82426666666663,319,279,209
Long run stress.txt,296.9099166666667,318,279,209
Long run stress.txt,296.99438333333336,317,279,209
Long run stress.txt,297.07883333333336,316,279,209
Long run stress.txt,297.2477833333333,317,279,209
Long run stress.txt,297.58573333333334,318,279,209
Long run stress.txt,297.67023333333333,318,279,209
Long run stress.txt,297.75475000000006,322,279,209
Long run stress.txt,297.8392666666667,325,279,209
Long run stress.txt,298.0082,327,279,209
Long run stress.txt,298.0927000000001,328,279,209
Long run stress.txt,298.17718333333335,329,279,209
Long run stress.txt,298.26165000000003,328,279,209
Long run stress.txt,298.34611666666666,324,279,209
Long run stress.txt,298.51508333333334,312,276,209
Long run stress.txt,298.59953333333334,318,271,209
Long run stress.txt,298.68401666666676,328,279,209
Long run stress.txt,299.10670000000005,329,279,209
Long run stress.txt,299.3601166666667,329,279,209
Long run stress.txt,299.6147166666667,330,279,209
Long run stress.txt,299.8681,324,279,209
Long run stress.txt,299.9525666666667,323,279,209
Long run stress.txt,300.20596666666665,324,276,209
Long run stress.txt,300.2904,319,276,209
Long run stress.txt,300.37485000000004,324,279,209
Long run stress.txt,300.62835,319,276,209
Long run stress.txt,301.0506500000001,319,276,209
Long run stress.txt,301.13513333333333,324,276,209
Long run stress.txt,301.3885000000001,306,260,209
Long run stress.txt,301.47296666666676,316,260,209
Long run stress.txt,301.81083333333333,319,260,209
Long run stress.txt,301.8953,319,260,209
Long run stress.txt,301.9809666666667,314,260,209
Long run stress.txt,302.23438333333337,316,263,209
Long run stress.txt,302.6566666666667,318,257,209
Long run stress.txt,302.7411833333334,318,257,209
Long run stress.txt,302.99461666666673,316,257,209
Long run stress.txt,303.16355000000004,319,257,209
Long run stress.txt,303.58591666666666,319,257,209
Long run stress.txt,303.6704333333334,324,274,209
Long run stress.txt,303.9242333333334,319,271,209
Long run stress.txt,304.17764999999997,314,263,209
Long run stress.txt,304.3466333333334,313,263,209
Long run stress.txt,304.4311333333334,314,263,209
Long run stress.txt,304.8546666666667,313,263,209
Long run stress.txt,304.93916666666667,314,263,209
Long run stress.txt,305.27708333333334,314,263,209
Long run stress.txt,305.5305,315,263,209
Long run stress.txt,305.69943333333333,314,263,209
Long run stress.txt,305.95285,320,263,209
Long run stress.txt,306.1218333333334,320,271,209
Long run stress.txt,306.2063166666667,326,274,209
Long run stress.txt,306.96663333333333,326,274,209
Long run stress.txt,307.13675,327,274,209
Long run stress.txt,307.3058166666667,381,279,209
Long run stress.txt,307.3902666666667,378,279,209
Long run stress.txt,307.47475000000003,377,279,209
Long run stress.txt,307.8124833333334,377,279,209
Long run stress.txt,308.6568833333333,377,279,209
Long run stress.txt,309.5015833333334,377,279,209
Long run stress.txt,310.34706666666665,377,279,209
Long run stress.txt,311.19130000000007,369,279,209
Long run stress.txt,311.2757833333333,370,279,209
Long run stress.txt,311.36025000000006,369,279,209
Long run stress.txt,311.44471666666675,368,279,209
Long run stress.txt,311.5291500000001,367,279,209
Long run stress.txt,311.61365000000006,365,279,209
Long run stress.txt,311.95136666666673,354,252,209
Long run stress.txt,312.03583333333336,346,227,209
Long run stress.txt,312.12143333333336,362,279,209
Long run stress.txt,312.3748333333334,303,268,209
Long run stress.txt,312.45931666666667,329,268,209
Long run stress.txt,312.54385,323,279,209
Long run stress.txt,312.62835,324,279,209
Long run stress.txt,312.7128333333334,323,279,209
Long run stress.txt,312.88180000000006,323,279,209
Long run stress.txt,313.30423333333334,324,279,209
Long run stress.txt,313.3887500000001,325,279,209
Long run stress.txt,313.5577,319,279,209
Long run stress.txt,313.6422333333333,312,268,209
Long run stress.txt,313.72671666666673,323,272,209
Long run stress.txt,314.06501666666674,325,279,209
Long run stress.txt,314.2340166666667,320,279,209
Long run stress.txt,314.4029833333334,317,274,209
Long run stress.txt,314.48745,328,279,209
Long run stress.txt,314.57196666666664,321,279,209
Long run stress.txt,314.65765000000005,329,279,209
Long run stress.txt,314.8266000000001,323,274,209
Long run stress.txt,314.9111000000001,329,274,209
Long run stress.txt,314.99558333333334,339,279,209
Long run stress.txt,315.4179500000001,329,279,209
Long run stress.txt,315.50243333333333,338,279,209
Long run stress.txt,315.6714333333333,333,279,209
Long run stress.txt,315.8404166666667,326,279,209
Long run stress.txt,316.00938333333335,337,279,209
Long run stress.txt,316.26281666666665,337,279,209
Long run stress.txt,316.3473333333334,332,279,209
Long run stress.txt,316.85426666666666,326,279,209
Long run stress.txt,316.9387833333334,331,279,209
Long run stress.txt,317.1077166666667,320,279,209
Long run stress.txt,317.1933833333334,331,279,209
Long run stress.txt,317.27785000000006,322,279,209
Long run stress.txt,317.3623333333334,327,279,209
Long run stress.txt,317.53130000000004,333,279,209
Long run stress.txt,317.70020000000005,334,279,209
Long run stress.txt,317.95363333333336,334,279,209
Long run stress.txt,318.0381,328,279,209
Long run stress.txt,318.1226,334,279,209
Long run stress.txt,318.5450166666667,328,279,209
Long run stress.txt,318.71396666666675,324,279,209
Long run stress.txt,318.79845,324,279,209
Long run stress.txt,318.96745,333,279,209
Long run stress.txt,319.13673333333344,335,279,209
Long run stress.txt,319.3900666666667,336,279,209
Long run stress.txt,319.4745666666667,335,279,209
Long run stress.txt,319.6434500000001,335,279,209
Long run stress.txt,320.4890833333333,335,279,209
Long run stress.txt,321.33355,335,279,209
Long run stress.txt,322.17803333333336,335,279,209
Long run stress.txt,323.02381666666673,335,279,209
Long run stress.txt,323.8685500000001,336,279,209
Long run stress.txt,323.95303333333334,335,279,209
Long run stress.txt,324.7136833333334,335,279,209
Long run stress.txt,325.5595833333334,335,279,209
Long run stress.txt,326.4042500000001,335,279,209
Long run stress.txt,327.2487833333334,335,279,209
Long run stress.txt,328.0945,335,279,209
Long run stress.txt,328.3478833333333,336,279,209
Long run stress.txt,328.5167333333333,335,279,209
Long run stress.txt,328.9389666666667,335,279,209
Long run stress.txt,329.7839833333334,335,279,209
Long run stress.txt,330.6296833333334,335,279,209
Long run stress.txt,331.4742166666667,335,279,209
Long run stress.txt,332.31885,335,279,209
Long run stress.txt,332.8272333333333,336,279,209
Long run stress.txt,332.99616666666674,335,279,209
Long run stress.txt,333.1650833333333,335,279,209
Long run stress.txt,334.0095,335,279,209
Long run stress.txt,334.76990000000006,332,279,209
Long run stress.txt,334.8543666666667,327,279,209
Long run stress.txt,334.93995000000007,338,279,209
Long run stress.txt,335.0244,337,279,209
Long run stress.txt,335.2778666666666,338,279,209
Long run stress.txt,335.3623666666666,334,279,209
Long run stress.txt,335.4468666666668,330,279,209
Long run stress.txt,335.53135000000003,340,279,209
Long run stress.txt,335.6158333333334,334,279,209
Long run stress.txt,335.7003333333334,329,279,209
Long run stress.txt,335.78485,322,274,209
Long run stress.txt,335.8693333333334,326,274,209
Long run stress.txt,335.95383333333336,322,274,209
Long run stress.txt,336.03835,270,224,209
Long run stress.txt,336.1228333333334,305,224,209
Long run stress.txt,336.2073333333334,308,224,209
Long run stress.txt,336.29181666666665,326,224,209
Long run stress.txt,336.54525000000007,308,224,209
Long run stress.txt,336.62975000000006,320,274,209
Long run stress.txt,336.7142166666667,272,224,209
Long run stress.txt,336.7986833333334,307,224,209
Long run stress.txt,336.88316666666674,270,224,209
Long run stress.txt,336.96768333333335,333,279,209
Long run stress.txt,337.0521333333334,331,279,209
Long run stress.txt,337.13661666666667,328,279,209
Long run stress.txt,337.22111666666666,329,279,209
Long run stress.txt,337.3056333333334,326,279,209
Long run stress.txt,337.3901,333,279,209
Long run stress.txt,337.4757333333334,331,279,209
Long run stress.txt,337.7290833333334,332,279,209
Long run stress.txt,337.81356666666665,322,274,209
Long run stress.txt,337.89805,329,279,209
Long run stress.txt,338.0670333333334,328,279,209
Long run stress.txt,338.1515166666667,334,279,209
Long run stress.txt,338.2360333333334,324,279,209
Long run stress.txt,338.32051666666666,332,277,209
Long run stress.txt,338.4049833333333,340,279,209
Long run stress.txt,338.5739666666667,338,279,209
Long run stress.txt,338.6584833333333,334,279,209
Long run stress.txt,338.7429833333334,340,279,209
Long run stress.txt,339.0807833333334,340,279,209
Long run stress.txt,339.33425,334,279,209
Long run stress.txt,339.4191333333334,339,279,209
Long run stress.txt,339.5880833333334,332,279,209
Long run stress.txt,339.67258333333336,316,268,209
Long run stress.txt,339.92606666666666,322,260,209
Long run stress.txt,340.09623333333343,332,279,209
Long run stress.txt,340.1807166666667,327,279,209
Long run stress.txt,340.2652166666667,326,279,209
Long run stress.txt,340.43415,320,274,209
Long run stress.txt,340.5186666666667,319,274,209
Long run stress.txt,340.60313333333335,316,274,209
Long run stress.txt,340.68764999999996,317,274,209
Long run stress.txt,340.7721833333333,317,274,209
Long run stress.txt,340.85661666666675,311,268,209
Long run stress.txt,340.94115000000005,317,274,209
Long run stress.txt,341.1946,318,274,209
Long run stress.txt,341.2790333333333,317,274,209
Long run stress.txt,341.44801666666666,316,274,209
Long run stress.txt,341.53255,315,274,209
Long run stress.txt,341.61706666666674,322,274,209
Long run stress.txt,341.70155,329,279,209
Long run stress.txt,341.7860333333334,363,279,209
Long run stress.txt,341.8704833333333,362,279,209
Long run stress.txt,341.95496666666673,361,279,209
Long run stress.txt,342.03941666666674,359,279,209
Long run stress.txt,342.2083333333333,357,279,209
Long run stress.txt,342.4616833333333,351,268,209
Long run stress.txt,342.54736666666673,337,227,209
Long run stress.txt,342.71635,345,271,209
Long run stress.txt,342.80084999999997,307,269,209
Long run stress.txt,342.88534999999996,303,267,209
Long run stress.txt,342.96985,305,267,209
Long run stress.txt,343.0543666666667,301,262,209
Long run stress.txt,343.1388833333333,300,262,209
Long run stress.txt,343.2233666666667,303,264,209
Long run stress.txt,343.3078666666667,304,265,209
Long run stress.txt,343.39238333333344,294,249,209
Long run stress.txt,343.47688333333343,288,249,209
Long run stress.txt,343.5613833333334,287,249,209
Long run stress.txt,343.64590000000004,293,249,209
Long run stress.txt,343.8148833333334,286,249,209
Long run stress.txt,344.0684,288,249,209
Long run stress.txt,344.1529166666667,286,249,209
Long run stress.txt,344.2374166666667,301,249,209
Long run stress.txt,344.32188333333335,247,214,209
Long run stress.txt,344.40635000000003,303,211,209
Long run stress.txt,344.57573333333335,301,211,209
Long run stress.txt,344.66020000000003,300,211,209
Long run stress.txt,344.74466666666666,298,211,209
Long run stress.txt,344.99809999999997,287,211,209
Long run stress.txt,345.08373333333344,278,187,209
Long run stress.txt,345.1684166666667,303,211,209
Long run stress.txt,345.2529166666667,330,249,209
Long run stress.txt,345.3374,308,234,209
Long run stress.txt,345.4219,328,249,209
Long run stress.txt,345.5064166666667,327,249,209
Long run stress.txt,345.6753666666667,325,249,209
Long run stress.txt,345.84435,325,249,209
Long run stress.txt,345.9288333333334,313,249,209
Long run stress.txt,346.0133,305,224,209
Long run stress.txt,346.0977500000001,322,249,209
Long run stress.txt,346.18225000000007,323,249,209
Long run stress.txt,346.2667,316,249,209
Long run stress.txt,346.3511833333334,318,249,209
Long run stress.txt,346.43559999999997,372,249,209
Long run stress.txt,346.52005,377,249,209
Long run stress.txt,346.6045000000001,371,249,209
Long run stress.txt,346.68890000000005,365,249,209
Long run stress.txt,346.77348333333333,345,249,209
Long run stress.txt,346.8579333333334,337,249,209
Long run stress.txt,346.9423,343,249,209
Long run stress.txt,347.0267166666667,338,249,209
Long run stress.txt,347.1111833333334,342,255,209
Long run stress.txt,347.2800833333333,334,255,209
Long run stress.txt,347.36448333333334,328,255,209
Long run stress.txt,347.4489666666667,330,255,209
Long run stress.txt,347.53340000000003,332,255,209
Long run stress.txt,347.6190500000001,331,255,209
Long run stress.txt,347.70338333333336,330,255,209
Long run stress.txt,347.78788333333335,318,255,209
Long run stress.txt,347.95676666666674,320,255,209
Long run stress.txt,348.3790333333333,320,255,209
Long run stress.txt,348.5479000000001,316,255,209
Long run stress.txt,348.6323666666667,320,255,209
Long run stress.txt,348.7167666666667,321,255,209
Long run stress.txt,348.8012,316,255,209
Long run stress.txt,348.9700166666667,317,255,209
Long run stress.txt,349.2233500000001,315,255,209
Long run stress.txt,349.3079,318,255,209
Long run stress.txt,349.39238333333344,317,255,209
Long run stress.txt,349.56160000000006,318,255,209
Long run stress.txt,349.6460333333334,320,255,209
Long run stress.txt,349.89936666666665,318,255,209
Long run stress.txt,349.9838166666667,322,255,209
Long run stress.txt,350.06828333333334,324,255,209
Long run stress.txt,350.66053333333343,317,255,209
Long run stress.txt,350.74495,305,251,209
Long run stress.txt,350.91390000000007,302,251,209
Long run stress.txt,350.9983833333333,300,251,209
Long run stress.txt,351.0828666666667,302,251,209
Long run stress.txt,351.16731666666675,340,251,209
Long run stress.txt,351.2517833333334,304,251,209
Long run stress.txt,351.4207666666667,323,250,209
Long run stress.txt,351.50526666666667,318,255,209
Long run stress.txt,351.5897333333333,326,255,209
Long run stress.txt,351.6742333333334,330,255,209
Long run stress.txt,351.7586666666667,333,255,209
Long run stress.txt,351.8431333333334,339,255,209
Long run stress.txt,351.9276666666667,328,255,209
Long run stress.txt,352.01210000000003,331,255,209
Long run stress.txt,352.0965666666667,332,255,209
Long run stress.txt,352.1810166666667,327,255,209
Long run stress.txt,352.26546666666667,322,255,209
Long run stress.txt,352.34991666666673,325,255,209
Long run stress.txt,352.6032833333333,326,255,209
Long run stress.txt,352.7733500000001,332,255,209
Long run stress.txt,352.8578,324,255,209
Long run stress.txt,352.9422833333334,329,255,209
Long run stress.txt,353.1112,324,255,209
Long run stress.txt,353.449,289,220,209
Long run stress.txt,353.53350000000006,323,255,209
Long run stress.txt,353.6180166666666,318,244,209
Long run stress.txt,353.70250000000004,354,255,209
Long run stress.txt,353.7869666666667,323,255,209
Long run stress.txt,353.9559166666667,340,255,209
Long run stress.txt,354.04036666666667,327,255,209
Long run stress.txt,354.12488333333334,321,255,209
Long run stress.txt,354.20935000000003,315,255,209
Long run stress.txt,354.29378333333335,314,255,209
Long run stress.txt,354.46274999999997,310,251,209
Long run stress.txt,355.05440000000004,353,255,209
Long run stress.txt,355.1388833333333,352,255,209
Long run stress.txt,355.2245500000001,333,255,209
Long run stress.txt,355.309,329,255,209
Long run stress.txt,355.3934833333334,342,255,209
Long run stress.txt,355.47796666666665,350,255,209
Long run stress.txt,355.56243333333333,335,255,209
Long run stress.txt,355.64689999999996,344,255,209
Long run stress.txt,355.73136666666676,332,255,209
Long run stress.txt,355.9847333333334,332,255,209
Long run stress.txt,356.1536500000001,328,255,209
Long run stress.txt,356.4069333333334,296,220,209
Long run stress.txt,356.4914166666667,331,255,209
Long run stress.txt,356.57590000000005,353,255,209
Long run stress.txt,356.66030000000006,332,255,209
Long run stress.txt,356.74480000000005,335,255,209
Long run stress.txt,356.82921666666675,333,255,209
Long run stress.txt,356.91366666666664,326,255,209
Long run stress.txt,356.99809999999997,332,255,209
Long run stress.txt,357.08256666666676,331,255,209
Long run stress.txt,357.1669666666667,332,255,209
Long run stress.txt,357.25141666666667,327,255,209
Long run stress.txt,357.3358833333333,328,255,209
Long run stress.txt,357.5892166666667,335,255,209
Long run stress.txt,357.67371666666673,335,255,209
Long run stress.txt,357.7593166666667,325,255,209
Long run stress.txt,357.84376666666674,341,255,209
Long run stress.txt,357.92823333333337,293,247,209
Long run stress.txt,358.01275,274,228,209
Long run stress.txt,358.09725,256,212,209
Long run stress.txt,358.18174999999997,271,223,209
Long run stress.txt,358.26624999999996,267,223,209
Long run stress.txt,358.3507333333334,273,223,209
Long run stress.txt,358.4352500000001,282,223,209
Long run stress.txt,358.51971666666674,290,239,209
Long run stress.txt,358.60423333333335,296,239,209
Long run stress.txt,358.6887,295,244,209
Long run stress.txt,358.7731833333334,296,239,209
Long run stress.txt,358.85765000000004,302,252,209
Long run stress.txt,358.94208333333336,301,252,209
Long run stress.txt,359.0265666666667,295,250,209
Long run stress.txt,359.28005,296,244,209
Long run stress.txt,359.3645,302,247,209
Long run stress.txt,359.44893333333334,322,255,209
Long run stress.txt,359.53340000000003,330,255,209
Long run stress.txt,359.6178833333334,310,250,209
Long run stress.txt,359.7027333333334,317,253,209
Long run stress.txt,359.87170000000003,309,239,209
Long run stress.txt,359.9562,305,244,209
Long run stress.txt,360.04068333333333,302,242,209
Long run stress.txt,360.12514999999996,301,231,209
Long run stress.txt,360.2096833333333,290,231,209
Long run stress.txt,360.29541666666665,297,231,209
Long run stress.txt,360.3798666666667,350,253,209
Long run stress.txt,360.46441666666675,309,247,209
Long run stress.txt,360.54910000000007,294,233,209
Long run stress.txt,360.6337333333334,311,236,209
Long run stress.txt,360.71825,313,239,209
Long run stress.txt,360.8027333333334,333,255,209
Long run stress.txt,360.8872166666667,300,252,209
Long run stress.txt,360.9716666666667,349,255,209
Long run stress.txt,361.0561333333334,341,255,209
Long run stress.txt,361.1406,340,255,209
Long run stress.txt,361.2250666666667,341,255,209
Long run stress.txt,361.30951666666675,342,255,209
Long run stress.txt,361.3940333333333,335,255,209
Long run stress.txt,361.4785333333333,336,255,209
Long run stress.txt,361.64745000000005,333,255,209
MainPCRiverview.txt,0.0,2519,2044,0
MainPCRiverview.txt,0.033566666666592936,2519,2044,0
MainPCRiverview.txt,0.06730000000000776,2384,2044,0
MainPCRiverview.txt,0.10219999999996314,2127,1996,0
MainPCRiverview.txt,0.1362333333333178,1830,1718,0
MainPCRiverview.txt,0.1701166666665813,1788,1688,40
MainPCRiverview.txt,0.20438333333331685,1790,1688,40
MainPCRiverview.txt,0.23818333333329064,1788,1688,40
MainPCRiverview.txt,0.2721499999999651,1789,1688,40
MainPCRiverview.txt,0.30593333333332945,1821,1688,40
MainPCRiverview.txt,0.3397666666666434,1821,1688,43
MainPCRiverview.txt,0.3735999999999573,1821,1688,43
MainPCRiverview.txt,0.40743333333327125,1821,1688,51
MainPCRiverview.txt,0.4412833333333159,1821,1688,69
MainPCRiverview.txt,0.4751333333332392,1824,1688,78
MainPCRiverview.txt,0.5089333333333343,1826,1688,78
MainPCRiverview.txt,0.5427833333332577,1826,1688,86
MainPCRiverview.txt,0.5766499999999117,1827,1688,87
MainPCRiverview.txt,0.6104666666666162,1827,1688,90
MainPCRiverview.txt,0.644350000000001,1827,1688,98
MainPCRiverview.txt,0.6781666666665842,1815,1688,98
MainPCRiverview.txt,0.712049999999969,1815,1688,98
MainPCRiverview.txt,0.7459000000000136,1811,1688,98
MainPCRiverview.txt,0.7797166666665968,1811,1688,98
MainPCRiverview.txt,0.8141999999999825,1812,1688,98
MainPCRiverview.txt,0.8481333333333169,1812,1688,98
MainPCRiverview.txt,0.8819999999999709,1812,1688,98
MainPCRiverview.txt,0.915866666666625,1812,1688,98
MainPCRiverview.txt,0.9497166666666695,1812,1688,98
MainPCRiverview.txt,0.9836166666666638,1813,1688,98
MainPCRiverview.txt,1.0865166666666481,1814,1688,98
MainPCRiverview.txt,1.120433333333252,1822,1688,98
MainPCRiverview.txt,1.188283333333311,1734,1625,98
MainPCRiverview.txt,1.2222333333332547,1672,1577,98
MainPCRiverview.txt,1.2901499999999941,1655,1562,98
MainPCRiverview.txt,1.324133333333278,1655,1562,106
MainPCRiverview.txt,1.3581333333332926,1614,1530,107
MainPCRiverview.txt,1.3921333333333072,1578,1514,111
MainPCRiverview.txt,1.4261333333333217,1530,1466,111
MainPCRiverview.txt,1.4601499999999457,1522,1458,119
MainPCRiverview.txt,1.4941833333333003,1499,1426,119
MainPCRiverview.txt,1.5281833333333148,1442,1379,119
MainPCRiverview.txt,1.5962999999999739,1440,1379,119
MainPCRiverview.txt,1.6303666666666685,1449,1379,119
MainPCRiverview.txt,1.664449999999973,1441,1379,119
MainPCRiverview.txt,1.6984999999999368,1449,1379,119
MainPCRiverview.txt,1.7325666666666317,1427,1363,119
MainPCRiverview.txt,1.766616666666596,1409,1347,119
MainPCRiverview.txt,1.8007666666665803,1417,1347,119
MainPCRiverview.txt,1.8348500000000059,1365,1312,119
MainPCRiverview.txt,1.8689166666665793,1406,1347,119
MainPCRiverview.txt,1.971150000000004,1405,1347,119
MainPCRiverview.txt,2.005199999999968,1406,1347,119
MainPCRiverview.txt,2.040333333333304,1411,1347,119
MainPCRiverview.txt,2.074433333333339,1410,1347,119
MainPCRiverview.txt,2.142549999999998,1398,1347,119
MainPCRiverview.txt,2.1766499999999116,1336,1308,119
MainPCRiverview.txt,2.2107499999999467,1356,1308,119
MainPCRiverview.txt,2.244866666666591,1353,1303,119
MainPCRiverview.txt,2.3471666666665745,1352,1303,119
MainPCRiverview.txt,2.3812833333333403,1351,1303,119
MainPCRiverview.txt,2.4153999999999844,1352,1303,119
MainPCRiverview.txt,2.449533333333238,1360,1303,119
MainPCRiverview.txt,2.586033333333277,1310,1264,119
MainPCRiverview.txt,2.620133333333312,1345,1264,119
MainPCRiverview.txt,2.6883333333332606,1345,1264,119
MainPCRiverview.txt,2.9271500000000135,1329,1264,119
MainPCRiverview.txt,3.0295166666666775,1329,1264,119
MainPCRiverview.txt,3.269566666666651,1314,1264,119
MainPCRiverview.txt,3.371899999999975,1314,1264,119
MainPCRiverview.txt,3.71298333333325,1314,1264,119
MainPCRiverview.txt,3.781199999999929,1302,1253,119
MainPCRiverview.txt,4.054366666666586,1325,1253,119
MainPCRiverview.txt,4.089949999999954,1324,1253,119
MainPCRiverview.txt,4.158349999999943,1323,1253,119
MainPCRiverview.txt,4.226666666666643,1318,1253,119
MainPCRiverview.txt,4.2608000000000175,1329,1253,119
MainPCRiverview.txt,4.329083333333256,1322,1253,119
MainPCRiverview.txt,4.36323333333324,1335,1253,119
MainPCRiverview.txt,4.397350000000006,1330,1253,119
MainPCRiverview.txt,4.4315166666665995,1314,1253,119
MainPCRiverview.txt,4.636316666666607,1308,1253,119
MainPCRiverview.txt,4.738700000000002,1308,1253,119
MainPCRiverview.txt,4.772866666666596,1314,1253,119
MainPCRiverview.txt,4.977699999999944,1298,1237,119
MainPCRiverview.txt,5.046466666666674,1297,1237,119
MainPCRiverview.txt,5.080666666666608,1298,1237,119
MainPCRiverview.txt,5.165916666666575,1265,1205,127
MainPCRiverview.txt,5.25008333333329,1266,1205,127
MainPCRiverview.txt,5.839133333333303,1242,1138,127
MainPCRiverview.txt,5.923300000000017,1240,1138,127
MainPCRiverview.txt,6.007483333333342,1248,1138,127
MainPCRiverview.txt,6.175783333333311,1255,1138,127
MainPCRiverview.txt,6.512366666666639,1225,1138,127
MainPCRiverview.txt,6.596533333333233,1224,1138,127
MainPCRiverview.txt,6.6807166666666795,1219,1138,127
MainPCRiverview.txt,6.764866666666664,1220,1138,127
MainPCRiverview.txt,6.8490499999999885,1222,1138,127
MainPCRiverview.txt,6.933233333333313,1226,1138,127
MainPCRiverview.txt,7.017433333333247,1187,1098,127
MainPCRiverview.txt,7.101616666666572,1226,1138,127
MainPCRiverview.txt,7.185800000000017,1215,1138,127
MainPCRiverview.txt,7.269983333333342,1209,1138,127
MainPCRiverview.txt,7.354166666666667,1211,1138,128
MainPCRiverview.txt,7.438316666666651,1209,1138,128
MainPCRiverview.txt,7.5225166666665855,1213,1138,128
MainPCRiverview.txt,7.60673333333325,1229,1138,128
MainPCRiverview.txt,7.692016666666677,1223,1138,128
MainPCRiverview.txt,7.776166666666662,1218,1138,128
MainPCRiverview.txt,8.112783333333331,1207,1130,128
MainPCRiverview.txt,8.196999999999996,1206,1130,128
MainPCRiverview.txt,8.28118333333332,1207,1130,128
MainPCRiverview.txt,8.449549999999968,1207,1130,128
MainPCRiverview.txt,8.533699999999953,1217,1138,128
MainPCRiverview.txt,8.702016666666653,1219,1138,128
MainPCRiverview.txt,8.786183333333247,1224,1138,128
MainPCRiverview.txt,8.870316666666621,1208,1138,128
MainPCRiverview.txt,9.03871666666661,1221,1138,128
MainPCRiverview.txt,9.122899999999936,1220,1138,128
MainPCRiverview.txt,9.207066666666652,1231,1138,128
MainPCRiverview.txt,9.291249999999975,1217,1138,128
MainPCRiverview.txt,9.37541666666657,1213,1138,128
MainPCRiverview.txt,9.459616666666625,1221,1138,128
MainPCRiverview.txt,9.54379999999995,1213,1138,128
MainPCRiverview.txt,9.627983333333274,1219,1138,128
MainPCRiverview.txt,9.7121666666666,1220,1138,128
MainPCRiverview.txt,9.796349999999924,1204,1138,128
MainPCRiverview.txt,9.880533333333249,1205,1138,128
MainPCRiverview.txt,9.964749999999913,1203,1138,128
MainPCRiverview.txt,10.049399999999999,1204,1138,128
MainPCRiverview.txt,10.133583333333323,1203,1138,128
MainPCRiverview.txt,10.21898333333326,1210,1138,128
MainPCRiverview.txt,10.303183333333315,1208,1138,128
MainPCRiverview.txt,10.387349999999909,1207,1138,128
MainPCRiverview.txt,10.471533333333234,1206,1138,128
MainPCRiverview.txt,10.55571666666668,1202,1138,128
MainPCRiverview.txt,10.639916666666613,1217,1138,128
MainPCRiverview.txt,10.724099999999938,1220,1138,128
MainPCRiverview.txt,10.808266666666652,1223,1138,128
MainPCRiverview.txt,10.892433333333248,1233,1138,128
MainPCRiverview.txt,10.976583333333354,1224,1138,128
MainPCRiverview.txt,11.060749999999947,1222,1138,128
MainPCRiverview.txt,11.14489999999993,1224,1138,128
MainPCRiverview.txt,11.31326666666658,1213,1138,128
MainPCRiverview.txt,11.397483333333245,1211,1138,128
MainPCRiverview.txt,11.4816833333333,1209,1138,128
MainPCRiverview.txt,11.565833333333284,1211,1138,128
MainPCRiverview.txt,11.650049999999949,1193,1138,128
MainPCRiverview.txt,11.734233333333274,1195,1138,128
MainPCRiverview.txt,11.81843333333333,1196,1138,128
MainPCRiverview.txt,11.902599999999923,1211,1138,128
MainPCRiverview.txt,12.070933333333354,1215,1138,128
MainPCRiverview.txt,12.239316666666612,1225,1138,128
MainPCRiverview.txt,12.323516666666668,1229,1138,128
MainPCRiverview.txt,12.407683333333262,1234,1138,128
MainPCRiverview.txt,12.660166666666676,1233,1138,128
MainPCRiverview.txt,13.082066666666652,1234,1138,128
MainPCRiverview.txt,13.25039999999996,1232,1138,128
MainPCRiverview.txt,13.41873333333327,1234,1138,128
MainPCRiverview.txt,13.502933333333324,1234,1138,128
MainPCRiverview.txt,13.58708333333331,1235,1138,128
MainPCRiverview.txt,13.671283333333243,1229,1138,128
MainPCRiverview.txt,13.755449999999959,1230,1138,128
MainPCRiverview.txt,13.839583333333334,1235,1138,128
MainPCRiverview.txt,14.344383333333342,1235,1138,128
MainPCRiverview.txt,15.101999999999922,1236,1138,128
MainPCRiverview.txt,15.186133333333297,1236,1138,128
MainPCRiverview.txt,15.691949999999997,1228,1138,128
MainPCRiverview.txt,15.860200000000017,1234,1138,128
MainPCRiverview.txt,16.028449999999914,1234,1138,128
MainPCRiverview.txt,16.365016666666634,1232,1138,128
MainPCRiverview.txt,16.44915000000001,1215,1138,128
MainPCRiverview.txt,16.86991666666666,1215,1138,128
MainPCRiverview.txt,17.71123333333332,1215,1138,128
MainPCRiverview.txt,18.30118333333327,1216,1138,128
MainPCRiverview.txt,18.553583333333275,1216,1138,128
MainPCRiverview.txt,19.394899999999932,1216,1138,128
MainPCRiverview.txt,19.89968333333333,1212,1138,128
MainPCRiverview.txt,19.983799999999974,1220,1138,128
MainPCRiverview.txt,20.236650000000008,1220,1138,128
MainPCRiverview.txt,21.078999999999965,1218,1138,128
MainPCRiverview.txt,21.16318333333329,1220,1138,128
MainPCRiverview.txt,21.247350000000004,1218,1138,128
MainPCRiverview.txt,21.33153333333333,1214,1138,128
MainPCRiverview.txt,21.415716666666654,1224,1138,128
MainPCRiverview.txt,21.49984999999991,1228,1138,128
MainPCRiverview.txt,21.584016666666624,1219,1138,128
MainPCRiverview.txt,21.66819999999995,1229,1138,128
MainPCRiverview.txt,21.752349999999932,1227,1138,128
MainPCRiverview.txt,21.83654999999999,1235,1138,128
MainPCRiverview.txt,21.920733333333313,1228,1138,128
MainPCRiverview.txt,22.089083333333352,1223,1138,128
MainPCRiverview.txt,22.173233333333336,1221,1138,128
MainPCRiverview.txt,22.25739999999993,1223,1138,128
MainPCRiverview.txt,22.341599999999985,1218,1138,128
MainPCRiverview.txt,22.42576666666658,1216,1138,128
MainPCRiverview.txt,22.509966666666635,1221,1138,128
MainPCRiverview.txt,22.59413333333335,1220,1138,128
MainPCRiverview.txt,22.678516666666596,1213,1138,128
MainPCRiverview.txt,22.76269999999992,1227,1138,128
MainPCRiverview.txt,22.848016666666688,1226,1138,128
MainPCRiverview.txt,22.93214999999994,1228,1138,128
MainPCRiverview.txt,23.016349999999996,1226,1138,128
MainPCRiverview.txt,23.10051666666659,1228,1138,128
MainPCRiverview.txt,23.184683333333304,1227,1138,128
MainPCRiverview.txt,23.26886666666663,1228,1138,128
MainPCRiverview.txt,23.43718333333333,1227,1138,128
MainPCRiverview.txt,23.521316666666582,1228,1138,128
MainPCRiverview.txt,23.605516666666638,1233,1138,128
MainPCRiverview.txt,23.689683333333353,1227,1138,128
MainPCRiverview.txt,23.857983333333323,1224,1138,128
MainPCRiverview.txt,23.942166666666648,1221,1138,128
MainPCRiverview.txt,24.110466666666618,1222,1138,128
MainPCRiverview.txt,24.19459999999999,1224,1138,128
MainPCRiverview.txt,24.278766666666584,1220,1138,128
MainPCRiverview.txt,24.36288333333335,1221,1138,128
MainPCRiverview.txt,24.446999999999996,1221,1138,128
MainPCRiverview.txt,24.53114999999998,1217,1138,128
MainPCRiverview.txt,24.615283333333235,1212,1138,128
MainPCRiverview.txt,24.69943333333334,1204,1138,128
MainPCRiverview.txt,24.783566666666594,1208,1138,128
MainPCRiverview.txt,24.86773333333331,1201,1138,128
MainPCRiverview.txt,24.951916666666634,1207,1138,128
MainPCRiverview.txt,25.036166666666638,1204,1138,128
MainPCRiverview.txt,25.12031666666662,1210,1138,128
MainPCRiverview.txt,25.204916666666637,1205,1138,128
MainPCRiverview.txt,25.289133333333304,1210,1138,128
MainPCRiverview.txt,25.542749999999916,1204,1138,128
MainPCRiverview.txt,25.711050000000007,1199,1138,128
MainPCRiverview.txt,25.795183333333263,1203,1138,136
MainPCRiverview.txt,25.879333333333246,1202,1138,136
MainPCRiverview.txt,25.96348333333335,1209,1138,136
MainPCRiverview.txt,26.13179999999993,1199,1138,136
MainPCRiverview.txt,26.215933333333304,1202,1138,136
MainPCRiverview.txt,26.30008333333329,1211,1138,136
MainPCRiverview.txt,26.384199999999932,1171,1102,136
MainPCRiverview.txt,26.468383333333257,1212,1138,136
MainPCRiverview.txt,26.720816666666604,1220,1138,145
MainPCRiverview.txt,26.973216666666605,1220,1138,145
MainPCRiverview.txt,27.057366666666592,1211,1138,145
MainPCRiverview.txt,27.141549999999917,1204,1138,145
MainPCRiverview.txt,27.478083333333295,1207,1138,145
MainPCRiverview.txt,27.814650000000015,1206,1138,145
MainPCRiverview.txt,27.89984999999991,1210,1138,145
MainPCRiverview.txt,28.152266666666645,1213,1138,145
MainPCRiverview.txt,28.23643333333324,1212,1138,145
MainPCRiverview.txt,28.320550000000004,1206,1138,145
MainPCRiverview.txt,28.404699999999988,1211,1138,145
MainPCRiverview.txt,28.48883333333324,1205,1138,145
MainPCRiverview.txt,28.6571166666666,1209,1138,145
MainPCRiverview.txt,28.741283333333318,1204,1138,145
MainPCRiverview.txt,29.077799999999964,1207,1138,145
MainPCRiverview.txt,29.16196666666668,1215,1138,145
MainPCRiverview.txt,29.414366666666684,1216,1138,145
MainPCRiverview.txt,29.498516666666667,1216,1138,145
MainPCRiverview.txt,29.91924999999998,1210,1138,145
MainPCRiverview.txt,30.003399999999964,1213,1138,145
MainPCRiverview.txt,30.08753333333334,1218,1138,145
MainPCRiverview.txt,30.340316666666574,1218,1138,145
MainPCRiverview.txt,30.677916666666594,1217,1138,145
MainPCRiverview.txt,30.76203333333324,1212,1138,145
MainPCRiverview.txt,30.846183333333343,1213,1138,145
MainPCRiverview.txt,31.18264999999992,1207,1138,145
MainPCRiverview.txt,31.266783333333297,1214,1138,145
MainPCRiverview.txt,32.023983333333305,1214,1138,145
MainPCRiverview.txt,32.696999999999996,1208,1138,145
MainPCRiverview.txt,32.86531666666657,1208,1138,145
MainPCRiverview.txt,32.950499999999984,1214,1138,145
MainPCRiverview.txt,33.37118333333334,1219,1138,145
MainPCRiverview.txt,33.45529999999999,1225,1138,145
MainPCRiverview.txt,33.539449999999974,1229,1138,145
MainPCRiverview.txt,33.70774999999994,1232,1138,145
MainPCRiverview.txt,33.87606666666664,1225,1138,145
MainPCRiverview.txt,34.04435,1219,1138,145
MainPCRiverview.txt,34.21261666666663,1218,1138,145
MainPCRiverview.txt,34.549166666666615,1218,1138,145
MainPCRiverview.txt,35.39098333333325,1218,1138,145
MainPCRiverview.txt,35.72863333333335,1224,1138,145
MainPCRiverview.txt,36.23346666666657,1224,1138,145
MainPCRiverview.txt,36.9907666666666,1218,1138,145
MainPCRiverview.txt,37.07489999999998,1218,1138,145
MainPCRiverview.txt,37.41144999999997,1212,1138,145
MainPCRiverview.txt,37.495616666666685,1218,1138,145
MainPCRiverview.txt,37.91631666666665,1218,1138,145
MainPCRiverview.txt,38.254249999999956,1212,1138,145
MainPCRiverview.txt,38.67506666666668,1208,1138,145
MainPCRiverview.txt,38.75923333333328,1204,1138,145
MainPCRiverview.txt,38.8434166666666,1206,1138,145
MainPCRiverview.txt,38.927566666666586,1218,1138,145
MainPCRiverview.txt,39.095916666666625,1224,1138,145
MainPCRiverview.txt,39.34853333333328,1223,1138,145
MainPCRiverview.txt,39.51688333333332,1226,1138,145
MainPCRiverview.txt,39.60098333333335,1229,1138,145
MainPCRiverview.txt,39.76929999999993,1211,1138,145
MainPCRiverview.txt,39.85344999999992,1220,1138,145
MainPCRiverview.txt,39.93760000000002,1214,1138,145
MainPCRiverview.txt,40.021750000000004,1210,1138,145
MainPCRiverview.txt,40.10589999999999,1208,1138,145
MainPCRiverview.txt,40.44291666666662,1208,1138,145
MainPCRiverview.txt,41.285483333333346,1208,1138,145
MainPCRiverview.txt,41.53788333333335,1213,1138,145
MainPCRiverview.txt,41.70614999999998,1221,1138,145
MainPCRiverview.txt,41.79029999999997,1209,1138,145
MainPCRiverview.txt,41.87450000000002,1203,1138,145
MainPCRiverview.txt,41.958633333333275,1218,1138,145
MainPCRiverview.txt,42.042799999999986,1208,1138,145
MainPCRiverview.txt,42.12696666666658,1217,1138,145
MainPCRiverview.txt,42.2111333333333,1207,1138,145
MainPCRiverview.txt,42.29530000000001,1211,1138,145
MainPCRiverview.txt,42.37945,1214,1138,145
MainPCRiverview.txt,42.46361666666659,1215,1138,145
MainPCRiverview.txt,42.54778333333331,1212,1138,145
MainPCRiverview.txt,42.6319499999999,1223,1138,145
MainPCRiverview.txt,42.71608333333327,1224,1138,145
MainPCRiverview.txt,42.80019999999992,1222,1138,145
MainPCRiverview.txt,42.88436666666664,1223,1138,145
MainPCRiverview.txt,42.96853333333335,1221,1138,145
MainPCRiverview.txt,43.053799999999924,1215,1138,145
MainPCRiverview.txt,43.13798333333325,1222,1138,145
MainPCRiverview.txt,43.22206666666668,1224,1138,145
MainPCRiverview.txt,43.306199999999926,1217,1138,145
MainPCRiverview.txt,43.39034999999991,1221,1138,145
MainPCRiverview.txt,43.47448333333329,1216,1138,145
MainPCRiverview.txt,43.81108333333335,1223,1138,145
MainPCRiverview.txt,43.97938333333332,1222,1138,145
MainPCRiverview.txt,44.23185,1216,1138,145
MainPCRiverview.txt,44.31599999999999,1221,1138,145
MainPCRiverview.txt,44.40016666666658,1213,1138,145
MainPCRiverview.txt,44.484299999999955,1212,1138,145
MainPCRiverview.txt,44.56846666666667,1222,1138,145
MainPCRiverview.txt,44.652649999999994,1222,1138,145
MainPCRiverview.txt,44.73678333333325,1223,1138,145
MainPCRiverview.txt,45.49453333333331,1223,1138,145
MainPCRiverview.txt,46.33694999999995,1223,1138,145
MainPCRiverview.txt,47.178316666666674,1223,1138,145
MainPCRiverview.txt,48.01973333333335,1223,1138,145
MainPCRiverview.txt,48.86196666666668,1223,1138,145
MainPCRiverview.txt,49.70326666666661,1223,1138,145
MainPCRiverview.txt,50.54484999999998,1223,1138,145
MainPCRiverview.txt,51.38704999999997,1223,1138,145
MainPCRiverview.txt,52.228266666666606,1223,1138,145
MainPCRiverview.txt,52.480633333333266,1224,1138,145
MainPCRiverview.txt,52.73298333333332,1223,1138,145
MainPCRiverview.txt,53.06949999999997,1223,1138,145
MainPCRiverview.txt,53.91184999999993,1223,1138,145
MainPCRiverview.txt,54.752983333333276,1223,1138,145
MainPCRiverview.txt,55.594466666666634,1223,1138,145
MainPCRiverview.txt,56.436783333333246,1223,1138,145
MainPCRiverview.txt,56.94146666666663,1224,1138,145
MainPCRiverview.txt,57.27789999999998,1223,1138,145
MainPCRiverview.txt,58.11896666666665,1223,1138,145
MainPCRiverview.txt,58.961183333333246,1223,1138,145
MainPCRiverview.txt,59.55010000000002,1178,1102,145
MainPCRiverview.txt,59.63426666666661,1222,1138,145
MainPCRiverview.txt,59.71848333333328,1214,1138,145
MainPCRiverview.txt,59.802683333333334,1214,1138,145
MainPCRiverview.txt,59.88684999999993,1208,1138,145
MainPCRiverview.txt,59.97103333333325,1203,1138,145
MainPCRiverview.txt,60.05519999999997,1201,1138,145
MainPCRiverview.txt,60.22353333333328,1200,1138,145
MainPCRiverview.txt,60.3077166666666,1197,1138,145
MainPCRiverview.txt,60.39193333333326,1198,1138,145
MainPCRiverview.txt,60.47611666666659,1204,1138,145
MainPCRiverview.txt,60.56078333333328,1198,1138,145
MainPCRiverview.txt,60.64496666666661,1201,1138,145
MainPCRiverview.txt,60.73026666666665,1192,1138,145
MainPCRiverview.txt,60.8143999999999,1204,1138,145
MainPCRiverview.txt,60.98264999999992,1209,1138,145
MainPCRiverview.txt,61.06681666666664,1210,1138,145
MainPCRiverview.txt,61.15096666666662,1213,1138,145
MainPCRiverview.txt,61.23513333333334,1207,1138,145
MainPCRiverview.txt,61.48753333333334,1201,1138,145
MainPCRiverview.txt,61.571699999999936,1195,1138,145
MainPCRiverview.txt,61.65586666666665,1200,1138,145
MainPCRiverview.txt,61.99248333333332,1209,1138,145
MainPCRiverview.txt,62.07664999999991,1207,1138,145
MainPCRiverview.txt,62.160800000000016,1203,1138,145
MainPCRiverview.txt,62.24496666666661,1197,1138,145
MainPCRiverview.txt,62.329149999999935,1193,1138,145
MainPCRiverview.txt,62.41329999999992,1202,1138,145
MainPCRiverview.txt,62.49744999999991,1197,1138,145
MainPCRiverview.txt,62.665749999999996,1201,1138,145
MainPCRiverview.txt,62.74993333333332,1197,1138,145
MainPCRiverview.txt,62.834116666666645,1196,1138,145
MainPCRiverview.txt,62.918283333333235,1200,1138,145
MainPCRiverview.txt,63.08653333333326,1195,1138,145
MainPCRiverview.txt,63.170666666666634,1195,1138,145
MainPCRiverview.txt,63.25589999999999,1193,1138,145
MainPCRiverview.txt,63.34004999999998,1199,1138,145
MainPCRiverview.txt,63.42421666666657,1198,1138,145
MainPCRiverview.txt,63.592566666666606,1196,1138,145
MainPCRiverview.txt,63.676733333333324,1198,1138,145
MainPCRiverview.txt,63.760899999999914,1202,1138,145
MainPCRiverview.txt,63.84501666666668,1191,1138,145
MainPCRiverview.txt,63.92918333333328,1186,1138,145
MainPCRiverview.txt,64.0133666666666,1184,1138,145
MainPCRiverview.txt,64.18171666666665,1186,1138,145
MainPCRiverview.txt,64.26586666666662,1187,1138,145
MainPCRiverview.txt,64.35004999999995,1183,1138,145
MainPCRiverview.txt,64.43421666666667,1192,1138,145
MainPCRiverview.txt,64.5184166666666,1191,1138,145
MainPCRiverview.txt,64.60254999999998,1190,1138,145
MainPCRiverview.txt,64.68671666666657,1195,1138,145
MainPCRiverview.txt,64.85501666666666,1205,1138,145
MainPCRiverview.txt,64.93918333333325,1198,1138,145
MainPCRiverview.txt,65.10749999999994,1197,1138,145
MainPCRiverview.txt,65.19168333333327,1188,1138,145
MainPCRiverview.txt,65.27584999999999,1187,1138,145
MainPCRiverview.txt,65.35999999999997,1192,1138,145
MainPCRiverview.txt,65.4441833333333,1187,1138,145
MainPCRiverview.txt,65.52836666666663,1194,1138,145
MainPCRiverview.txt,65.6129333333333,1195,1138,145
MainPCRiverview.txt,65.69708333333328,1196,1138,145
MainPCRiverview.txt,65.86649999999996,1189,1138,145
MainPCRiverview.txt,65.95068333333329,1188,1138,145
MainPCRiverview.txt,66.03486666666662,1197,1138,145
MainPCRiverview.txt,66.11903333333333,1199,1138,145
MainPCRiverview.txt,66.37150000000001,1201,1127,145
MainPCRiverview.txt,66.45568333333334,1199,1127,145
MainPCRiverview.txt,66.53988333333328,1198,1127,145
MainPCRiverview.txt,66.70823333333331,1204,1127,145
MainPCRiverview.txt,66.79241666666664,1198,1127,145
MainPCRiverview.txt,66.87659999999997,1203,1127,145
MainPCRiverview.txt,67.04495,1205,1127,145
MainPCRiverview.txt,67.21329999999992,1200,1127,145
MainPCRiverview.txt,67.2974333333333,1209,1138,145
MainPCRiverview.txt,67.38158333333328,1209,1138,145
MainPCRiverview.txt,68.13899999999994,1203,1138,145
MainPCRiverview.txt,68.22314999999993,1202,1138,145
MainPCRiverview.txt,68.39261666666668,1203,1138,145
MainPCRiverview.txt,68.56091666666664,1208,1138,145
MainPCRiverview.txt,68.64506666666664,1206,1138,145
MainPCRiverview.txt,68.89753333333331,1207,1138,145
MainPCRiverview.txt,68.9816999999999,1206,1138,145
MainPCRiverview.txt,69.06585000000001,1206,1138,145
MainPCRiverview.txt,69.23413333333325,1205,1138,145
MainPCRiverview.txt,69.31828333333324,1206,1138,145
MainPCRiverview.txt,69.40243333333335,1200,1138,145
MainPCRiverview.txt,69.57074999999992,1201,1138,145
MainPCRiverview.txt,69.8232,1206,1138,145
MainPCRiverview.txt,69.90734999999998,1206,1138,145
MainPCRiverview.txt,69.99151666666657,1209,1138,145
MainPCRiverview.txt,70.07566666666668,1205,1138,145
MainPCRiverview.txt,70.15981666666667,1206,1138,145
MainPCRiverview.txt,70.32813333333324,1201,1138,145
MainPCRiverview.txt,70.49643333333333,1207,1138,145
MainPCRiverview.txt,70.58058333333332,1202,1138,145
MainPCRiverview.txt,70.66519999999994,1195,1138,145
MainPCRiverview.txt,70.74933333333333,1201,1138,145
MainPCRiverview.txt,70.83456666666667,1196,1138,145
MainPCRiverview.txt,70.91871666666665,1190,1138,145
MainPCRiverview.txt,71.00289999999998,1206,1138,145
MainPCRiverview.txt,71.08708333333331,1204,1138,145
MainPCRiverview.txt,71.17123333333329,1200,1138,145
MainPCRiverview.txt,71.25541666666662,1202,1138,145
MainPCRiverview.txt,71.33958333333334,1210,1138,145
MainPCRiverview.txt,71.42374999999993,1208,1138,145
MainPCRiverview.txt,71.59208333333324,1197,1138,145
MainPCRiverview.txt,71.67626666666668,1205,1138,145
MainPCRiverview.txt,71.76039999999993,1209,1138,145
MainPCRiverview.txt,71.84456666666665,1205,1138,145
MainPCRiverview.txt,72.01286666666662,1206,1138,145
MainPCRiverview.txt,72.18119999999993,1208,1138,145
MainPCRiverview.txt,72.26536666666665,1212,1138,145
MainPCRiverview.txt,72.43368333333335,1212,1138,145
MainPCRiverview.txt,72.5178166666666,1211,1138,145
MainPCRiverview.txt,72.77009999999997,1209,1138,145
MainPCRiverview.txt,72.85424999999995,1210,1138,145
MainPCRiverview.txt,73.02258333333326,1211,1138,145
MainPCRiverview.txt,73.19091666666658,1205,1138,145
MainPCRiverview.txt,73.27513333333324,1207,1138,145
MainPCRiverview.txt,73.36039999999994,1202,1138,145
MainPCRiverview.txt,73.44458333333326,1201,1138,145
MainPCRiverview.txt,73.52874999999997,1200,1138,145
MainPCRiverview.txt,73.69703333333334,1208,1138,145
MainPCRiverview.txt,73.78121666666667,1206,1138,145
MainPCRiverview.txt,74.03371666666668,1207,1138,145
MainPCRiverview.txt,74.1179,1207,1138,145
MainPCRiverview.txt,74.28624999999992,1206,1138,145
MainPCRiverview.txt,74.37036666666657,1198,1138,145
MainPCRiverview.txt,74.45453333333329,1196,1138,145
MainPCRiverview.txt,74.53871666666662,1204,1138,145
MainPCRiverview.txt,74.6228666666666,1197,1138,145
MainPCRiverview.txt,74.70701666666658,1196,1138,145
MainPCRiverview.txt,74.79116666666668,1199,1138,145
MainPCRiverview.txt,74.87535000000001,1200,1138,145
MainPCRiverview.txt,74.95953333333334,1200,1138,145
MainPCRiverview.txt,75.04371666666665,1207,1138,145
MainPCRiverview.txt,75.12784999999991,1204,1138,145
MainPCRiverview.txt,75.21201666666663,1190,1138,145
MainPCRiverview.txt,75.29615,1200,1138,145
MainPCRiverview.txt,75.54864999999991,1193,1138,145
MainPCRiverview.txt,75.63283333333335,1206,1138,145
MainPCRiverview.txt,75.71741666666664,1200,1138,145
MainPCRiverview.txt,75.80161666666658,1204,1138,145
MainPCRiverview.txt,76.22348333333333,1203,1138,145
MainPCRiverview.txt,76.3917833333333,1198,1138,145
MainPCRiverview.txt,76.6442666666666,1198,1138,145
MainPCRiverview.txt,76.81256666666668,1199,1138,145
MainPCRiverview.txt,76.89676666666661,1200,1138,145
MainPCRiverview.txt,76.98093333333333,1207,1138,145
MainPCRiverview.txt,77.23338333333328,1204,1138,145
MainPCRiverview.txt,77.4858833333333,1204,1138,145
MainPCRiverview.txt,77.57001666666669,1207,1138,145
MainPCRiverview.txt,77.73835,1204,1138,145
MainPCRiverview.txt,77.82253333333331,1202,1138,145
MainPCRiverview.txt,78.07504999999995,1196,1138,145
MainPCRiverview.txt,78.1591666666666,1209,1138,145
MainPCRiverview.txt,78.24331666666657,1207,1138,145
MainPCRiverview.txt,78.32748333333329,1207,1138,145
MainPCRiverview.txt,78.41274999999999,1203,1138,145
MainPCRiverview.txt,78.49691666666658,1204,1138,145
MainPCRiverview.txt,78.58106666666657,1200,1138,145
MainPCRiverview.txt,78.74934999999992,1201,1138,145
MainPCRiverview.txt,78.83353333333325,1198,1138,145
MainPCRiverview.txt,78.9177333333333,1206,1138,145
MainPCRiverview.txt,79.00193333333324,1203,1138,145
MainPCRiverview.txt,79.08611666666657,1192,1138,145
MainPCRiverview.txt,79.17024999999994,1197,1138,145
MainPCRiverview.txt,79.5069499999999,1191,1138,145
MainPCRiverview.txt,79.59114999999996,1202,1138,145
MainPCRiverview.txt,79.75949999999999,1201,1138,145
MainPCRiverview.txt,80.01196666666668,1201,1138,145
MainPCRiverview.txt,80.09613333333327,1200,1138,145
MainPCRiverview.txt,80.18033333333332,1195,1138,145
MainPCRiverview.txt,80.26449999999993,1188,1138,145
MainPCRiverview.txt,80.34866666666663,1191,1138,145
MainPCRiverview.txt,80.51699999999995,1186,1138,145
MainPCRiverview.txt,80.85408333333325,1189,1138,145
MainPCRiverview.txt,80.9393833333333,1190,1135,145
MainPCRiverview.txt,81.02356666666661,1194,1138,145
MainPCRiverview.txt,81.10773333333333,1201,1138,145
MainPCRiverview.txt,81.19191666666666,1206,1138,145
MainPCRiverview.txt,81.36021666666663,1212,1138,145
MainPCRiverview.txt,81.44436666666661,1207,1138,145
MainPCRiverview.txt,81.52853333333333,1214,1138,145
MainPCRiverview.txt,81.61268333333331,1211,1138,145
MainPCRiverview.txt,81.6968499999999,1210,1138,145
MainPCRiverview.txt,81.78103333333335,1209,1138,145
MainPCRiverview.txt,81.86521666666667,1215,1138,145
MainPCRiverview.txt,81.94941666666661,1213,1138,145
MainPCRiverview.txt,82.03354999999998,1209,1138,145
MainPCRiverview.txt,82.11778333333326,1210,1138,145
MainPCRiverview.txt,82.20193333333324,1211,1138,145
MainPCRiverview.txt,82.53849999999996,1211,1138,145
MainPCRiverview.txt,82.87510000000002,1210,1138,145
MainPCRiverview.txt,82.95928333333335,1211,1138,145
MainPCRiverview.txt,83.38006666666661,1211,1138,145
MainPCRiverview.txt,83.46528333333323,1212,1138,145
MainPCRiverview.txt,83.54944999999995,1206,1138,145
MainPCRiverview.txt,83.88613333333329,1200,1138,145
MainPCRiverview.txt,84.13858333333324,1201,1138,145
MainPCRiverview.txt,84.22276666666657,1201,1138,145
MainPCRiverview.txt,84.4752666666666,1208,1138,145
MainPCRiverview.txt,84.55944999999993,1213,1138,145
MainPCRiverview.txt,84.8119,1201,1138,145
MainPCRiverview.txt,84.98024999999991,1208,1138,145
MainPCRiverview.txt,85.0643999999999,1208,1138,145
MainPCRiverview.txt,85.56941666666668,1202,1138,145
MainPCRiverview.txt,85.65358333333327,1200,1138,145
MainPCRiverview.txt,85.7377666666666,1201,1138,145
MainPCRiverview.txt,85.82233333333328,1208,1138,145
MainPCRiverview.txt,85.9065,1208,1138,145
MainPCRiverview.txt,85.99173333333334,1203,1138,145
MainPCRiverview.txt,86.16006666666665,1208,1138,145
MainPCRiverview.txt,86.74908333333333,1209,1138,145
MainPCRiverview.txt,87.00155000000001,1203,1138,145
MainPCRiverview.txt,87.0857,1200,1138,145
MainPCRiverview.txt,87.25399999999996,1206,1138,145
MainPCRiverview.txt,87.50646666666665,1213,1138,145
MainPCRiverview.txt,87.59063333333324,1213,1138,145
MainPCRiverview.txt,87.84313333333327,1206,1138,145
MainPCRiverview.txt,87.9273166666666,1210,1138,145
MainPCRiverview.txt,88.17974999999994,1209,1138,145
MainPCRiverview.txt,88.26391666666665,1211,1138,145
MainPCRiverview.txt,88.34806666666664,1207,1138,145
MainPCRiverview.txt,88.43224999999997,1207,1138,145
MainPCRiverview.txt,88.60161666666657,1193,1138,145
MainPCRiverview.txt,88.68578333333329,1192,1138,145
MainPCRiverview.txt,88.76995000000001,1195,1138,145
MainPCRiverview.txt,89.02249999999998,1159,1102,145
MainPCRiverview.txt,89.10663333333335,1193,1138,145
MainPCRiverview.txt,89.19079999999994,1156,1102,145
MainPCRiverview.txt,89.27496666666666,1200,1138,145
MainPCRiverview.txt,89.35921666666667,1199,1138,145
MainPCRiverview.txt,89.44344999999994,1184,1122,145
MainPCRiverview.txt,90.11708333333324,1180,1122,145
MainPCRiverview.txt,90.20133333333324,1182,1122,145
MainPCRiverview.txt,90.45399999999997,1183,1122,145
MainPCRiverview.txt,90.62243333333329,1179,1122,145
MainPCRiverview.txt,90.87548333333325,1162,1086,145
MainPCRiverview.txt,90.95971666666665,1198,1122,145
MainPCRiverview.txt,91.21349999999997,1192,1122,145
MainPCRiverview.txt,91.38181666666667,1193,1122,145
MainPCRiverview.txt,91.46599999999998,1197,1122,145
MainPCRiverview.txt,91.7185833333333,1190,1122,145
MainPCRiverview.txt,91.80279999999996,1190,1122,145
MainPCRiverview.txt,91.88698333333329,1182,1122,145
MainPCRiverview.txt,91.97121666666668,1187,1122,145
MainPCRiverview.txt,92.05546666666656,1186,1122,145
MainPCRiverview.txt,92.13965000000002,1193,1122,145
MainPCRiverview.txt,92.30803333333327,1190,1122,145
MainPCRiverview.txt,92.47641666666665,1191,1122,145
MainPCRiverview.txt,92.56066666666666,1192,1122,145
MainPCRiverview.txt,92.64484999999998,1181,1122,145
MainPCRiverview.txt,92.8131999999999,1187,1122,145
MainPCRiverview.txt,93.2341666666666,1189,1122,145
MainPCRiverview.txt,93.31839999999998,1183,1122,145
MainPCRiverview.txt,93.40258333333331,1184,1122,145
MainPCRiverview.txt,93.48678333333325,1184,1122,145
MainPCRiverview.txt,93.57214999999997,1183,1122,145
MainPCRiverview.txt,94.07728333333326,1184,1122,145
MainPCRiverview.txt,94.32976666666667,1184,1122,145
MainPCRiverview.txt,94.4139666666666,1185,1122,145
MainPCRiverview.txt,94.49814999999992,1187,1122,145
MainPCRiverview.txt,94.6665333333333,1183,1122,145
MainPCRiverview.txt,94.75076666666658,1186,1122,145
MainPCRiverview.txt,94.83499999999998,1190,1122,145
MainPCRiverview.txt,95.00338333333323,1187,1122,145
MainPCRiverview.txt,95.17181666666669,1187,1122,145
MainPCRiverview.txt,95.25601666666662,1183,1122,145
MainPCRiverview.txt,95.34025000000001,1182,1122,145
MainPCRiverview.txt,95.42446666666667,1179,1122,145
MainPCRiverview.txt,95.93009999999995,1180,1122,145
MainPCRiverview.txt,96.01431666666662,1177,1122,145
MainPCRiverview.txt,96.18381666666659,1182,1122,145
MainPCRiverview.txt,96.26803333333325,1183,1122,145
MainPCRiverview.txt,96.3522333333333,1182,1122,145
MainPCRiverview.txt,96.60478333333327,1176,1122,145
MainPCRiverview.txt,96.7732,1186,1122,145
MainPCRiverview.txt,96.85745,1176,1122,145
MainPCRiverview.txt,96.94161666666659,1177,1122,145
MainPCRiverview.txt,97.02584999999999,1175,1122,145
MainPCRiverview.txt,97.11006666666665,1183,1122,145
MainPCRiverview.txt,97.19429999999993,1171,1122,145
MainPCRiverview.txt,97.27854999999994,1173,1122,145
MainPCRiverview.txt,97.36278333333333,1172,1122,145
MainPCRiverview.txt,97.44698333333326,1169,1122,145
MainPCRiverview.txt,97.53121666666667,1168,1122,145
MainPCRiverview.txt,97.61538333333326,1162,1122,145
MainPCRiverview.txt,97.69958333333331,1152,1106,145
MainPCRiverview.txt,97.78381666666658,1156,1106,145
MainPCRiverview.txt,97.86806666666659,1145,1106,145
MainPCRiverview.txt,97.95226666666665,1150,1106,145
MainPCRiverview.txt,98.03648333333331,1151,1106,145
MainPCRiverview.txt,98.1206499999999,1153,1106,145
MainPCRiverview.txt,98.20483333333335,1154,1106,145
MainPCRiverview.txt,98.28905000000002,1155,1106,145
MainPCRiverview.txt,98.54174999999995,1159,1106,145
MainPCRiverview.txt,98.62711666666668,1153,1106,145
MainPCRiverview.txt,98.71133333333334,1154,1106,145
MainPCRiverview.txt,98.79558333333334,1153,1106,145
MainPCRiverview.txt,98.87976666666667,1152,1106,145
MainPCRiverview.txt,99.04811666666659,1153,1106,145
MainPCRiverview.txt,99.30064999999995,1157,1106,145
MainPCRiverview.txt,99.38485,1154,1106,145
MainPCRiverview.txt,99.46904999999994,1151,1103,145
MainPCRiverview.txt,99.55324999999999,1159,1103,145
MainPCRiverview.txt,100.22668333333326,1156,1103,145
MainPCRiverview.txt,100.31084999999997,1161,1103,145
MainPCRiverview.txt,100.39503333333329,1154,1103,145
MainPCRiverview.txt,100.56338333333333,1153,1103,145
MainPCRiverview.txt,100.73174999999998,1159,1103,145
MainPCRiverview.txt,100.81591666666658,1154,1103,145
MainPCRiverview.txt,100.90010000000002,1160,1106,145
MainPCRiverview.txt,101.06889999999997,1160,1106,145
MainPCRiverview.txt,101.15416666666667,1159,1106,145
MainPCRiverview.txt,101.23831666666665,1158,1106,145
MainPCRiverview.txt,101.7434166666666,1155,1103,145
MainPCRiverview.txt,101.9117333333333,1155,1103,145
MainPCRiverview.txt,101.99591666666662,1151,1103,145
MainPCRiverview.txt,102.08015000000002,1156,1106,145
MainPCRiverview.txt,102.24848333333333,1160,1106,145
MainPCRiverview.txt,102.33268333333326,1155,1106,145
MainPCRiverview.txt,102.41684999999998,1156,1106,145
MainPCRiverview.txt,102.58524999999996,1162,1106,145
MainPCRiverview.txt,102.6694499999999,1163,1106,145
MainPCRiverview.txt,102.75366666666669,1163,1106,145
MainPCRiverview.txt,102.83783333333328,1158,1106,145
MainPCRiverview.txt,103.00628333333334,1157,1103,145
MainPCRiverview.txt,103.09046666666667,1158,1103,145
MainPCRiverview.txt,103.59551666666667,1169,1106,145
MainPCRiverview.txt,103.93329999999999,1165,1106,145
MainPCRiverview.txt,104.01746666666659,1159,1106,145
MainPCRiverview.txt,104.43839999999994,1161,1106,145
MainPCRiverview.txt,104.60671666666664,1154,1106,145
MainPCRiverview.txt,104.85923333333328,1164,1106,145
MainPCRiverview.txt,104.9434166666666,1159,1106,145
MainPCRiverview.txt,105.02759999999992,1161,1106,145
MainPCRiverview.txt,105.28009999999995,1163,1106,145
MainPCRiverview.txt,105.44846666666659,1157,1106,145
MainPCRiverview.txt,105.61683333333325,1163,1106,145
MainPCRiverview.txt,105.70101666666658,1155,1106,145
MainPCRiverview.txt,105.78520000000002,1163,1106,145
MainPCRiverview.txt,105.95354999999994,1160,1106,145
MainPCRiverview.txt,106.0381833333333,1164,1106,145
MainPCRiverview.txt,106.12239999999996,1168,1106,145
MainPCRiverview.txt,106.20768333333326,1163,1106,145
MainPCRiverview.txt,106.29189999999993,1152,1103,145
MainPCRiverview.txt,106.37606666666665,1145,1100,145
MainPCRiverview.txt,106.46023333333324,1147,1100,145
MainPCRiverview.txt,106.54441666666668,1148,1100,145
MainPCRiverview.txt,106.62861666666662,1149,1100,145
MainPCRiverview.txt,106.71281666666667,1164,1106,145
MainPCRiverview.txt,106.79696666666665,1167,1106,145
MainPCRiverview.txt,106.88121666666666,1161,1106,145
MainPCRiverview.txt,106.96543333333332,1156,1106,145
MainPCRiverview.txt,107.04968333333333,1151,1095,145
MainPCRiverview.txt,107.13388333333326,1163,1095,145
MainPCRiverview.txt,107.21808333333333,1158,1095,145
MainPCRiverview.txt,107.3023166666666,1155,1095,145
MainPCRiverview.txt,107.38651666666665,1161,1095,145
MainPCRiverview.txt,107.47073333333331,1168,1098,145
MainPCRiverview.txt,107.63908333333335,1157,1106,145
MainPCRiverview.txt,107.72328333333328,1159,1106,145
MainPCRiverview.txt,107.80751666666669,1164,1106,145
MainPCRiverview.txt,107.89168333333328,1167,1106,145
MainPCRiverview.txt,107.9758666666666,1164,1106,145
MainPCRiverview.txt,108.1442666666666,1163,1095,145
MainPCRiverview.txt,108.2285166666666,1168,1095,145
MainPCRiverview.txt,108.48119999999993,1163,1106,145
MainPCRiverview.txt,108.56539999999998,1169,1106,145
MainPCRiverview.txt,108.64959999999992,1164,1102,145
MainPCRiverview.txt,108.73486666666662,1145,1102,145
MainPCRiverview.txt,108.81911666666662,1159,1102,145
MainPCRiverview.txt,108.90335000000002,1155,1102,145
MainPCRiverview.txt,108.98758333333329,1154,1102,145
MainPCRiverview.txt,109.24019999999994,1160,1102,145
MainPCRiverview.txt,109.32436666666666,1158,1102,145
MainPCRiverview.txt,109.40856666666659,1157,1102,145
MainPCRiverview.txt,109.49279999999999,1148,1102,145
MainPCRiverview.txt,109.5772499999999,1150,1102,145
MainPCRiverview.txt,109.66146666666658,1154,1091,145
MainPCRiverview.txt,109.74569999999997,1155,1091,145
MainPCRiverview.txt,109.82996666666659,1154,1091,145
MainPCRiverview.txt,109.99841666666664,1159,1100,145
MainPCRiverview.txt,110.08261666666658,1149,1106,145
MainPCRiverview.txt,110.16686666666659,1150,1106,145
MainPCRiverview.txt,110.25108333333326,1143,1095,145
MainPCRiverview.txt,110.3353666666666,1151,1095,145
MainPCRiverview.txt,110.4196166666666,1156,1106,145
MainPCRiverview.txt,110.50381666666665,1151,1106,145
MainPCRiverview.txt,110.58804999999992,1148,1106,145
MainPCRiverview.txt,110.67224999999999,1158,1106,145
MainPCRiverview.txt,110.75648333333326,1157,1106,145
MainPCRiverview.txt,110.84069999999993,1152,1106,145
MainPCRiverview.txt,110.92493333333331,1162,1106,145
MainPCRiverview.txt,111.00911666666664,1154,1106,145
MainPCRiverview.txt,111.09379999999994,1152,1106,145
MainPCRiverview.txt,111.17798333333327,1171,1106,145
MainPCRiverview.txt,111.26333333333326,1164,1106,145
MainPCRiverview.txt,111.76844999999994,1182,1106,145
MainPCRiverview.txt,111.85268333333333,1180,1106,145
MainPCRiverview.txt,111.9369,1137,1092,145
MainPCRiverview.txt,112.02104999999999,1131,1087,145
MainPCRiverview.txt,112.10534999999994,1153,1087,145
MainPCRiverview.txt,112.18958333333333,1150,1087,145
MainPCRiverview.txt,112.2738166666666,1158,1087,145
MainPCRiverview.txt,112.44224999999993,1170,1087,145
MainPCRiverview.txt,112.61068333333327,1173,1089,145
MainPCRiverview.txt,112.69491666666666,1168,1089,145
MainPCRiverview.txt,112.7791166666666,1161,1106,145
MainPCRiverview.txt,112.86328333333331,1161,1106,145
MainPCRiverview.txt,113.03171666666664,1155,1106,145
MainPCRiverview.txt,113.28436666666663,1169,1106,145
MainPCRiverview.txt,113.36856666666657,1122,1070,145
MainPCRiverview.txt,113.45276666666662,1158,1106,145
MainPCRiverview.txt,113.70538333333327,1136,1070,145
MainPCRiverview.txt,113.79069999999993,1171,1106,145
MainPCRiverview.txt,113.95914999999998,1168,1106,145
MainPCRiverview.txt,114.12756666666658,1170,1106,145
MainPCRiverview.txt,114.21181666666659,1163,1106,145
MainPCRiverview.txt,114.29603333333326,1165,1106,145
MainPCRiverview.txt,114.54866666666663,1156,1106,145
MainPCRiverview.txt,114.6328833333333,1159,1106,145
MainPCRiverview.txt,114.71713333333331,1164,1106,145
MainPCRiverview.txt,114.80136666666658,1163,1106,145
MainPCRiverview.txt,114.88558333333324,1160,1106,145
MainPCRiverview.txt,115.05403333333331,1154,1106,145
MainPCRiverview.txt,115.22249999999998,1160,1106,145
MainPCRiverview.txt,115.39091666666657,1160,1106,145
MainPCRiverview.txt,115.55936666666663,1161,1106,145
MainPCRiverview.txt,115.81203333333323,1170,1106,145
MainPCRiverview.txt,115.89624999999991,1164,1106,145
MainPCRiverview.txt,116.14929999999998,1167,1106,145
MainPCRiverview.txt,116.2334999999999,1167,1106,145
MainPCRiverview.txt,116.31888333333323,1168,1106,145
MainPCRiverview.txt,116.48728333333335,1162,1106,145
MainPCRiverview.txt,116.57146666666668,1160,1106,145
MainPCRiverview.txt,116.6556666666666,1156,1106,145
MainPCRiverview.txt,116.82413333333328,1163,1106,145
MainPCRiverview.txt,116.90833333333333,1165,1106,145
MainPCRiverview.txt,117.07676666666666,1166,1106,145
MainPCRiverview.txt,117.1609666666666,1171,1106,145
MainPCRiverview.txt,117.24518333333326,1152,1106,145
MainPCRiverview.txt,117.32941666666666,1153,1106,145
MainPCRiverview.txt,117.41363333333332,1148,1092,145
MainPCRiverview.txt,117.49783333333326,1160,1106,145
MainPCRiverview.txt,117.58203333333331,1154,1106,145
MainPCRiverview.txt,117.7504333333333,1159,1106,145
MainPCRiverview.txt,117.83466666666658,1158,1106,145
MainPCRiverview.txt,117.91888333333324,1167,1106,145
MainPCRiverview.txt,118.00313333333324,1162,1106,145
MainPCRiverview.txt,118.08736666666664,1155,1106,145
MainPCRiverview.txt,118.17156666666658,1165,1106,145
MainPCRiverview.txt,118.25571666666669,1159,1106,145
MainPCRiverview.txt,118.42405,1154,1106,145
MainPCRiverview.txt,118.50818333333324,1150,1106,145
MainPCRiverview.txt,118.59233333333334,1155,1100,145
MainPCRiverview.txt,118.67655,1151,1100,145
MainPCRiverview.txt,118.76073333333333,1162,1100,145
MainPCRiverview.txt,119.09851666666667,1165,1106,145
MainPCRiverview.txt,119.18268333333326,1162,1106,145
MainPCRiverview.txt,119.26691666666666,1160,1106,145
MainPCRiverview.txt,119.35118333333327,1165,1106,145
MainPCRiverview.txt,119.43534999999999,1167,1106,145
MainPCRiverview.txt,119.51954999999992,1156,1106,145
MainPCRiverview.txt,119.60376666666659,1160,1106,145
MainPCRiverview.txt,119.68798333333325,1153,1106,145
MainPCRiverview.txt,119.77216666666658,1162,1106,145
MainPCRiverview.txt,119.85636666666663,1168,1106,145
MainPCRiverview.txt,119.94063333333324,1158,1106,145
MainPCRiverview.txt,120.0248333333333,1161,1106,145
MainPCRiverview.txt,120.10901666666662,1155,1106,145
MainPCRiverview.txt,120.19323333333328,1154,1096,145
MainPCRiverview.txt,120.36166666666662,1150,1096,145
MainPCRiverview.txt,120.44584999999994,1163,1096,145
MainPCRiverview.txt,120.53009999999995,1161,1096,145
MainPCRiverview.txt,120.61431666666661,1155,1088,145
MainPCRiverview.txt,120.78274999999994,1157,1088,145
MainPCRiverview.txt,121.11964999999994,1156,1088,145
MainPCRiverview.txt,121.20434999999998,1148,1088,145
MainPCRiverview.txt,121.2885333333333,1147,1088,145
MainPCRiverview.txt,121.37386666666667,1143,1088,145
MainPCRiverview.txt,121.54231666666662,1139,1088,145
MainPCRiverview.txt,121.71071666666661,1146,1088,145
MainPCRiverview.txt,121.87920000000001,1145,1088,145
MainPCRiverview.txt,122.13191666666668,1143,1088,145
MainPCRiverview.txt,122.21611666666662,1145,1088,145
MainPCRiverview.txt,122.30033333333328,1143,1088,145
MainPCRiverview.txt,122.38460000000002,1147,1088,145
MainPCRiverview.txt,122.46881666666668,1140,1088,145
MainPCRiverview.txt,122.55303333333335,1146,1088,145
MainPCRiverview.txt,122.63723333333328,1147,1088,145
MainPCRiverview.txt,122.80568333333333,1141,1088,145
MainPCRiverview.txt,122.97409999999994,1151,1088,145
MainPCRiverview.txt,123.0583166666666,1156,1088,145
MainPCRiverview.txt,123.22671666666659,1145,1088,145
MainPCRiverview.txt,123.31094999999999,1143,1088,145
MainPCRiverview.txt,123.39518333333326,1149,1088,145
MainPCRiverview.txt,123.47938333333332,1155,1088,145
MainPCRiverview.txt,123.81621666666663,1155,1088,145
MainPCRiverview.txt,124.06993333333327,1156,1088,145
MainPCRiverview.txt,124.15414999999993,1158,1088,145
MainPCRiverview.txt,124.6593333333333,1156,1088,145
MainPCRiverview.txt,124.7435833333333,1152,1088,145
MainPCRiverview.txt,124.82778333333323,1149,1088,145
MainPCRiverview.txt,125.16461666666667,1150,1088,145
MainPCRiverview.txt,125.24881666666661,1154,1088,145
MainPCRiverview.txt,125.41726666666666,1140,1088,145
MainPCRiverview.txt,125.50151666666667,1149,1088,145
MainPCRiverview.txt,125.58571666666661,1147,1088,145
MainPCRiverview.txt,125.75411666666659,1137,1088,145
MainPCRiverview.txt,125.83834999999999,1142,1088,145
MainPCRiverview.txt,125.92251666666658,1145,1088,145
MainPCRiverview.txt,126.09091666666657,1150,1088,145
MainPCRiverview.txt,126.17511666666663,1153,1088,145
MainPCRiverview.txt,126.34394999999992,1151,1088,145
MainPCRiverview.txt,126.4292833333333,1157,1088,145
MainPCRiverview.txt,126.68191666666668,1152,1088,145
MainPCRiverview.txt,126.85031666666667,1151,1088,145
MainPCRiverview.txt,127.10298333333327,1145,1088,145
MainPCRiverview.txt,127.18719999999993,1145,1088,145
MainPCRiverview.txt,127.35568333333335,1151,1088,145
MainPCRiverview.txt,128.02934999999997,1145,1088,145
MainPCRiverview.txt,128.1136166666666,1151,1088,145
MainPCRiverview.txt,128.28203333333332,1145,1088,145
MainPCRiverview.txt,128.53474999999997,1142,1088,145
MainPCRiverview.txt,128.61896666666664,1151,1088,145
MainPCRiverview.txt,128.70318333333333,1150,1088,145
MainPCRiverview.txt,128.78743333333333,1134,1072,145
MainPCRiverview.txt,128.87171666666666,1129,1072,145
MainPCRiverview.txt,128.95716666666667,1131,1072,145
MainPCRiverview.txt,129.1256,1125,1072,145
MainPCRiverview.txt,129.20981666666665,1127,1072,145
MainPCRiverview.txt,129.71521666666666,1127,1072,145
MainPCRiverview.txt,129.79944999999995,1128,1072,145
MainPCRiverview.txt,129.9679166666666,1124,1072,145
MainPCRiverview.txt,130.30473333333333,1127,1072,145
MainPCRiverview.txt,130.38898333333333,1121,1072,145
MainPCRiverview.txt,130.55743333333328,1121,1072,145
MainPCRiverview.txt,130.64163333333332,1124,1072,145
MainPCRiverview.txt,130.72588333333334,1126,1072,145
MainPCRiverview.txt,130.8101,1127,1072,145
MainPCRiverview.txt,130.97853333333333,1128,1072,145
MainPCRiverview.txt,131.06278333333333,1125,1072,145
MainPCRiverview.txt,131.4001,1120,1072,145
MainPCRiverview.txt,131.48551666666668,1122,1072,145
MainPCRiverview.txt,131.5697166666666,1118,1072,145
MainPCRiverview.txt,131.73813333333334,1122,1072,145
MainPCRiverview.txt,131.82235,1116,1069,145
MainPCRiverview.txt,131.9065833333333,1127,1072,145
MainPCRiverview.txt,131.9908166666667,1121,1072,145
MainPCRiverview.txt,132.0750666666667,1122,1072,145
MainPCRiverview.txt,132.2435166666666,1122,1072,145
MainPCRiverview.txt,132.41196666666667,1127,1072,145
MainPCRiverview.txt,132.58043333333336,1118,1072,145
MainPCRiverview.txt,132.66463333333328,1130,1067,145
MainPCRiverview.txt,132.8330666666666,1136,1067,145
MainPCRiverview.txt,132.9173,1143,1067,145
MainPCRiverview.txt,133.00155,1138,1067,145
MainPCRiverview.txt,133.08574999999993,1138,1067,145
MainPCRiverview.txt,133.16998333333333,1128,1067,145
MainPCRiverview.txt,133.2541833333333,1130,1072,145
MainPCRiverview.txt,133.33839999999995,1131,1072,145
MainPCRiverview.txt,133.4226,1141,1072,145
MainPCRiverview.txt,133.50681666666665,1140,1072,145
MainPCRiverview.txt,133.67531666666667,1129,1072,145
MainPCRiverview.txt,133.7595166666666,1133,1072,145
MainPCRiverview.txt,133.84373333333326,1135,1072,145
MainPCRiverview.txt,133.92796666666666,1135,1072,145
MainPCRiverview.txt,134.01326666666657,1128,1072,145
MainPCRiverview.txt,134.18166666666656,1134,1072,145
MainPCRiverview.txt,134.26589999999996,1145,1072,145
MainPCRiverview.txt,134.35014999999996,1143,1072,145
MainPCRiverview.txt,134.43439999999998,1138,1072,145
MainPCRiverview.txt,134.68701666666664,1139,1072,145
MainPCRiverview.txt,134.7712333333333,1137,1072,145
MainPCRiverview.txt,134.85549999999992,1131,1061,145
MainPCRiverview.txt,134.9397333333333,1137,1064,145
MainPCRiverview.txt,135.02394999999996,1138,1067,145
MainPCRiverview.txt,135.19234999999995,1137,1067,145
MainPCRiverview.txt,135.36078333333327,1136,1067,145
MainPCRiverview.txt,135.44499999999996,1134,1067,145
MainPCRiverview.txt,135.61345,1126,1067,145
MainPCRiverview.txt,135.78185,1132,1067,145
MainPCRiverview.txt,135.95023333333327,1130,1067,145
MainPCRiverview.txt,136.11864999999997,1141,1067,145
MainPCRiverview.txt,136.37169999999995,1136,1067,145
MainPCRiverview.txt,136.45593333333332,1136,1067,145
MainPCRiverview.txt,136.70968333333332,1138,1072,145
MainPCRiverview.txt,136.79391666666658,1139,1072,145
MainPCRiverview.txt,136.96231666666657,1135,1072,145
MainPCRiverview.txt,137.04653333333323,1130,1072,145
MainPCRiverview.txt,137.13078333333323,1140,1072,145
MainPCRiverview.txt,137.29916666666662,1140,1072,145
MainPCRiverview.txt,137.55176666666665,1141,1072,145
MainPCRiverview.txt,137.63599999999994,1146,1072,145
MainPCRiverview.txt,137.88863333333333,1137,1072,145
MainPCRiverview.txt,138.05703333333332,1139,1072,145
MainPCRiverview.txt,138.14123333333325,1139,1072,145
MainPCRiverview.txt,138.64653333333322,1132,1072,145
MainPCRiverview.txt,138.7307333333333,1141,1072,145
MainPCRiverview.txt,138.81493333333336,1139,1072,145
MainPCRiverview.txt,138.89915000000002,1133,1072,145
MainPCRiverview.txt,138.98336666666668,1133,1072,145
MainPCRiverview.txt,139.15298333333328,1132,1072,145
MainPCRiverview.txt,139.23719999999994,1128,1072,145
MainPCRiverview.txt,139.48983333333334,1130,1072,145
MainPCRiverview.txt,139.57408333333333,1124,1072,145
MainPCRiverview.txt,139.6583166666666,1128,1072,145
MainPCRiverview.txt,139.74255,1138,1072,145
MainPCRiverview.txt,139.82671666666658,1138,1072,145
MainPCRiverview.txt,140.07933333333324,1134,1072,145
MainPCRiverview.txt,140.33198333333323,1140,1072,145
MainPCRiverview.txt,140.58460000000002,1142,1072,145
MainPCRiverview.txt,140.66883333333328,1136,1072,145
MainPCRiverview.txt,140.75306666666668,1138,1072,145
MainPCRiverview.txt,140.83731666666657,1141,1072,145
MainPCRiverview.txt,141.0899833333333,1136,1072,145
MainPCRiverview.txt,141.34263333333328,1142,1072,145
MainPCRiverview.txt,141.42729999999997,1136,1072,145
MainPCRiverview.txt,141.51155,1131,1072,145
MainPCRiverview.txt,141.59689999999998,1133,1072,145
MainPCRiverview.txt,141.68111666666664,1128,1072,145
MainPCRiverview.txt,141.76539999999997,1129,1072,145
MainPCRiverview.txt,141.84965,1138,1072,145
MainPCRiverview.txt,141.93384999999992,1135,1072,145
MainPCRiverview.txt,142.01806666666658,1132,1072,145
MainPCRiverview.txt,142.18644999999998,1126,1072,145
MainPCRiverview.txt,142.27066666666664,1129,1072,145
MainPCRiverview.txt,142.3548999999999,1129,1072,145
MainPCRiverview.txt,142.43911666666656,1128,1072,145
MainPCRiverview.txt,142.5233666666666,1135,1072,145
MainPCRiverview.txt,142.6076166666666,1132,1072,145
MainPCRiverview.txt,142.69186666666658,1135,1072,145
MainPCRiverview.txt,142.86026666666658,1125,1072,145
MainPCRiverview.txt,142.94449999999998,1123,1072,145
MainPCRiverview.txt,143.0287666666666,1124,1072,145
MainPCRiverview.txt,143.11296666666664,1126,1072,145
MainPCRiverview.txt,143.1971833333333,1126,1072,145
MainPCRiverview.txt,143.28139999999996,1121,1072,145
MainPCRiverview.txt,143.4498333333333,1126,1072,145
MainPCRiverview.txt,143.53403333333324,1127,1072,145
MainPCRiverview.txt,143.61826666666664,1135,1072,145
MainPCRiverview.txt,143.7024833333333,1125,1072,145
MainPCRiverview.txt,143.78669999999997,1127,1072,145
MainPCRiverview.txt,143.8708833333333,1129,1072,145
MainPCRiverview.txt,143.95509999999996,1130,1072,145
MainPCRiverview.txt,144.0393,1138,1072,145
MainPCRiverview.txt,144.20884999999993,1128,1072,145
MainPCRiverview.txt,144.29308333333333,1126,1072,145
MainPCRiverview.txt,144.37733333333333,1121,1072,145
MainPCRiverview.txt,144.46158333333332,1139,1072,145
MainPCRiverview.txt,144.71426666666667,1133,1072,145
MainPCRiverview.txt,144.79848333333334,1135,1072,145
MainPCRiverview.txt,144.88273333333333,1129,1072,145
MainPCRiverview.txt,144.96695,1130,1072,145
MainPCRiverview.txt,145.05118333333328,1129,1072,145
MainPCRiverview.txt,145.64071666666666,1133,1072,145
MainPCRiverview.txt,145.72493333333333,1139,1072,145
MainPCRiverview.txt,145.97754999999998,1134,1072,145
MainPCRiverview.txt,146.06178333333324,1129,1072,145
MainPCRiverview.txt,146.14596666666657,1126,1072,145
MainPCRiverview.txt,146.31434999999996,1122,1072,145
MainPCRiverview.txt,146.39856666666662,1126,1072,145
MainPCRiverview.txt,146.4832499999999,1124,1072,145
MainPCRiverview.txt,146.5674833333333,1126,1072,145
MainPCRiverview.txt,146.73706666666658,1130,1072,145
MainPCRiverview.txt,146.82129999999998,1127,1072,145
MainPCRiverview.txt,146.9897499999999,1132,1072,145
MainPCRiverview.txt,147.0739833333333,1124,1072,145
MainPCRiverview.txt,147.32664999999992,1120,1072,145
MainPCRiverview.txt,147.41088333333332,1122,1072,145
MainPCRiverview.txt,147.6635333333333,1125,1072,145
MainPCRiverview.txt,147.74771666666663,1131,1072,145
MainPCRiverview.txt,147.8319333333333,1132,1072,145
MainPCRiverview.txt,147.9161833333333,1134,1072,145
MainPCRiverview.txt,148.00039999999996,1132,1072,145
MainPCRiverview.txt,148.2530833333333,1126,1072,145
MainPCRiverview.txt,148.33729999999997,1128,1072,145
MainPCRiverview.txt,148.4215,1126,1072,145
MainPCRiverview.txt,148.50575,1131,1072,145
MainPCRiverview.txt,148.67421666666658,1135,1072,145
MainPCRiverview.txt,148.75843333333336,1132,1072,145
MainPCRiverview.txt,148.84265000000002,1135,1072,145
MainPCRiverview.txt,148.92686666666668,1143,1072,145
MainPCRiverview.txt,149.0111333333333,1137,1072,145
MainPCRiverview.txt,149.09533333333334,1137,1072,145
MainPCRiverview.txt,149.18069999999994,1135,1072,145
MainPCRiverview.txt,149.3491666666666,1134,1072,145
MainPCRiverview.txt,149.51761666666667,1136,1072,145
MainPCRiverview.txt,149.68601666666666,1142,1072,145
MainPCRiverview.txt,149.85444999999999,1143,1072,145
MainPCRiverview.txt,149.93868333333327,1143,1072,145
MainPCRiverview.txt,150.1072,1102,1037,145
MainPCRiverview.txt,150.19141666666667,1144,1072,145
MainPCRiverview.txt,150.27564999999996,1131,1064,145
MainPCRiverview.txt,150.35989999999995,1121,1064,145
MainPCRiverview.txt,150.5283666666666,1126,1064,145
MainPCRiverview.txt,150.61254999999994,1125,1064,145
MainPCRiverview.txt,150.78104999999996,1125,1064,145
MainPCRiverview.txt,150.86526666666663,1132,1064,145
MainPCRiverview.txt,151.2021666666666,1128,1064,145
MainPCRiverview.txt,151.28638333333328,1126,1064,145
MainPCRiverview.txt,151.37059999999994,1127,1064,145
MainPCRiverview.txt,151.53951666666666,1126,1064,145
MainPCRiverview.txt,151.62373333333332,1126,1064,145
MainPCRiverview.txt,151.87751666666662,1127,1064,145
MainPCRiverview.txt,152.21441666666664,1132,1064,145
MainPCRiverview.txt,152.46708333333325,1132,1064,145
MainPCRiverview.txt,152.55131666666662,1130,1064,145
MainPCRiverview.txt,152.6355499999999,1132,1064,145
MainPCRiverview.txt,152.71976666666657,1125,1064,145
MainPCRiverview.txt,152.80398333333324,1120,1064,145
MainPCRiverview.txt,152.88821666666664,1124,1064,145
MainPCRiverview.txt,153.05666666666656,1138,1064,145
MainPCRiverview.txt,153.30936666666665,1134,1064,145
MainPCRiverview.txt,154.15155000000001,1134,1064,145
MainPCRiverview.txt,154.4894833333333,1133,1064,145
MainPCRiverview.txt,154.74223333333333,1131,1064,145
MainPCRiverview.txt,154.82645,1132,1064,145
MainPCRiverview.txt,154.99489999999994,1132,1064,145
MainPCRiverview.txt,155.33183333333326,1127,1064,145
MainPCRiverview.txt,155.41604999999993,1131,1064,145
MainPCRiverview.txt,155.5002666666666,1124,1064,145
MainPCRiverview.txt,155.5845,1132,1064,145
MainPCRiverview.txt,155.83719999999994,1132,1064,145
MainPCRiverview.txt,156.1741333333333,1137,1064,145
MainPCRiverview.txt,156.25836666666666,1133,1064,145
MainPCRiverview.txt,156.34258333333335,1128,1064,145
MainPCRiverview.txt,156.42684999999994,1134,1064,145
MainPCRiverview.txt,156.51108333333335,1126,1064,145
MainPCRiverview.txt,156.59578333333326,1121,1064,145
MainPCRiverview.txt,156.68006666666662,1107,1064,145
MainPCRiverview.txt,156.76548333333326,1113,1061,145
MainPCRiverview.txt,156.8497333333333,1125,1061,145
MainPCRiverview.txt,157.0182166666667,1113,1064,145
MainPCRiverview.txt,157.10243333333335,1121,1064,145
MainPCRiverview.txt,157.18669999999995,1120,1064,145
MainPCRiverview.txt,157.27096666666657,1115,1064,145
MainPCRiverview.txt,157.35521666666656,1121,1064,145
MainPCRiverview.txt,157.43944999999997,1116,1064,145
MainPCRiverview.txt,157.52368333333325,1116,1064,145
MainPCRiverview.txt,157.6921499999999,1115,1064,145
MainPCRiverview.txt,157.77633333333324,1114,1064,145
MainPCRiverview.txt,158.11324999999997,1119,1061,145
MainPCRiverview.txt,158.19748333333325,1122,1061,145
MainPCRiverview.txt,158.28171666666665,1127,1064,145
MainPCRiverview.txt,158.36596666666665,1127,1064,145
MainPCRiverview.txt,158.53439999999998,1121,1064,145
MainPCRiverview.txt,158.61863333333324,1122,1064,145
MainPCRiverview.txt,159.20816666666664,1122,1064,145
MainPCRiverview.txt,159.37775000000002,1127,1064,145
MainPCRiverview.txt,159.5461666666666,1122,1064,145
MainPCRiverview.txt,159.88308333333333,1127,1064,145
MainPCRiverview.txt,159.96734999999995,1122,1064,145
MainPCRiverview.txt,160.05156666666662,1128,1064,145
MainPCRiverview.txt,160.13580000000002,1120,1064,145
MainPCRiverview.txt,160.6411666666667,1119,1064,145
MainPCRiverview.txt,160.72541666666658,1123,1064,145
MainPCRiverview.txt,160.89386666666664,1119,1061,145
MainPCRiverview.txt,160.9780833333333,1118,1061,145
MainPCRiverview.txt,161.0623333333333,1110,1061,145
MainPCRiverview.txt,161.1465666666666,1119,1064,145
MainPCRiverview.txt,161.23076666666663,1111,1061,145
MainPCRiverview.txt,161.3149666666667,1113,1061,145
MainPCRiverview.txt,161.7363166666666,1113,1061,145
MainPCRiverview.txt,161.8216833333333,1116,1064,145
MainPCRiverview.txt,161.90588333333326,1119,1064,145
MainPCRiverview.txt,162.07428333333326,1113,1064,145
MainPCRiverview.txt,162.24269999999996,1115,1064,145
MainPCRiverview.txt,162.32691666666662,1118,1064,145
MainPCRiverview.txt,162.41111666666657,1121,1064,145
MainPCRiverview.txt,162.4953166666666,1124,1064,145
MainPCRiverview.txt,162.57958333333323,1122,1064,145
MainPCRiverview.txt,162.6637833333333,1123,1064,145
MainPCRiverview.txt,162.83216666666667,1118,1064,145
MainPCRiverview.txt,162.91635,1125,1064,145
MainPCRiverview.txt,163.00056666666666,1119,1064,145
MainPCRiverview.txt,163.3373333333333,1117,1064,145
MainPCRiverview.txt,163.42151666666663,1123,1064,145
MainPCRiverview.txt,163.5056666666666,1120,1064,145
MainPCRiverview.txt,163.58988333333326,1127,1064,145
MainPCRiverview.txt,163.6740666666666,1119,1064,145
MainPCRiverview.txt,163.92666666666665,1118,1064,145
MainPCRiverview.txt,164.0108833333333,1107,1064,145
MainPCRiverview.txt,164.09509999999997,1111,1064,145
MainPCRiverview.txt,164.26346666666663,1111,1064,145
MainPCRiverview.txt,164.34874999999994,1109,1053,145
MainPCRiverview.txt,164.4329833333333,1106,1053,145
MainPCRiverview.txt,164.60134999999997,1101,1053,145
MainPCRiverview.txt,164.6855499999999,1107,1061,145
MainPCRiverview.txt,164.85395000000003,1105,1061,145
MainPCRiverview.txt,164.93813333333335,1102,1059,145
MainPCRiverview.txt,165.02235000000002,1109,1059,145
MainPCRiverview.txt,165.10656666666668,1109,1059,145
MainPCRiverview.txt,165.19078333333334,1107,1059,145
MainPCRiverview.txt,165.27498333333327,1109,1056,145
MainPCRiverview.txt,165.35918333333333,1115,1056,145
MainPCRiverview.txt,165.52759999999992,1114,1056,145
MainPCRiverview.txt,165.6118,1110,1056,145
MainPCRiverview.txt,165.86444999999998,1115,1064,145
MainPCRiverview.txt,165.94866666666664,1115,1064,145
MainPCRiverview.txt,166.11705,1109,1061,145
MainPCRiverview.txt,166.2012833333333,1108,1061,145
MainPCRiverview.txt,166.28548333333336,1114,1061,145
MainPCRiverview.txt,166.53808333333328,1116,1061,145
MainPCRiverview.txt,166.6222833333333,1117,1061,145
MainPCRiverview.txt,166.7911,1117,1061,145
MainPCRiverview.txt,167.04479999999992,1118,1061,145
MainPCRiverview.txt,167.12898333333322,1119,1061,145
MainPCRiverview.txt,167.2131833333333,1122,1064,145
MainPCRiverview.txt,167.38156666666666,1125,1064,145
MainPCRiverview.txt,167.6341833333333,1125,1064,145
MainPCRiverview.txt,167.71834999999993,1120,1064,145
MainPCRiverview.txt,167.88674999999992,1124,1064,145
MainPCRiverview.txt,168.0551166666667,1118,1064,145
MainPCRiverview.txt,168.39191666666665,1125,1064,145
MainPCRiverview.txt,168.47608333333326,1119,1064,145
MainPCRiverview.txt,168.5602833333333,1120,1064,145
MainPCRiverview.txt,169.14968333333334,1119,1064,145
MainPCRiverview.txt,169.31801666666664,1119,1064,145
MainPCRiverview.txt,169.40331666666668,1118,1064,145
MainPCRiverview.txt,169.6559,1119,1064,145
MainPCRiverview.txt,170.16104999999988,1121,1064,145
MainPCRiverview.txt,170.83445000000003,1122,1064,145
MainPCRiverview.txt,171.00283333333317,1122,1064,145
MainPCRiverview.txt,171.17118333333335,1117,1064,145
MainPCRiverview.txt,171.25536666666656,1116,1064,145
MainPCRiverview.txt,171.3395666666667,1115,1064,145
MainPCRiverview.txt,171.50798333333333,1119,1064,145
MainPCRiverview.txt,171.5921333333333,1117,1064,145
MainPCRiverview.txt,171.67633333333325,1121,1064,145
MainPCRiverview.txt,171.8451333333332,1121,1064,145
MainPCRiverview.txt,171.93040000000002,1124,1064,145
MainPCRiverview.txt,172.68803333333332,1124,1064,145
MainPCRiverview.txt,173.3615666666666,1119,1064,145
MainPCRiverview.txt,173.52993333333325,1124,1064,145
MainPCRiverview.txt,173.69833333333335,1118,1064,145
MainPCRiverview.txt,174.11931666666655,1127,1064,145
MainPCRiverview.txt,174.20348333333325,1128,1064,145
MainPCRiverview.txt,174.2876666666667,1124,1064,145
MainPCRiverview.txt,174.37186666666665,1118,1064,145
MainPCRiverview.txt,174.54129999999992,1119,1064,145
MainPCRiverview.txt,174.96228333333335,1124,1064,145
MainPCRiverview.txt,175.2148333333332,1124,1064,145
MainPCRiverview.txt,175.29903333333337,1117,1064,145
MainPCRiverview.txt,176.05664999999996,1117,1064,145
MainPCRiverview.txt,176.89886666666655,1116,1064,145
MainPCRiverview.txt,177.15251666666651,1117,1061,145
MainPCRiverview.txt,177.2367166666667,1126,1061,145
MainPCRiverview.txt,177.65766666666664,1125,1061,145
MainPCRiverview.txt,177.74184999999986,1116,1064,145
MainPCRiverview.txt,177.8260333333333,1128,1064,145
MainPCRiverview.txt,177.9944166666667,1112,1064,145
MainPCRiverview.txt,178.07859999999988,1110,1061,145
MainPCRiverview.txt,178.16285000000002,1107,1061,145
MainPCRiverview.txt,178.24704999999994,1101,1061,145
MainPCRiverview.txt,178.3312666666666,1099,1056,145
MainPCRiverview.txt,178.58386666666667,1093,1039,145
MainPCRiverview.txt,178.66810000000004,1106,1039,145
MainPCRiverview.txt,178.7523166666667,1093,1039,145
MainPCRiverview.txt,178.8365333333334,1099,1039,145
MainPCRiverview.txt,178.92075000000006,1103,1048,145
MainPCRiverview.txt,179.00494999999998,1105,1048,145
MainPCRiverview.txt,179.08908333333324,1108,1048,145
MainPCRiverview.txt,179.17333333333335,1101,1048,145
MainPCRiverview.txt,179.25750000000008,1109,1048,145
MainPCRiverview.txt,179.34171666666674,1104,1048,145
MainPCRiverview.txt,179.42596666666662,1100,1045,145
MainPCRiverview.txt,179.51124999999993,1106,1045,145
MainPCRiverview.txt,179.59548333333333,1098,1045,145
MainPCRiverview.txt,179.67968333333326,1106,1045,145
MainPCRiverview.txt,179.7638666666667,1112,1053,145
MainPCRiverview.txt,180.10066666666668,1113,1053,145
MainPCRiverview.txt,180.26903333333334,1113,1053,145
MainPCRiverview.txt,180.43736666666652,1118,1061,145
MainPCRiverview.txt,180.5215666666667,1119,1064,145
MainPCRiverview.txt,180.68995000000007,1118,1064,145
MainPCRiverview.txt,180.85834999999994,1111,1061,145
MainPCRiverview.txt,181.1109666666667,1111,1061,145
MainPCRiverview.txt,181.27934999999985,1110,1064,145
MainPCRiverview.txt,181.3635333333333,1115,1064,145
MainPCRiverview.txt,181.78454999999994,1108,1064,145
MainPCRiverview.txt,181.95336666666662,1108,1064,145
MainPCRiverview.txt,182.0386166666667,1112,1059,145
MainPCRiverview.txt,182.12281666666664,1108,1059,145
MainPCRiverview.txt,182.20699999999985,1115,1059,145
MainPCRiverview.txt,182.29121666666651,1116,1059,145
MainPCRiverview.txt,182.37539999999996,1119,1059,145
MainPCRiverview.txt,182.4595833333334,1126,1059,145
MainPCRiverview.txt,182.54378333333335,1125,1059,145
MainPCRiverview.txt,182.62796666666654,1118,1051,145
MainPCRiverview.txt,182.79638333333338,1116,1051,145
MainPCRiverview.txt,182.8805666666666,1114,1051,145
MainPCRiverview.txt,183.13314999999992,1117,1051,145
MainPCRiverview.txt,183.55408333333338,1118,1051,145
MainPCRiverview.txt,183.63823333333337,1118,1051,145
MainPCRiverview.txt,183.72241666666656,1123,1051,145
MainPCRiverview.txt,183.89078333333322,1114,1051,145
MainPCRiverview.txt,183.97501666666662,1113,1051,145
MainPCRiverview.txt,184.05921666666654,1101,1051,145
MainPCRiverview.txt,184.14341666666672,1104,1048,145
MainPCRiverview.txt,184.48018333333323,1104,1048,145
MainPCRiverview.txt,184.56543333333332,1105,1048,145
MainPCRiverview.txt,184.64964999999998,1107,1048,145
MainPCRiverview.txt,184.73384999999993,1104,1048,145
MainPCRiverview.txt,184.9022333333333,1103,1048,145
MainPCRiverview.txt,184.98644999999996,1114,1051,145
MainPCRiverview.txt,185.3232333333332,1114,1051,145
MainPCRiverview.txt,185.4074333333334,1108,1051,145
MainPCRiverview.txt,185.49163333333334,1101,1051,145
MainPCRiverview.txt,185.57583333333326,1105,1051,145
MainPCRiverview.txt,185.66004999999993,1108,1051,145
MainPCRiverview.txt,185.74423333333337,1110,1051,145
MainPCRiverview.txt,185.91264999999996,1112,1051,145
MainPCRiverview.txt,185.9968499999999,1115,1051,145
MainPCRiverview.txt,186.08103333333335,1116,1051,145
MainPCRiverview.txt,186.16525000000001,1112,1051,145
MainPCRiverview.txt,186.3335833333332,1111,1051,145
MainPCRiverview.txt,186.41778333333338,1105,1051,145
MainPCRiverview.txt,186.50200000000004,1108,1051,145
MainPCRiverview.txt,186.5862,1109,1051,145
MainPCRiverview.txt,186.67033333333322,1111,1051,145
MainPCRiverview.txt,186.7545333333334,1113,1051,145
MainPCRiverview.txt,187.00751666666656,1111,1051,145
MainPCRiverview.txt,187.26116666666653,1106,1051,145
MainPCRiverview.txt,187.3453666666667,1105,1051,145
MainPCRiverview.txt,187.76629999999992,1106,1051,145
MainPCRiverview.txt,187.85049999999987,1101,1051,145
MainPCRiverview.txt,187.93470000000005,1098,1051,145
MainPCRiverview.txt,188.01888333333324,1100,1051,145
MainPCRiverview.txt,188.18728333333334,1103,1051,145
MainPCRiverview.txt,188.27154999999996,1105,1051,145
MainPCRiverview.txt,188.3557499999999,1106,1051,145
MainPCRiverview.txt,188.43993333333336,1107,1051,145
MainPCRiverview.txt,188.69251666666665,1107,1051,145
MainPCRiverview.txt,188.8609666666667,1109,1051,145
MainPCRiverview.txt,188.94518333333338,1107,1051,145
MainPCRiverview.txt,189.3663666666666,1108,1051,145
MainPCRiverview.txt,189.5348666666666,1105,1051,145
MainPCRiverview.txt,189.62019999999987,1110,1051,145
MainPCRiverview.txt,190.04138333333333,1113,1051,145
MainPCRiverview.txt,190.2098666666666,1110,1051,145
MainPCRiverview.txt,190.37829999999994,1111,1051,145
MainPCRiverview.txt,190.46253333333334,1109,1051,145
MainPCRiverview.txt,190.63101666666662,1113,1051,145
MainPCRiverview.txt,190.7994833333334,1115,1051,145
MainPCRiverview.txt,191.22058333333322,1115,1051,145
MainPCRiverview.txt,191.38906666666674,1106,1051,145
MainPCRiverview.txt,191.4732999999999,1109,1051,145
MainPCRiverview.txt,192.06328333333332,1117,1051,145
MainPCRiverview.txt,192.1485499999999,1116,1051,145
MainPCRiverview.txt,192.40125000000006,1110,1051,145
MainPCRiverview.txt,192.48549999999994,1112,1051,145
MainPCRiverview.txt,192.5697166666666,1118,1051,145
MainPCRiverview.txt,192.73821666666663,1117,1051,145
MainPCRiverview.txt,192.90668333333318,1117,1051,145
MainPCRiverview.txt,193.0751833333332,1112,1051,145
MainPCRiverview.txt,193.2436666666667,1117,1051,145
MainPCRiverview.txt,193.49639999999988,1103,1051,145
MainPCRiverview.txt,193.58066666666673,1104,1048,145
MainPCRiverview.txt,193.6649166666666,1103,1051,145
MainPCRiverview.txt,193.74918333333324,1109,1051,145
MainPCRiverview.txt,193.83344999999983,1108,1051,145
MainPCRiverview.txt,193.91768333333323,1107,1051,145
MainPCRiverview.txt,194.00193333333337,1111,1051,145
MainPCRiverview.txt,194.0862166666667,1100,1051,145
MainPCRiverview.txt,194.17044999999987,1102,1051,145
MainPCRiverview.txt,194.25471666666672,1101,1051,145
MainPCRiverview.txt,194.33900000000006,1104,1051,145
MainPCRiverview.txt,194.42324999999994,1103,1048,145
MainPCRiverview.txt,194.5074666666666,1097,1048,145
MainPCRiverview.txt,194.5917,1097,1048,145
MainPCRiverview.txt,194.92976666666667,1103,1045,145
MainPCRiverview.txt,195.01400000000007,1109,1045,145
MainPCRiverview.txt,195.09824999999995,1104,1045,145
MainPCRiverview.txt,195.26671666666672,1103,1051,145
MainPCRiverview.txt,195.4352,1097,1051,145
MainPCRiverview.txt,195.94043333333332,1103,1051,145
MainPCRiverview.txt,196.0246833333332,1111,1051,145
MainPCRiverview.txt,196.1089166666666,1114,1051,145
MainPCRiverview.txt,196.19316666666674,1108,1051,145
MainPCRiverview.txt,196.2773999999999,1103,1051,145
MainPCRiverview.txt,196.36165,1093,1040,145
MainPCRiverview.txt,196.44589999999988,1094,1040,145
MainPCRiverview.txt,196.61431666666672,1109,1051,145
MainPCRiverview.txt,196.6985499999999,1110,1051,145
MainPCRiverview.txt,196.8670333333334,1104,1051,145
MainPCRiverview.txt,196.95126666666656,1110,1051,145
MainPCRiverview.txt,197.12023333333335,1104,1051,145
MainPCRiverview.txt,197.20561666666654,1110,1051,145
MainPCRiverview.txt,197.79518333333337,1112,1051,145
MainPCRiverview.txt,197.87945,1092,1048,145
MainPCRiverview.txt,197.96364999999994,1108,1051,145
MainPCRiverview.txt,198.04790000000006,1110,1051,145
MainPCRiverview.txt,198.13214999999994,1107,1051,145
MainPCRiverview.txt,198.30056666666653,1103,1045,145
MainPCRiverview.txt,198.80594999999994,1103,1045,145
MainPCRiverview.txt,198.8901666666666,1098,1045,145
MainPCRiverview.txt,199.0586333333334,1096,1040,145
MainPCRiverview.txt,199.3113166666666,1105,1051,145
MainPCRiverview.txt,199.64824999999993,1108,1051,145
MainPCRiverview.txt,199.98626666666667,1097,1045,145
MainPCRiverview.txt,200.1547,1109,1051,145
MainPCRiverview.txt,200.32318333333328,1108,1051,145
MainPCRiverview.txt,200.4916166666666,1108,1051,145
MainPCRiverview.txt,200.74428333333333,1107,1051,145
MainPCRiverview.txt,200.91274999999987,1101,1051,145
MainPCRiverview.txt,200.99698333333328,1102,1051,145
MainPCRiverview.txt,201.0812333333334,1101,1051,145
MainPCRiverview.txt,201.33393333333333,1100,1048,145
MainPCRiverview.txt,201.41819999999996,1101,1048,145
MainPCRiverview.txt,201.67086666666668,1100,1048,145
MainPCRiverview.txt,201.92360000000008,1103,1048,145
MainPCRiverview.txt,202.00783333333322,1108,1048,145
MainPCRiverview.txt,202.17676666666654,1108,1048,145
MainPCRiverview.txt,202.26213333333325,1107,1048,145
MainPCRiverview.txt,202.3463333333332,1110,1048,145
MainPCRiverview.txt,202.43058333333332,1104,1048,145
MainPCRiverview.txt,202.5148333333332,1111,1048,145
MainPCRiverview.txt,202.68326666666653,1108,1051,145
MainPCRiverview.txt,202.76751666666667,1112,1051,145
MainPCRiverview.txt,203.02023333333332,1107,1051,145
MainPCRiverview.txt,203.3571833333334,1109,1051,145
MainPCRiverview.txt,203.44140000000007,1106,1047,145
MainPCRiverview.txt,203.52561666666674,1103,1047,145
MainPCRiverview.txt,203.77831666666668,1097,1047,145
MainPCRiverview.txt,203.8625166666666,1101,1047,145
MainPCRiverview.txt,204.19946666666667,1099,1047,145
MainPCRiverview.txt,204.28370000000007,1095,1044,145
MainPCRiverview.txt,204.3679666666667,1099,1044,145
MainPCRiverview.txt,204.70494999999997,1099,1044,145
MainPCRiverview.txt,205.21156666666658,1102,1044,145
MainPCRiverview.txt,205.29581666666672,1106,1047,145
MainPCRiverview.txt,205.3800666666666,1108,1044,145
MainPCRiverview.txt,205.4643,1113,1044,145
MainPCRiverview.txt,205.5485499999999,1118,1051,145
MainPCRiverview.txt,205.6327833333333,1112,1051,145
MainPCRiverview.txt,205.71708333333336,1105,1045,145
MainPCRiverview.txt,205.88559999999987,1106,1045,145
MainPCRiverview.txt,206.05424999999997,1108,1045,145
MainPCRiverview.txt,206.22274999999996,1105,1042,145
MainPCRiverview.txt,206.30701666666658,1104,1045,145
MainPCRiverview.txt,206.39124999999999,1104,1045,145
MainPCRiverview.txt,206.7281833333333,1101,1041,145
MainPCRiverview.txt,206.8124166666667,1088,1036,145
MainPCRiverview.txt,206.89664999999985,1090,1036,145
MainPCRiverview.txt,207.1497499999999,1089,1036,145
MainPCRiverview.txt,207.23398333333327,1094,1036,145
MainPCRiverview.txt,207.48781666666656,1089,1030,145
MainPCRiverview.txt,207.65628333333333,1088,1030,145
MainPCRiverview.txt,208.07736666666668,1088,1036,145
MainPCRiverview.txt,208.91963333333322,1088,1033,145
MainPCRiverview.txt,209.0881,1087,1036,145
MainPCRiverview.txt,209.17236666666662,1088,1033,145
MainPCRiverview.txt,209.34079999999994,1082,1036,145
MainPCRiverview.txt,209.59353333333334,1087,1036,145
MainPCRiverview.txt,209.76201666666663,1087,1036,145
MainPCRiverview.txt,209.9315833333333,1089,1036,145
MainPCRiverview.txt,210.10010000000003,1087,1036,145
MainPCRiverview.txt,210.52121666666656,1083,1033,145
MainPCRiverview.txt,210.6054666666667,1083,1033,145
MainPCRiverview.txt,210.6897333333333,1082,1027,145
MainPCRiverview.txt,210.85819999999984,1091,1030,145
MainPCRiverview.txt,210.94246666666672,1088,1036,145
MainPCRiverview.txt,211.44788333333332,1089,1030,145
MainPCRiverview.txt,211.53214999999994,1090,1030,145
MainPCRiverview.txt,211.7006,1095,1036,145
MainPCRiverview.txt,211.8690833333333,1090,1036,145
MainPCRiverview.txt,211.9533333333334,1091,1036,145
MainPCRiverview.txt,212.03756666666655,1093,1030,145
MainPCRiverview.txt,212.1217833333332,1095,1030,145
MainPCRiverview.txt,212.2906833333333,1097,1036,145
MainPCRiverview.txt,212.37609999999998,1064,1017,145
MainPCRiverview.txt,212.4603666666666,1080,1017,145
MainPCRiverview.txt,212.54456666666653,1102,1036,145
MainPCRiverview.txt,212.62879999999993,1062,1001,145
MainPCRiverview.txt,212.71305000000004,1086,1032,145
MainPCRiverview.txt,212.79729999999992,1087,1032,145
MainPCRiverview.txt,213.13446666666653,1087,1032,145
MainPCRiverview.txt,213.97683333333322,1087,1032,145
MainPCRiverview.txt,214.14531666666673,1096,1036,145
MainPCRiverview.txt,214.31383333333324,1098,1036,145
MainPCRiverview.txt,214.39809999999986,1100,1036,145
MainPCRiverview.txt,214.48234999999997,1090,1036,145
MainPCRiverview.txt,214.56658333333337,1088,1036,145
MainPCRiverview.txt,214.65081666666654,1085,1036,145
MainPCRiverview.txt,214.81933333333328,1084,1030,145
MainPCRiverview.txt,215.49436666666674,1082,1030,145
MainPCRiverview.txt,215.57863333333336,1085,1030,145
MainPCRiverview.txt,215.66286666666673,1085,1030,145
MainPCRiverview.txt,215.7471166666666,1082,1036,145
MainPCRiverview.txt,215.83135000000001,1077,1030,145
MainPCRiverview.txt,215.91554999999997,1081,1030,145
MainPCRiverview.txt,215.99981666666656,1084,1030,145
MainPCRiverview.txt,216.0840666666667,1080,1028,145
MainPCRiverview.txt,216.16831666666658,1082,1028,145
MainPCRiverview.txt,216.33678333333336,1078,1025,145
MainPCRiverview.txt,216.42104999999998,1077,1017,145
MainPCRiverview.txt,216.50528333333338,1074,1017,145
MainPCRiverview.txt,216.6737166666667,1088,1017,145
MainPCRiverview.txt,216.9264666666666,1125,1036,145
MainPCRiverview.txt,217.01069999999999,1122,1036,145
MainPCRiverview.txt,217.09494999999987,1104,1036,145
MainPCRiverview.txt,217.26388333333318,1097,1036,145
MainPCRiverview.txt,217.34815000000006,1097,1036,145
MainPCRiverview.txt,217.43350000000004,1103,1036,145
MainPCRiverview.txt,217.51778333333337,1091,1030,145
MainPCRiverview.txt,217.60206666666673,1095,1036,145
MainPCRiverview.txt,217.6863166666666,1124,1036,145
MainPCRiverview.txt,217.77055000000001,1110,1036,145
MainPCRiverview.txt,217.85483333333335,1119,1036,145
MainPCRiverview.txt,217.9391166666667,1115,1036,145
MainPCRiverview.txt,218.19179999999992,1115,1036,145
MainPCRiverview.txt,218.61305000000004,1117,1036,145
MainPCRiverview.txt,218.69731666666667,1116,1036,145
MainPCRiverview.txt,218.78161666666674,1111,1036,145
MainPCRiverview.txt,218.86588333333336,1112,1036,145
MainPCRiverview.txt,218.95013333333324,1106,1036,145
MainPCRiverview.txt,219.03439999999986,1098,1036,145
MainPCRiverview.txt,219.20289999999986,1095,1033,145
MainPCRiverview.txt,219.2871666666667,1104,1033,145
MainPCRiverview.txt,219.37145000000007,1103,1033,145
MainPCRiverview.txt,219.62418333333324,1106,1033,145
MainPCRiverview.txt,219.8768833333334,1105,1033,145
MainPCRiverview.txt,219.96228333333335,1100,1033,145
MainPCRiverview.txt,220.21508333333318,1096,1033,145
MainPCRiverview.txt,220.3835833333332,1097,1033,145
MainPCRiverview.txt,220.6364,1093,1033,145
MainPCRiverview.txt,220.72066666666663,1097,1033,145
MainPCRiverview.txt,220.80490000000003,1100,1033,145
MainPCRiverview.txt,220.97340000000003,1101,1033,145
MainPCRiverview.txt,221.0576499999999,1096,1033,145
MainPCRiverview.txt,221.22618333333338,1085,1033,145
MainPCRiverview.txt,221.31043333333326,1096,1033,145
MainPCRiverview.txt,221.3946833333334,1092,1033,145
MainPCRiverview.txt,221.47896666666674,1093,1033,145
MainPCRiverview.txt,221.56328333333332,1086,1033,145
MainPCRiverview.txt,221.6475333333332,1108,1033,145
MainPCRiverview.txt,221.73180000000005,1107,1033,145
MainPCRiverview.txt,221.90035,1106,1033,145
MainPCRiverview.txt,222.23738333333324,1095,1033,145
MainPCRiverview.txt,222.3220999999999,1097,1033,145
MainPCRiverview.txt,222.4063333333333,1094,1033,145
MainPCRiverview.txt,222.49168333333327,1100,1033,145
MainPCRiverview.txt,222.5759499999999,1107,1033,145
MainPCRiverview.txt,222.74451666666658,1097,1033,145
MainPCRiverview.txt,222.91303333333332,1091,1033,145
MainPCRiverview.txt,223.08155000000005,1095,1033,145
MainPCRiverview.txt,223.16578333333322,1098,1033,145
MainPCRiverview.txt,223.25003333333333,1092,1033,145
MainPCRiverview.txt,223.33429999999996,1093,1033,145
MainPCRiverview.txt,223.75561666666653,1094,1033,145
MainPCRiverview.txt,223.83986666666667,1097,1033,145
MainPCRiverview.txt,223.92419999999996,1098,1033,145
MainPCRiverview.txt,224.0927333333332,1103,1033,145
MainPCRiverview.txt,224.34550000000004,1100,1033,145
MainPCRiverview.txt,224.6826166666667,1103,1033,145
MainPCRiverview.txt,224.76690000000005,1102,1033,145
MainPCRiverview.txt,224.85116666666667,1101,1033,145
MainPCRiverview.txt,224.93543333333326,1101,1033,145
MainPCRiverview.txt,225.0208333333332,1095,1033,145
MainPCRiverview.txt,225.10510000000008,1098,1033,145
MainPCRiverview.txt,225.27366666666651,1100,1033,145
MainPCRiverview.txt,225.77915000000004,1103,1033,145
MainPCRiverview.txt,225.86339999999993,1102,1033,145
MainPCRiverview.txt,225.94763333333333,1096,1033,145
MainPCRiverview.txt,226.0319166666667,1095,1033,145
MainPCRiverview.txt,226.20048333333338,1096,1033,145
MainPCRiverview.txt,226.28474999999997,1099,1033,145
MainPCRiverview.txt,226.45331666666667,1092,1033,145
MainPCRiverview.txt,226.53760000000003,1097,1033,145
MainPCRiverview.txt,226.6218499999999,1097,1033,145
MainPCRiverview.txt,226.7060833333333,1098,1033,145
MainPCRiverview.txt,226.7904166666666,1101,1033,145
MainPCRiverview.txt,227.29600000000002,1100,1033,145
MainPCRiverview.txt,227.3807333333334,1096,1033,145
MainPCRiverview.txt,227.46501666666651,1099,1033,145
MainPCRiverview.txt,227.71893333333318,1092,1033,145
MainPCRiverview.txt,227.80325,1090,1033,145
MainPCRiverview.txt,228.14028333333323,1091,1033,145
MainPCRiverview.txt,228.30883333333318,1090,1030,145
MainPCRiverview.txt,228.39308333333332,1096,1030,145
MainPCRiverview.txt,228.56166666666675,1095,1030,145
MainPCRiverview.txt,228.64596666666657,1100,1033,145
MainPCRiverview.txt,228.98300000000006,1104,1033,145
MainPCRiverview.txt,229.06729999999988,1110,1033,145
MainPCRiverview.txt,229.15158333333324,1110,1033,145
MainPCRiverview.txt,229.23584999999986,1104,1036,145
MainPCRiverview.txt,229.5729833333332,1105,1036,145
MainPCRiverview.txt,229.65726666666657,1104,1036,145
MainPCRiverview.txt,229.9944499999999,1104,1036,145
MainPCRiverview.txt,230.07985000000008,1109,1036,145
MainPCRiverview.txt,230.16405,1104,1036,145
MainPCRiverview.txt,230.5011333333332,1109,1036,145
MainPCRiverview.txt,230.58548333333323,1105,1036,145
MainPCRiverview.txt,230.83830000000003,1104,1036,145
MainPCRiverview.txt,231.17533333333327,1108,1036,145
MainPCRiverview.txt,231.68079999999983,1108,1036,145
MainPCRiverview.txt,231.84935000000004,1104,1036,145
MainPCRiverview.txt,232.1862833333334,1097,1036,145
MainPCRiverview.txt,232.27056666666672,1098,1036,145
MainPCRiverview.txt,232.52374999999992,1109,1036,145
MainPCRiverview.txt,232.6934,1104,1036,145
MainPCRiverview.txt,232.77768333333333,1109,1036,145
MainPCRiverview.txt,232.8619666666667,1110,1036,145
MainPCRiverview.txt,233.03046666666668,1100,1036,145
MainPCRiverview.txt,233.11466666666664,1098,1036,145
MainPCRiverview.txt,233.19924999999992,1102,1036,145
MainPCRiverview.txt,233.28355,1106,1036,145
MainPCRiverview.txt,233.36783333333332,1101,1036,145
MainPCRiverview.txt,233.45209999999994,1104,1036,145
MainPCRiverview.txt,233.53636666666657,1110,1036,145
MainPCRiverview.txt,233.6206499999999,1108,1036,145
MainPCRiverview.txt,234.21051666666668,1090,1036,145
MainPCRiverview.txt,234.29481666666652,1101,1036,145
MainPCRiverview.txt,234.46335,1095,1036,145
MainPCRiverview.txt,235.05326666666673,1095,1036,145
MainPCRiverview.txt,235.30726666666658,1102,1036,145
MainPCRiverview.txt,235.3915499999999,1105,1036,145
MainPCRiverview.txt,235.47591666666668,1095,1036,145
MainPCRiverview.txt,235.64448333333337,1094,1036,145
MainPCRiverview.txt,235.7287666666667,1099,1036,145
MainPCRiverview.txt,235.81311666666673,1096,1036,145
MainPCRiverview.txt,235.8974000000001,1105,1036,145
MainPCRiverview.txt,236.06599999999997,1099,1036,145
MainPCRiverview.txt,236.23463333333336,1100,1036,145
MainPCRiverview.txt,236.31893333333318,1104,1036,145
MainPCRiverview.txt,236.6560833333333,1103,1036,145
MainPCRiverview.txt,236.74038333333337,1097,1033,145
MainPCRiverview.txt,236.82466666666673,1103,1033,145
MainPCRiverview.txt,237.0775666666667,1104,1033,145
MainPCRiverview.txt,237.16188333333326,1103,1036,145
MainPCRiverview.txt,237.33044999999996,1104,1036,145
MainPCRiverview.txt,237.4147666666665,1096,1036,145
MainPCRiverview.txt,237.49953333333335,1101,1036,145
MainPCRiverview.txt,237.5838166666667,1101,1036,145
MainPCRiverview.txt,237.66930000000005,1095,1036,145
MainPCRiverview.txt,237.7535999999999,1108,1036,145
MainPCRiverview.txt,237.83788333333322,1111,1036,145
MainPCRiverview.txt,237.92221666666651,1109,1036,145
MainPCRiverview.txt,238.0907833333332,1099,1036,145
MainPCRiverview.txt,238.42796666666655,1102,1036,145
MainPCRiverview.txt,238.76518333333334,1110,1036,145
MainPCRiverview.txt,238.8494833333334,1104,1036,145
MainPCRiverview.txt,238.93379999999996,1103,1036,145
MainPCRiverview.txt,239.01811666666654,1098,1036,145
MainPCRiverview.txt,239.10239999999988,1099,1036,145
MainPCRiverview.txt,239.18673333333317,1103,1036,145
MainPCRiverview.txt,239.27104999999997,1100,1036,145
MainPCRiverview.txt,239.35529999999986,1101,1036,145
MainPCRiverview.txt,239.60823333333332,1095,1036,145
MainPCRiverview.txt,239.6925666666666,1098,1036,145
MainPCRiverview.txt,239.77691666666664,1092,1028,145
MainPCRiverview.txt,239.86126666666667,1097,1028,145
MainPCRiverview.txt,240.0298833333333,1093,1028,145
MainPCRiverview.txt,240.1141833333334,1093,1028,145
MainPCRiverview.txt,240.19965,1091,1028,145
MainPCRiverview.txt,240.28393333333332,1095,1036,145
MainPCRiverview.txt,240.36823333333342,1101,1036,145
MainPCRiverview.txt,240.5368333333333,1099,1036,145
MainPCRiverview.txt,240.62109999999993,1093,1036,145
MainPCRiverview.txt,240.70543333333322,1094,1036,145
MainPCRiverview.txt,240.78975000000003,1097,1036,145
MainPCRiverview.txt,240.95834999999994,1102,1036,145
MainPCRiverview.txt,241.04269999999997,1099,1036,145
MainPCRiverview.txt,241.12703333333326,1102,1036,145
MainPCRiverview.txt,241.21131666666662,1099,1036,145
MainPCRiverview.txt,241.2956499999999,1101,1036,145
MainPCRiverview.txt,241.5485333333334,1095,1036,145
MainPCRiverview.txt,241.63284999999996,1099,1036,145
MainPCRiverview.txt,241.71716666666651,1096,1036,145
MainPCRiverview.txt,241.80150000000006,1096,1036,145
MainPCRiverview.txt,241.88590000000005,1079,1016,145
MainPCRiverview.txt,241.9702166666666,1075,1016,145
MainPCRiverview.txt,242.0545333333334,1079,1016,145
MainPCRiverview.txt,242.13888333333318,1081,1016,145
MainPCRiverview.txt,242.30748333333335,1082,1016,145
MainPCRiverview.txt,242.3917999999999,1072,1016,145
MainPCRiverview.txt,242.4761166666667,1078,1016,145
MainPCRiverview.txt,242.64528333333328,1078,1016,145
MainPCRiverview.txt,242.9837333333333,1086,1016,145
MainPCRiverview.txt,243.0680666666666,1092,1016,145
MainPCRiverview.txt,243.1523999999999,1086,1016,145
MainPCRiverview.txt,243.23673333333318,1089,1016,145
MainPCRiverview.txt,243.3210166666665,1085,1016,145
MainPCRiverview.txt,243.40533333333332,1080,1016,145
MainPCRiverview.txt,243.48966666666664,1086,1016,145
MainPCRiverview.txt,243.5739833333332,1088,1016,145
MainPCRiverview.txt,243.65833333333322,1089,1016,145
MainPCRiverview.txt,243.82691666666662,1092,1016,145
MainPCRiverview.txt,244.07991666666652,1090,1016,145
MainPCRiverview.txt,244.33291666666665,1089,1016,145
MainPCRiverview.txt,244.4172333333332,1079,1016,145
MainPCRiverview.txt,244.50151666666656,1085,1016,145
MainPCRiverview.txt,244.5858666666666,1069,1013,145
MainPCRiverview.txt,244.67014999999992,1061,1013,145
MainPCRiverview.txt,244.7544833333332,1074,1013,145
MainPCRiverview.txt,244.83880000000002,1082,1016,145
MainPCRiverview.txt,245.1760333333333,1087,1016,145
MainPCRiverview.txt,245.5988166666666,1082,1016,145
MainPCRiverview.txt,245.6831499999999,1081,1016,145
MainPCRiverview.txt,245.7674833333332,1082,1016,145
MainPCRiverview.txt,245.8518,1078,1016,145
MainPCRiverview.txt,246.02044999999987,1078,1016,145
MainPCRiverview.txt,246.27340000000004,1082,1016,145
MainPCRiverview.txt,246.52630000000002,1077,1016,145
MainPCRiverview.txt,246.61059999999986,1082,1016,145
MainPCRiverview.txt,246.8636833333334,1078,1016,145
MainPCRiverview.txt,246.9480166666667,1079,1016,145
MainPCRiverview.txt,247.11656666666664,1080,1016,145
MainPCRiverview.txt,247.20091666666667,1081,1016,145
MainPCRiverview.txt,247.2852666666667,1082,1016,145
MainPCRiverview.txt,247.36958333333325,1080,1016,145
MainPCRiverview.txt,247.70733333333325,1080,1016,145
MainPCRiverview.txt,248.04579999999999,1082,1016,145
MainPCRiverview.txt,248.2144833333333,1074,1016,145
MainPCRiverview.txt,248.29878333333338,1080,1016,145
MainPCRiverview.txt,248.46740000000003,1084,1016,145
MainPCRiverview.txt,248.55175000000006,1084,1016,145
MainPCRiverview.txt,248.6360499999999,1079,1016,145
MainPCRiverview.txt,248.7203833333332,1086,1016,145
MainPCRiverview.txt,248.8890333333333,1080,1016,145
MainPCRiverview.txt,249.05769999999987,1077,1016,145
MainPCRiverview.txt,249.14201666666668,1073,1016,145
MainPCRiverview.txt,249.31063333333333,1074,1013,145
MainPCRiverview.txt,249.39496666666662,1080,1013,145
MainPCRiverview.txt,249.47931666666665,1086,1013,145
MainPCRiverview.txt,249.5636333333332,1080,1013,145
MainPCRiverview.txt,249.7322833333333,1084,1013,145
MainPCRiverview.txt,250.0694499999999,1079,1013,145
MainPCRiverview.txt,250.15373333333324,1077,1016,145
MainPCRiverview.txt,250.2381,1077,1016,145
MainPCRiverview.txt,250.6607833333334,1082,1016,145
MainPCRiverview.txt,250.7451166666667,1079,1016,145
MainPCRiverview.txt,250.82943333333327,1084,1016,145
MainPCRiverview.txt,250.91376666666656,1076,1016,145
MainPCRiverview.txt,250.9981166666666,1070,1016,145
MainPCRiverview.txt,251.08244999999988,1073,1016,145
MainPCRiverview.txt,251.16674999999995,1074,1016,145
MainPCRiverview.txt,251.41973333333334,1080,1016,145
MainPCRiverview.txt,251.50403333333318,1078,1016,145
MainPCRiverview.txt,251.58836666666673,1077,1016,145
MainPCRiverview.txt,251.75705000000005,1074,1016,145
MainPCRiverview.txt,251.92564999999996,1073,1016,145
MainPCRiverview.txt,252.17859999999988,1074,1016,145
MainPCRiverview.txt,252.2629499999999,1073,1016,145
MainPCRiverview.txt,252.3472666666667,1079,1016,145
MainPCRiverview.txt,252.68499999999997,1073,1016,145
MainPCRiverview.txt,252.76931666666653,1081,1016,145
MainPCRiverview.txt,252.8547999999999,1072,1016,145
MainPCRiverview.txt,252.9391166666667,1070,1016,145
MainPCRiverview.txt,253.02348333333322,1072,1016,145
MainPCRiverview.txt,253.19196666666673,1078,1016,145
MainPCRiverview.txt,253.52928333333318,1080,1016,145
MainPCRiverview.txt,253.6136166666667,1078,1016,145
MainPCRiverview.txt,254.37249999999997,1077,1016,145
MainPCRiverview.txt,254.45678333333333,1077,1016,145
MainPCRiverview.txt,255.04673333333326,1074,1016,145
MainPCRiverview.txt,255.1309833333334,1069,1005,145
MainPCRiverview.txt,255.21528333333325,1070,1005,145
MainPCRiverview.txt,255.29956666666658,1073,1005,145
MainPCRiverview.txt,255.3849333333333,1070,1005,145
MainPCRiverview.txt,255.46918333333318,1073,1005,145
MainPCRiverview.txt,255.55348333333325,1080,1005,145
MainPCRiverview.txt,255.8063333333333,1074,1005,145
MainPCRiverview.txt,255.8905999999999,1082,1005,145
MainPCRiverview.txt,255.9749,1075,1005,145
MainPCRiverview.txt,256.05921666666654,1082,1005,145
MainPCRiverview.txt,256.1436166666665,1091,1010,145
MainPCRiverview.txt,256.22793333333334,1087,1010,145
MainPCRiverview.txt,256.56526666666673,1081,1010,145
MainPCRiverview.txt,256.64954999999986,1076,1016,145
MainPCRiverview.txt,256.7338833333334,1080,1016,145
MainPCRiverview.txt,256.81829999999985,1074,1016,145
MainPCRiverview.txt,256.9026499999999,1068,1016,145
MainPCRiverview.txt,256.9869999999999,1076,1016,145
MainPCRiverview.txt,257.3243833333333,1078,1016,145
MainPCRiverview.txt,257.5773833333334,1079,1016,145
MainPCRiverview.txt,257.7466499999999,1084,1016,145
MainPCRiverview.txt,257.83093333333323,1084,1016,145
MainPCRiverview.txt,258.0006333333332,1086,1016,145
MainPCRiverview.txt,258.0848499999999,1087,1016,145
MainPCRiverview.txt,258.2533833333334,1090,1016,145
MainPCRiverview.txt,258.67471666666665,1090,1016,145
MainPCRiverview.txt,259.0117499999999,1085,1016,145
MainPCRiverview.txt,259.34894999999995,1086,1016,145
MainPCRiverview.txt,259.43319999999983,1085,1016,145
MainPCRiverview.txt,259.5174833333332,1085,1016,145
MainPCRiverview.txt,259.6018,1084,1016,145
MainPCRiverview.txt,259.68608333333333,1079,1016,145
MainPCRiverview.txt,260.0231833333333,1066,1000,145
MainPCRiverview.txt,260.1917666666667,1062,1000,145
MainPCRiverview.txt,260.36046666666675,1065,1000,145
MainPCRiverview.txt,260.44593333333336,1060,1000,145
MainPCRiverview.txt,261.03608333333335,1062,1000,145
MainPCRiverview.txt,261.2047,1062,1000,145
MainPCRiverview.txt,261.3732333333332,1054,1000,145
MainPCRiverview.txt,261.45751666666655,1055,1000,145
MainPCRiverview.txt,262.04741666666655,1055,1000,145
MainPCRiverview.txt,262.13168333333317,1061,1000,145
MainPCRiverview.txt,262.4687499999999,1062,1000,145
MainPCRiverview.txt,262.63731666666655,1061,1000,145
MainPCRiverview.txt,262.8905333333332,1061,1000,145
MainPCRiverview.txt,263.14443333333344,1066,1000,145
MainPCRiverview.txt,263.31298333333336,1065,1000,145
MainPCRiverview.txt,263.39725,1066,1000,145
MainPCRiverview.txt,263.56579999999997,1069,1000,145
MainPCRiverview.txt,263.7343999999999,1069,1000,145
MainPCRiverview.txt,264.31176666666664,1059,1000,145
MainPCRiverview.txt,264.39605,1052,1000,145
MainPCRiverview.txt,264.6488500000001,1049,1000,145
MainPCRiverview.txt,264.9017166666666,1049,1000,145
MainPCRiverview.txt,265.40751666666654,1050,1000,145
MainPCRiverview.txt,265.74471666666665,1050,1000,145
MainPCRiverview.txt,265.99865000000005,1054,1000,145
MainPCRiverview.txt,266.08294999999987,1057,1000,145
MainPCRiverview.txt,266.1672166666667,1054,1000,145
MainPCRiverview.txt,266.25151666666653,1053,1000,145
MainPCRiverview.txt,266.33583333333337,1066,1000,145
MainPCRiverview.txt,266.42011666666673,1059,1000,145
MainPCRiverview.txt,266.50440000000003,1065,1000,145
MainPCRiverview.txt,266.5887166666666,1069,1000,145
MainPCRiverview.txt,266.67299999999994,1070,1000,145
MainPCRiverview.txt,266.75730000000004,1076,1000,145
MainPCRiverview.txt,266.92584999999997,1077,1000,145
MainPCRiverview.txt,267.0944333333334,1081,1000,145
MainPCRiverview.txt,267.26294999999993,1080,1000,145
MainPCRiverview.txt,267.4315166666666,1076,1000,145
MainPCRiverview.txt,267.6000833333333,1075,1000,145
MainPCRiverview.txt,268.02189999999985,1074,1000,145
MainPCRiverview.txt,268.19048333333325,1076,1000,145
MainPCRiverview.txt,268.27485,1076,1000,145
MainPCRiverview.txt,268.44466666666665,1067,1000,145
MainPCRiverview.txt,268.95039999999995,1061,1000,145
MainPCRiverview.txt,269.1189333333332,1060,1000,145
MainPCRiverview.txt,269.7089166666666,1061,1000,145
MainPCRiverview.txt,269.7931833333332,1055,1000,145
MainPCRiverview.txt,269.9617666666666,1055,1000,145
MainPCRiverview.txt,270.5516166666667,1050,1000,145
MainPCRiverview.txt,270.6358833333333,1053,1000,145
MainPCRiverview.txt,270.72019999999986,1058,997,145
MainPCRiverview.txt,270.80449999999996,1058,997,145
MainPCRiverview.txt,270.88986666666665,1057,997,145
MainPCRiverview.txt,271.1426666666665,1053,997,145
MainPCRiverview.txt,271.39548333333335,1057,997,145
MainPCRiverview.txt,271.6482999999999,1057,997,145
MainPCRiverview.txt,271.73261666666673,1056,997,145
MainPCRiverview.txt,271.81690000000003,1059,997,145
MainPCRiverview.txt,272.2383333333333,1056,997,145
MainPCRiverview.txt,272.32259999999985,1059,997,145
MainPCRiverview.txt,272.40689999999995,1057,1000,145
MainPCRiverview.txt,272.4911833333333,1057,1000,145
MainPCRiverview.txt,272.57544999999993,1049,1000,145
MainPCRiverview.txt,272.7440166666666,1055,997,145
MainPCRiverview.txt,272.91305000000006,1058,994,145
MainPCRiverview.txt,272.9973333333334,1061,997,145
MainPCRiverview.txt,273.0816166666667,1055,997,145
MainPCRiverview.txt,273.1659166666666,1061,997,145
MainPCRiverview.txt,273.25023333333337,1060,997,145
MainPCRiverview.txt,273.3345,1054,997,145
MainPCRiverview.txt,273.4199333333334,1049,994,145
MainPCRiverview.txt,273.6729833333332,1059,989,145
MainPCRiverview.txt,273.75733333333324,1054,989,145
MainPCRiverview.txt,273.8416500000001,1060,989,145
MainPCRiverview.txt,274.0102999999999,1059,989,145
MainPCRiverview.txt,274.17890000000006,1059,989,145
MainPCRiverview.txt,274.6002666666666,1049,989,145
MainPCRiverview.txt,274.6845333333332,1059,989,145
MainPCRiverview.txt,274.7687833333333,1058,1000,145
MainPCRiverview.txt,274.93728333333337,1059,1000,145
MainPCRiverview.txt,275.02151666666674,1070,1000,145
MainPCRiverview.txt,275.1057499999999,1065,1000,145
MainPCRiverview.txt,275.2742333333332,1070,1000,145
MainPCRiverview.txt,275.3584666666666,1074,1000,145
MainPCRiverview.txt,275.52691666666664,1070,1000,145
MainPCRiverview.txt,275.61115,1065,1000,145
MainPCRiverview.txt,275.6953666666667,1070,1000,145
MainPCRiverview.txt,275.7796166666666,1074,1000,145
MainPCRiverview.txt,275.8638333333332,1063,1000,145
MainPCRiverview.txt,275.94919999999996,1056,1000,145
MainPCRiverview.txt,276.03344999999985,1062,1000,145
MainPCRiverview.txt,276.1179,1067,1000,145
MainPCRiverview.txt,276.20211666666665,1068,1000,145
MainPCRiverview.txt,276.2863833333333,1061,1000,145
MainPCRiverview.txt,276.3706833333334,1079,1000,145
MainPCRiverview.txt,276.4549833333332,1062,1000,145
MainPCRiverview.txt,276.5392166666666,1074,1000,145
MainPCRiverview.txt,276.6234833333332,1063,1000,145
MainPCRiverview.txt,276.7077833333333,1070,1000,145
MainPCRiverview.txt,276.7920333333334,1079,1000,145
MainPCRiverview.txt,276.8762833333333,1075,1000,145
MainPCRiverview.txt,276.96061666666657,1053,1000,145
MainPCRiverview.txt,277.0449333333334,1063,1000,145
MainPCRiverview.txt,277.1291833333333,1080,1000,145
MainPCRiverview.txt,277.2976500000001,1074,1000,145
MainPCRiverview.txt,277.38188333333323,1073,1000,145
MainPCRiverview.txt,277.4661500000001,1064,1000,145
MainPCRiverview.txt,277.55039999999997,1072,1000,145
MainPCRiverview.txt,277.71889999999996,1076,1000,145
MainPCRiverview.txt,277.88739999999996,1065,1000,145
MainPCRiverview.txt,277.97206666666665,1063,1000,145
MainPCRiverview.txt,278.05633333333327,1071,1000,145
MainPCRiverview.txt,278.1405999999999,1072,1000,145
MainPCRiverview.txt,278.2248333333333,1078,1000,145
MainPCRiverview.txt,278.3090833333332,1073,1000,145
MainPCRiverview.txt,278.39335000000005,1073,1000,145
MainPCRiverview.txt,278.56311666666676,1076,1000,145
MainPCRiverview.txt,278.64736666666664,1078,1000,145
MainPCRiverview.txt,278.73161666666675,1072,1000,145
MainPCRiverview.txt,278.90006666666653,1078,1000,145
MainPCRiverview.txt,279.0686,1073,1000,145
MainPCRiverview.txt,279.1528166666667,1074,1000,145
MainPCRiverview.txt,279.2370666666666,1080,1000,145
MainPCRiverview.txt,279.32129999999995,1068,1000,145
MainPCRiverview.txt,279.4054999999999,1074,1000,145
MainPCRiverview.txt,279.48978333333326,1070,1000,145
MainPCRiverview.txt,279.5740333333334,1075,1000,145
MainPCRiverview.txt,279.6582666666665,1080,1000,145
MainPCRiverview.txt,279.8268,1075,1000,145
MainPCRiverview.txt,280.07949999999994,1075,1000,145
MainPCRiverview.txt,280.4164166666666,1080,1000,145
MainPCRiverview.txt,280.75331666666665,1073,1000,145
MainPCRiverview.txt,280.83756666666653,1074,1000,145
MainPCRiverview.txt,280.9218166666667,1080,1000,145
MainPCRiverview.txt,281.1756999999999,1073,1000,145
MainPCRiverview.txt,281.25995,1077,1000,145
MainPCRiverview.txt,281.3441666666667,1076,1000,145
MainPCRiverview.txt,281.6811166666665,1081,1000,145
MainPCRiverview.txt,281.76536666666664,1075,1000,145
MainPCRiverview.txt,282.1023166666667,1069,1000,145
MainPCRiverview.txt,282.2708,1076,1000,145
MainPCRiverview.txt,282.43934999999993,1071,1000,145
MainPCRiverview.txt,282.60783333333325,1066,1000,145
MainPCRiverview.txt,282.7763666666667,1062,1000,145
MainPCRiverview.txt,282.8606166666666,1064,1000,145
MainPCRiverview.txt,282.9448833333332,1065,1000,145
MainPCRiverview.txt,283.02956666666665,1076,1000,145
MainPCRiverview.txt,283.1137833333333,1071,1000,145
MainPCRiverview.txt,283.4508166666665,1075,1000,145
MainPCRiverview.txt,283.70468333333326,1077,1000,145
MainPCRiverview.txt,283.7889333333334,1070,1000,145
MainPCRiverview.txt,283.8731666666665,1037,965,145
MainPCRiverview.txt,283.9573833333332,1084,1000,145
MainPCRiverview.txt,284.04159999999985,1077,1000,145
MainPCRiverview.txt,284.1258333333333,1076,992,145
MainPCRiverview.txt,284.2100499999999,1075,992,145
MainPCRiverview.txt,284.2942666666666,1075,992,145
MainPCRiverview.txt,284.46271666666667,1063,992,145
MainPCRiverview.txt,284.71543333333335,1062,992,145
MainPCRiverview.txt,284.96818333333323,1055,992,145
MainPCRiverview.txt,285.05243333333334,1063,992,145
MainPCRiverview.txt,285.13665000000003,1063,992,145
MainPCRiverview.txt,285.2208833333334,1061,992,145
MainPCRiverview.txt,285.3051333333333,1068,992,145
MainPCRiverview.txt,285.4734666666667,1063,992,145
MainPCRiverview.txt,285.8102666666667,1062,992,145
MainPCRiverview.txt,285.89448333333337,1070,992,145
MainPCRiverview.txt,285.9786666666666,1063,992,145
MainPCRiverview.txt,286.06394999999986,1058,992,145
MainPCRiverview.txt,286.14809999999983,1051,992,145
MainPCRiverview.txt,286.23233333333326,1053,992,145
MainPCRiverview.txt,286.3165499999999,1064,992,145
MainPCRiverview.txt,286.40073333333333,1042,992,145
MainPCRiverview.txt,286.48495,1045,989,145
MainPCRiverview.txt,286.56913333333324,1046,989,145
MainPCRiverview.txt,286.6533499999999,1064,992,145
MainPCRiverview.txt,286.73755000000006,1058,992,145
MainPCRiverview.txt,286.82176666666675,1047,992,145
MainPCRiverview.txt,286.90594999999996,1057,992,145
MainPCRiverview.txt,286.99018333333333,1063,992,145
MainPCRiverview.txt,287.0744,1055,992,145
MainPCRiverview.txt,287.1585999999999,1051,992,145
MainPCRiverview.txt,287.2428166666666,1055,992,145
MainPCRiverview.txt,287.32705,1056,992,145
MainPCRiverview.txt,287.41124999999994,1051,992,145
MainPCRiverview.txt,287.4954833333333,1057,992,145
MainPCRiverview.txt,287.5797,1049,992,145
MainPCRiverview.txt,287.6638999999999,1044,992,145
MainPCRiverview.txt,287.7480499999999,1057,992,145
MainPCRiverview.txt,287.83223333333336,1065,992,145
MainPCRiverview.txt,287.91646666666674,1049,992,145
MainPCRiverview.txt,288.0006666666667,1052,992,145
MainPCRiverview.txt,288.08525,1063,992,145
MainPCRiverview.txt,288.1694499999999,1058,992,145
MainPCRiverview.txt,288.25363333333337,1064,992,145
MainPCRiverview.txt,288.33788333333325,1054,992,145
MainPCRiverview.txt,288.4220666666667,1070,992,145
MainPCRiverview.txt,288.50628333333333,1070,992,145
MainPCRiverview.txt,288.5915499999999,1058,992,145
MainPCRiverview.txt,288.67576666666656,1062,992,145
MainPCRiverview.txt,288.7599333333333,1070,992,145
MainPCRiverview.txt,288.84411666666676,1071,992,145
MainPCRiverview.txt,289.0125166666666,1056,992,145
MainPCRiverview.txt,289.0966833333333,1055,992,145
MainPCRiverview.txt,289.18088333333327,1062,992,145
MainPCRiverview.txt,289.26503333333324,1055,992,145
MainPCRiverview.txt,289.34926666666667,1050,992,145
MainPCRiverview.txt,289.4334833333333,1055,992,145
MainPCRiverview.txt,289.51768333333325,1065,992,145
MainPCRiverview.txt,289.6860499999999,1066,992,145
MainPCRiverview.txt,289.7702833333333,1061,992,145
MainPCRiverview.txt,289.8545,1067,992,145
MainPCRiverview.txt,289.9386833333334,1060,992,145
MainPCRiverview.txt,290.02291666666656,1061,992,145
MainPCRiverview.txt,290.1071333333332,1060,992,145
MainPCRiverview.txt,290.1913333333334,1065,992,145
MainPCRiverview.txt,290.27558333333326,1073,992,145
MainPCRiverview.txt,290.44399999999985,1062,992,145
MainPCRiverview.txt,290.52814999999987,1067,992,145
MainPCRiverview.txt,290.6123666666665,1072,992,145
MainPCRiverview.txt,290.69651666666675,1067,992,145
MainPCRiverview.txt,290.86493333333334,1071,992,145
MainPCRiverview.txt,291.0333,1066,992,145
MainPCRiverview.txt,291.1185833333333,1067,992,145
MainPCRiverview.txt,291.2027333333333,1060,992,145
MainPCRiverview.txt,291.3711333333334,1054,992,145
MainPCRiverview.txt,291.45533333333333,1059,992,145
MainPCRiverview.txt,291.53950000000003,1071,992,145
MainPCRiverview.txt,291.6237333333332,1064,992,145
MainPCRiverview.txt,291.7920833333334,1060,992,145
MainPCRiverview.txt,291.8763,1057,992,145
MainPCRiverview.txt,291.96049999999997,1050,992,145
MainPCRiverview.txt,292.1288666666666,1045,992,145
MainPCRiverview.txt,292.29721666666654,1040,992,145
MainPCRiverview.txt,292.3814,1050,992,145
MainPCRiverview.txt,292.4655999999999,1051,992,145
MainPCRiverview.txt,292.63393333333335,1052,992,145
MainPCRiverview.txt,292.7181666666667,1047,992,145
MainPCRiverview.txt,292.80234999999993,1059,992,145
MainPCRiverview.txt,292.8865833333333,1054,992,145
MainPCRiverview.txt,292.97078333333326,1053,992,145
MainPCRiverview.txt,293.13953333333325,1059,992,145
MainPCRiverview.txt,293.22374999999994,1055,992,145
MainPCRiverview.txt,293.30800000000005,1047,992,145
MainPCRiverview.txt,293.3922333333332,1052,992,145
MainPCRiverview.txt,293.4764333333334,1043,989,145
MainPCRiverview.txt,293.56065000000007,1043,978,145
MainPCRiverview.txt,293.6459833333333,1039,992,145
MainPCRiverview.txt,293.73019999999997,1043,992,145
MainPCRiverview.txt,293.89861666666656,1041,992,145
MainPCRiverview.txt,293.9828833333332,1053,992,145
MainPCRiverview.txt,294.06708333333336,1048,978,145
MainPCRiverview.txt,294.15130000000005,1043,978,145
MainPCRiverview.txt,294.2355166666667,1050,981,145
MainPCRiverview.txt,294.31974999999983,1052,992,145
MainPCRiverview.txt,294.40395,1053,992,145
MainPCRiverview.txt,294.57238333333333,1039,986,145
MainPCRiverview.txt,294.6566333333332,1042,986,145
MainPCRiverview.txt,294.8249999999999,1047,986,145
MainPCRiverview.txt,295.2458999999999,1042,986,145
MainPCRiverview.txt,295.91973333333334,1036,986,145
MainPCRiverview.txt,296.0039333333333,1031,984,145
MainPCRiverview.txt,296.0881499999999,1036,984,145
MainPCRiverview.txt,296.8470166666667,1037,984,145
MainPCRiverview.txt,296.93124999999986,1037,984,145
MainPCRiverview.txt,297.2680333333334,1039,986,145
MainPCRiverview.txt,297.43645,1035,986,145
MainPCRiverview.txt,297.6048333333334,1038,986,145
MainPCRiverview.txt,297.77324999999996,1035,984,145
MainPCRiverview.txt,297.85744999999986,1043,986,145
MainPCRiverview.txt,298.11008333333336,1037,986,145
MainPCRiverview.txt,298.19464999999997,1041,986,145
MainPCRiverview.txt,298.5315166666666,1040,986,145
MainPCRiverview.txt,298.61575,1040,986,145
MainPCRiverview.txt,299.1223166666667,1039,986,145
MainPCRiverview.txt,299.45911666666666,1039,986,145
MainPCRiverview.txt,299.5433333333333,1040,986,145
MainPCRiverview.txt,299.7117333333332,1041,986,145
MainPCRiverview.txt,299.9643666666667,1040,986,145
MainPCRiverview.txt,300.3012833333333,1040,986,145
MainPCRiverview.txt,300.3856666666665,1031,986,145
MainPCRiverview.txt,300.46989999999994,1045,984,145
MainPCRiverview.txt,300.5541333333333,1053,992,145
MainPCRiverview.txt,300.63833333333326,1064,992,145
MainPCRiverview.txt,300.7225833333334,1065,992,145
MainPCRiverview.txt,300.80680000000007,1059,992,145
MainPCRiverview.txt,300.89104999999995,1063,992,145
MainPCRiverview.txt,300.97530000000006,1061,992,145
MainPCRiverview.txt,301.0595,1050,992,145
MainPCRiverview.txt,301.14371666666665,1054,992,145
MainPCRiverview.txt,301.22906666666665,1058,992,145
MainPCRiverview.txt,301.31331666666654,1051,992,145
MainPCRiverview.txt,301.3975833333334,1054,992,145
MainPCRiverview.txt,301.5660999999999,1055,992,145
MainPCRiverview.txt,301.65035,1042,989,145
MainPCRiverview.txt,301.73454999999996,1051,992,145
MainPCRiverview.txt,301.81874999999985,1055,992,145
MainPCRiverview.txt,301.98713333333325,1055,992,145
MainPCRiverview.txt,302.32390000000004,1062,992,145
MainPCRiverview.txt,302.4080833333332,1061,992,145
MainPCRiverview.txt,302.4922999999999,1063,992,145
MainPCRiverview.txt,302.66066666666654,1065,992,145
MainPCRiverview.txt,302.82908333333336,1059,992,145
MainPCRiverview.txt,302.9974666666665,1065,992,145
MainPCRiverview.txt,303.0816666666667,1059,992,145
MainPCRiverview.txt,303.16589999999985,1061,992,145
MainPCRiverview.txt,303.2504999999999,1056,992,145
MainPCRiverview.txt,303.5030999999999,1050,992,145
MainPCRiverview.txt,303.58728333333335,1056,992,145
MainPCRiverview.txt,303.67145000000005,1056,992,145
MainPCRiverview.txt,303.7567333333334,1052,992,145
MainPCRiverview.txt,303.84088333333335,1057,992,145
MainPCRiverview.txt,304.0934333333332,1056,992,145
MainPCRiverview.txt,304.1776333333334,1045,992,145
MainPCRiverview.txt,304.26185000000004,1044,992,145
MainPCRiverview.txt,304.34606666666673,1054,992,145
MainPCRiverview.txt,304.5144666666666,1056,992,145
MainPCRiverview.txt,304.68283333333324,1053,992,145
MainPCRiverview.txt,304.85121666666663,1048,992,145
MainPCRiverview.txt,304.9354166666665,1053,992,145
MainPCRiverview.txt,305.10376666666673,1047,992,145
MainPCRiverview.txt,305.18798333333336,1053,992,145
MainPCRiverview.txt,305.27220000000005,1046,992,145
MainPCRiverview.txt,305.35639999999995,1047,992,145
MainPCRiverview.txt,305.6089833333333,1050,992,145
MainPCRiverview.txt,305.77734999999996,1052,992,145
MainPCRiverview.txt,305.9457333333333,1046,992,145
MainPCRiverview.txt,306.02995,1048,992,145
MainPCRiverview.txt,306.1982833333334,1048,992,145
MainPCRiverview.txt,306.2835833333332,1047,992,145
MainPCRiverview.txt,306.3678166666666,1046,992,145
MainPCRiverview.txt,306.53619999999995,1040,992,145
MainPCRiverview.txt,306.6203999999999,1044,992,145
MainPCRiverview.txt,306.70458333333335,1040,992,145
MainPCRiverview.txt,306.8730166666667,1041,992,145
MainPCRiverview.txt,306.9571999999999,1042,992,145
MainPCRiverview.txt,307.04140000000007,1047,992,145
MainPCRiverview.txt,307.12561666666676,1046,992,145
MainPCRiverview.txt,307.37823333333324,1040,992,145
MainPCRiverview.txt,307.46246666666667,1046,992,145
MainPCRiverview.txt,307.71509999999995,1047,992,145
MainPCRiverview.txt,307.7993333333333,1041,992,145
MainPCRiverview.txt,307.88354999999996,1041,992,145
MainPCRiverview.txt,308.30499999999995,1044,992,145
MainPCRiverview.txt,308.47341666666654,1041,981,145
MainPCRiverview.txt,308.5576166666667,1050,986,145
MainPCRiverview.txt,308.64184999999986,1045,986,145
MainPCRiverview.txt,308.72599999999983,1045,986,145
MainPCRiverview.txt,308.89548333333335,1034,986,145
MainPCRiverview.txt,308.9797,1047,983,145
MainPCRiverview.txt,309.0639333333334,1053,983,145
MainPCRiverview.txt,309.1481333333333,1036,983,145
MainPCRiverview.txt,309.23233333333326,1041,983,145
MainPCRiverview.txt,309.3165499999999,1042,983,145
MainPCRiverview.txt,309.4007666666666,1037,983,145
MainPCRiverview.txt,309.4850166666667,1045,983,145
MainPCRiverview.txt,309.56921666666665,1033,975,145
MainPCRiverview.txt,309.6534333333333,1054,992,145
MainPCRiverview.txt,309.73763333333324,1062,992,145
MainPCRiverview.txt,309.8218666666666,1061,992,145
MainPCRiverview.txt,309.90606666666656,1060,992,145
MainPCRiverview.txt,309.99026666666674,1059,992,145
MainPCRiverview.txt,310.0744999999999,1044,984,145
MainPCRiverview.txt,310.1587333333333,1132,984,145
ALLY X run.txt,0.0,2577,2044,0
ALLY X run.txt,0.0340499999999641,2539,2044,0
ALLY X run.txt,0.06804999999997866,2404,2044,0
ALLY X run.txt,0.10278333333335468,2135,1980,0
ALLY X run.txt,0.1373833333333702,2103,1948,0
ALLY X run.txt,0.17164999999998448,1834,1705,0
ALLY X run.txt,0.20596666666666957,1782,1675,40
ALLY X run.txt,0.24014999999999417,1782,1675,40
ALLY X run.txt,0.27439999999999903,1785,1675,40
ALLY X run.txt,0.308683333333344,1785,1675,40
ALLY X run.txt,0.3435833333332994,1785,1675,40
ALLY X run.txt,0.37793333333332463,1778,1675,40
ALLY X run.txt,0.41218333333332946,1778,1675,43
ALLY X run.txt,0.44658333333330424,1778,1675,43
ALLY X run.txt,0.48093333333332944,1780,1675,43
ALLY X run.txt,0.5153333333333042,1780,1675,51
ALLY X run.txt,0.5498999999999796,1780,1675,69
ALLY X run.txt,0.5843000000000756,1781,1675,77
ALLY X run.txt,0.619016666666721,1781,1675,78
ALLY X run.txt,0.6535833333333964,1781,1675,78
ALLY X run.txt,0.6881000000000009,1781,1675,86
ALLY X run.txt,0.7225999999999961,1781,1675,87
ALLY X run.txt,0.7570999999999912,1781,1675,87
ALLY X run.txt,0.7916333333333265,1781,1675,87
ALLY X run.txt,0.8260666666666414,1781,1675,96
ALLY X run.txt,0.8607833333334081,1769,1675,96
ALLY X run.txt,0.895400000000033,1769,1675,96
ALLY X run.txt,0.9299666666667084,1769,1675,98
ALLY X run.txt,0.9644000000000232,1772,1675,98
ALLY X run.txt,0.9988166666667287,1777,1675,98
ALLY X run.txt,1.0701833333333828,1755,1660,98
ALLY X run.txt,1.2775499999999738,1679,1596,106
ALLY X run.txt,1.31228333333335,1605,1533,106
ALLY X run.txt,1.3468833333333654,1586,1517,107
ALLY X run.txt,1.4159500000000358,1568,1501,107
ALLY X run.txt,1.5200166666666821,1567,1501,115
ALLY X run.txt,1.5545833333333576,1566,1501,115
ALLY X run.txt,1.5893000000000028,1489,1438,119
ALLY X run.txt,1.6241666666667394,1468,1438,119
ALLY X run.txt,1.6587500000000241,1401,1370,119
ALLY X run.txt,1.6937333333333906,1361,1322,119
ALLY X run.txt,1.8332166666667036,1359,1322,119
ALLY X run.txt,1.8680833333333189,1358,1322,119
ALLY X run.txt,1.9029666666666647,1330,1290,127
ALLY X run.txt,1.937916666666691,1314,1274,128
ALLY X run.txt,1.972749999999966,1316,1274,128
ALLY X run.txt,2.007633333333312,1312,1274,128
ALLY X run.txt,2.0424833333333177,1312,1274,128
ALLY X run.txt,2.1149500000000745,1310,1274,128
ALLY X run.txt,2.184649999999965,1312,1274,128
ALLY X run.txt,2.219583333333382,1318,1274,128
ALLY X run.txt,2.254533333333408,1314,1274,128
ALLY X run.txt,2.289549999999993,1315,1274,128
ALLY X run.txt,2.32463333333338,1297,1258,128
ALLY X run.txt,2.359516666666726,1299,1258,128
ALLY X run.txt,2.3945166666667017,1300,1258,128
ALLY X run.txt,2.4644000000000235,1301,1258,128
ALLY X run.txt,2.499283333333369,1298,1258,128
ALLY X run.txt,2.534066666666695,1302,1258,128
ALLY X run.txt,2.673816666666729,1301,1258,128
ALLY X run.txt,2.7436166666666395,1301,1258,128
ALLY X run.txt,3.0926833333333588,1301,1258,128
ALLY X run.txt,3.2354166666666666,1299,1258,128
ALLY X run.txt,3.270333333333353,1296,1258,128
ALLY X run.txt,3.445133333333312,1296,1258,128
ALLY X run.txt,3.4799833333333177,1291,1257,128
ALLY X run.txt,3.5148666666666637,1292,1257,128
ALLY X run.txt,3.7942166666666406,1292,1257,128
ALLY X run.txt,3.829233333333347,1297,1257,128
ALLY X run.txt,3.8992000000000795,1296,1257,128
ALLY X run.txt,4.108866666666654,1295,1257,128
ALLY X run.txt,4.14373333333339,1293,1257,128
ALLY X run.txt,4.181333333333411,1290,1257,128
ALLY X run.txt,4.216316666666656,1294,1257,128
ALLY X run.txt,4.321000000000034,1292,1257,128
ALLY X run.txt,4.3559833333334,1291,1257,128
ALLY X run.txt,4.390933333333305,1292,1257,128
ALLY X run.txt,4.495733333333313,1289,1250,128
ALLY X run.txt,4.53066666666673,1297,1250,128
ALLY X run.txt,4.565649999999975,1295,1258,128
ALLY X run.txt,4.600733333333362,1296,1258,128
ALLY X run.txt,4.635699999999997,1297,1258,128
ALLY X run.txt,4.670633333333414,1281,1242,128
ALLY X run.txt,4.7055666666667095,1284,1242,128
ALLY X run.txt,4.845400000000033,1284,1242,128
ALLY X run.txt,4.915383333333375,1286,1242,128
ALLY X run.txt,5.020933333333354,1283,1242,128
ALLY X run.txt,5.055866666666649,1282,1242,128
ALLY X run.txt,5.195683333333363,1282,1242,128
ALLY X run.txt,5.283000000000054,1281,1242,128
ALLY X run.txt,5.367966666666689,1282,1242,128
ALLY X run.txt,5.707800000000012,1275,1234,128
ALLY X run.txt,5.792766666666648,1273,1234,128
ALLY X run.txt,5.8776833333333345,1275,1234,128
ALLY X run.txt,6.047566666666656,1275,1234,128
ALLY X run.txt,6.132516666666683,1274,1234,128
ALLY X run.txt,6.217433333333369,1272,1234,128
ALLY X run.txt,6.302450000000075,1255,1212,128
ALLY X run.txt,6.38731666666669,1263,1216,128
ALLY X run.txt,6.557400000000053,1262,1231,128
ALLY X run.txt,6.727433333333344,1265,1234,128
ALLY X run.txt,6.81235000000003,1264,1234,128
ALLY X run.txt,6.897300000000056,1268,1234,128
ALLY X run.txt,7.23688333333339,1269,1234,128
ALLY X run.txt,7.3218166666666855,1268,1234,128
ALLY X run.txt,7.40671666666664,1267,1234,128
ALLY X run.txt,7.491750000000078,1255,1223,128
ALLY X run.txt,7.661716666666689,1253,1222,128
ALLY X run.txt,7.746750000000005,1253,1222,128
ALLY X run.txt,8.004216666666737,1250,1217,128
ALLY X run.txt,8.089283333333393,1252,1217,128
ALLY X run.txt,8.344249999999981,1255,1221,128
ALLY X run.txt,8.429266666666686,1254,1221,128
ALLY X run.txt,8.514199999999983,1258,1221,128
ALLY X run.txt,8.59931666666671,1257,1221,128
ALLY X run.txt,8.769266666666711,1250,1219,128
ALLY X run.txt,8.854216666666737,1241,1211,128
ALLY X run.txt,8.939233333333323,1244,1211,128
ALLY X run.txt,9.02418333333335,1245,1211,128
ALLY X run.txt,9.109266666666736,1244,1211,128
ALLY X run.txt,9.194300000000052,1245,1211,128
ALLY X run.txt,9.279300000000028,1243,1211,128
ALLY X run.txt,9.449266666666638,1244,1211,128
ALLY X run.txt,9.534233333333395,1243,1210,128
ALLY X run.txt,9.619233333333371,1241,1208,128
ALLY X run.txt,9.789183333333373,1239,1207,128
ALLY X run.txt,9.959066666666695,1237,1206,128
ALLY X run.txt,10.044916666666662,1238,1206,128
ALLY X run.txt,10.129933333333367,1237,1206,128
ALLY X run.txt,10.29998333333339,1237,1206,128
ALLY X run.txt,10.472550000000046,1238,1205,128
ALLY X run.txt,10.557550000000022,1237,1205,128
ALLY X run.txt,11.152199999999963,1241,1206,128
ALLY X run.txt,11.917383333333298,1240,1206,128
ALLY X run.txt,12.002366666666664,1240,1206,128
ALLY X run.txt,12.342449999999978,1244,1206,128
ALLY X run.txt,12.427400000000004,1242,1206,128
ALLY X run.txt,12.51251666666673,1241,1206,128
ALLY X run.txt,12.597616666666728,1244,1206,128
ALLY X run.txt,12.852633333333385,1244,1206,128
ALLY X run.txt,12.940200000000065,1245,1206,128
ALLY X run.txt,13.02528333333333,1243,1206,128
ALLY X run.txt,13.195416666666642,1245,1206,128
ALLY X run.txt,13.365333333333304,1246,1208,128
ALLY X run.txt,13.620333333333352,1245,1208,128
ALLY X run.txt,13.70531666666672,1245,1208,128
ALLY X run.txt,14.130233333333308,1247,1208,128
ALLY X run.txt,14.215166666666725,1248,1208,128
ALLY X run.txt,14.555133333333409,1248,1208,128
ALLY X run.txt,15.40593333333333,1248,1208,128
ALLY X run.txt,15.748183333333388,1246,1208,128
ALLY X run.txt,15.833150000000023,1247,1208,128
ALLY X run.txt,16.173083333333366,1246,1208,128
ALLY X run.txt,16.258116666666684,1229,1192,128
ALLY X run.txt,17.107783333333405,1229,1192,128
ALLY X run.txt,17.95745,1229,1192,128
ALLY X run.txt,18.04488333333332,1231,1192,128
ALLY X run.txt,18.809533333333334,1231,1192,128
ALLY X run.txt,19.659333333333294,1231,1192,128
ALLY X run.txt,19.829250000000076,1230,1192,128
ALLY X run.txt,19.914283333333394,1231,1192,128
ALLY X run.txt,19.99928333333337,1230,1192,128
ALLY X run.txt,20.510099999999998,1230,1192,128
ALLY X run.txt,20.597816666666645,1229,1192,128
ALLY X run.txt,21.19253333333339,1225,1192,128
ALLY X run.txt,21.277566666666704,1228,1192,128
ALLY X run.txt,21.362516666666732,1211,1170,128
ALLY X run.txt,21.447583333333387,1210,1170,128
ALLY X run.txt,21.532500000000073,1223,1174,128
ALLY X run.txt,21.702433333333342,1229,1192,128
ALLY X run.txt,21.78739999999998,1230,1192,128
ALLY X run.txt,21.9572833333333,1232,1192,128
ALLY X run.txt,22.127133333333404,1233,1192,128
ALLY X run.txt,22.2120666666667,1206,1173,128
ALLY X run.txt,22.296950000000045,1209,1173,128
ALLY X run.txt,22.381833333333393,1212,1173,128
ALLY X run.txt,22.466766666666686,1213,1173,128
ALLY X run.txt,22.55175000000005,1217,1173,128
ALLY X run.txt,22.636666666666738,1213,1173,128
ALLY X run.txt,22.721666666666714,1218,1174,128
ALLY X run.txt,22.80678333333332,1217,1174,128
ALLY X run.txt,22.89180000000003,1218,1174,128
ALLY X run.txt,22.976716666666714,1214,1174,128
ALLY X run.txt,23.06161666666667,1212,1174,128
ALLY X run.txt,23.1489666666667,1214,1174,128
ALLY X run.txt,23.233983333333406,1212,1174,128
ALLY X run.txt,23.318916666666702,1208,1174,128
ALLY X run.txt,23.403833333333388,1212,1174,128
ALLY X run.txt,23.488816666666633,1215,1174,128
ALLY X run.txt,23.573699999999977,1213,1174,128
ALLY X run.txt,23.658633333333395,1214,1174,128
ALLY X run.txt,23.828550000000057,1211,1174,128
ALLY X run.txt,23.913483333333353,1214,1174,128
ALLY X run.txt,23.99848333333333,1213,1174,128
ALLY X run.txt,24.168399999999988,1214,1174,128
ALLY X run.txt,24.338200000000022,1208,1171,128
ALLY X run.txt,24.678233333333385,1217,1174,128
ALLY X run.txt,24.76315000000007,1216,1174,128
ALLY X run.txt,25.017983333333298,1215,1174,128
ALLY X run.txt,25.27388333333341,1208,1174,128
ALLY X run.txt,25.358799999999974,1204,1174,128
ALLY X run.txt,25.528666666666687,1203,1174,128
ALLY X run.txt,25.61359999999998,1203,1174,128
ALLY X run.txt,25.701033333333303,1201,1172,128
ALLY X run.txt,26.040816666666675,1196,1165,128
ALLY X run.txt,26.12573333333336,1205,1165,128
ALLY X run.txt,26.295666666666634,1204,1172,128
ALLY X run.txt,26.380616666666658,1207,1172,128
ALLY X run.txt,26.465616666666634,1204,1170,128
ALLY X run.txt,26.55055000000005,1203,1170,128
ALLY X run.txt,26.6354333333334,1200,1170,128
ALLY X run.txt,26.805433333333347,1207,1170,128
ALLY X run.txt,26.890333333333306,1202,1164,128
ALLY X run.txt,26.975249999999992,1204,1160,128
ALLY X run.txt,27.060133333333336,1198,1160,128
ALLY X run.txt,27.145083333333364,1201,1160,128
ALLY X run.txt,27.229916666666636,1196,1160,128
ALLY X run.txt,27.314833333333322,1197,1160,128
ALLY X run.txt,27.39976666666674,1194,1154,128
ALLY X run.txt,27.484716666666646,1200,1154,128
ALLY X run.txt,27.5697833333333,1196,1154,128
ALLY X run.txt,27.65473333333333,1189,1149,128
ALLY X run.txt,27.909749999999985,1191,1149,128
ALLY X run.txt,27.99473333333335,1195,1149,128
ALLY X run.txt,28.07980000000001,1202,1149,128
ALLY X run.txt,28.164816666666713,1189,1149,128
ALLY X run.txt,28.33736666666664,1200,1149,128
ALLY X run.txt,28.422483333333368,1188,1149,128
ALLY X run.txt,28.507450000000002,1191,1149,128
ALLY X run.txt,28.677483333333292,1190,1149,128
ALLY X run.txt,28.7625,1193,1149,128
ALLY X run.txt,29.01751666666666,1193,1149,128
ALLY X run.txt,29.102666666666725,1189,1149,128
ALLY X run.txt,29.357666666666653,1197,1149,128
ALLY X run.txt,29.697716666666746,1195,1149,128
ALLY X run.txt,29.86765000000002,1197,1149,128
ALLY X run.txt,29.952633333333385,1201,1149,128
ALLY X run.txt,30.03756666666668,1200,1149,128
ALLY X run.txt,30.123516666666667,1195,1149,128
ALLY X run.txt,30.208433333333353,1194,1149,128
ALLY X run.txt,30.29346666666667,1193,1149,128
ALLY X run.txt,30.378366666666746,1192,1149,128
ALLY X run.txt,30.463466666666744,1196,1149,128
ALLY X run.txt,30.548483333333326,1199,1149,128
ALLY X run.txt,30.633500000000033,1202,1167,128
ALLY X run.txt,30.71853333333335,1206,1171,128
ALLY X run.txt,30.891249999999975,1207,1165,128
ALLY X run.txt,30.976200000000002,1205,1170,128
ALLY X run.txt,31.146233333333292,1191,1156,128
ALLY X run.txt,31.23113333333337,1209,1162,128
ALLY X run.txt,31.400950000000012,1201,1151,128
ALLY X run.txt,31.486000000000057,1199,1151,128
ALLY X run.txt,31.571016666666644,1199,1151,128
ALLY X run.txt,31.65606666666669,1196,1151,128
ALLY X run.txt,31.741016666666717,1199,1151,128
ALLY X run.txt,31.910966666666717,1198,1151,128
ALLY X run.txt,31.995966666666693,1199,1151,128
ALLY X run.txt,32.421016666666645,1199,1151,128
ALLY X run.txt,32.84618333333334,1196,1151,128
ALLY X run.txt,33.01623333333337,1195,1151,128
ALLY X run.txt,33.27123333333329,1195,1151,128
ALLY X run.txt,33.35904999999996,1194,1151,128
ALLY X run.txt,33.52899999999997,1193,1151,128
ALLY X run.txt,33.613916666666654,1196,1151,128
ALLY X run.txt,33.783899999999996,1195,1151,128
ALLY X run.txt,33.8689166666667,1198,1151,128
ALLY X run.txt,34.12398333333331,1201,1151,128
ALLY X run.txt,34.208950000000065,1200,1151,128
ALLY X run.txt,34.29396666666665,1198,1151,128
ALLY X run.txt,34.37899999999997,1197,1151,128
ALLY X run.txt,34.54898333333331,1194,1151,128
ALLY X run.txt,34.71886666666663,1191,1151,128
ALLY X run.txt,34.80386666666673,1184,1149,128
ALLY X run.txt,34.888783333333414,1188,1149,128
ALLY X run.txt,34.97373333333332,1199,1149,128
ALLY X run.txt,35.058766666666635,1198,1151,128
ALLY X run.txt,35.144849999999984,1196,1149,128
ALLY X run.txt,35.229833333333346,1195,1149,128
ALLY X run.txt,35.314833333333326,1198,1151,128
ALLY X run.txt,35.4848333333334,1197,1151,128
ALLY X run.txt,35.56981666666664,1203,1151,128
ALLY X run.txt,35.65485000000008,1202,1151,128
ALLY X run.txt,35.73981666666671,1185,1139,128
ALLY X run.txt,35.82481666666669,1185,1139,128
ALLY X run.txt,36.677033333333384,1185,1139,128
ALLY X run.txt,37.01725000000006,1182,1139,128
ALLY X run.txt,37.18736666666664,1202,1151,128
ALLY X run.txt,37.35730000000003,1201,1151,128
ALLY X run.txt,37.527333333333324,1202,1151,128
ALLY X run.txt,37.6973333333334,1201,1151,128
ALLY X run.txt,37.78236666666671,1200,1151,128
ALLY X run.txt,37.86733333333335,1201,1151,128
ALLY X run.txt,38.03735000000003,1182,1141,128
ALLY X run.txt,38.20731666666664,1180,1141,128
ALLY X run.txt,38.37725000000003,1180,1141,128
ALLY X run.txt,38.46475000000003,1198,1151,128
ALLY X run.txt,38.54976666666674,1199,1151,128
ALLY X run.txt,38.63474999999998,1202,1151,128
ALLY X run.txt,38.71966666666667,1205,1151,128
ALLY X run.txt,38.88963333333341,1204,1151,128
ALLY X run.txt,39.05976666666672,1205,1151,128
ALLY X run.txt,39.14480000000003,1203,1151,128
ALLY X run.txt,39.22969999999999,1202,1151,128
ALLY X run.txt,39.314666666666746,1201,1151,128
ALLY X run.txt,39.5696833333334,1202,1151,128
ALLY X run.txt,39.82464999999999,1203,1151,128
ALLY X run.txt,39.909700000000036,1204,1151,128
ALLY X run.txt,40.07958333333336,1205,1151,128
ALLY X run.txt,40.16516666666673,1201,1151,128
ALLY X run.txt,40.25021666666665,1199,1151,128
ALLY X run.txt,40.335183333333404,1200,1151,128
ALLY X run.txt,40.589850000000055,1202,1151,128
ALLY X run.txt,40.67488333333337,1195,1151,128
ALLY X run.txt,40.759766666666714,1187,1147,128
ALLY X run.txt,40.84471666666674,1174,1131,128
ALLY X run.txt,40.92971666666672,1175,1131,128
ALLY X run.txt,41.01675000000008,1174,1131,128
ALLY X run.txt,41.101816666666736,1178,1131,128
ALLY X run.txt,41.186783333333366,1179,1131,128
ALLY X run.txt,41.44180000000003,1176,1131,128
ALLY X run.txt,41.52681666666673,1178,1131,128
ALLY X run.txt,41.696516666666746,1177,1131,128
ALLY X run.txt,41.78146666666665,1176,1131,128
ALLY X run.txt,41.866466666666746,1178,1131,128
ALLY X run.txt,41.95150000000006,1176,1131,128
ALLY X run.txt,42.03644999999997,1177,1131,128
ALLY X run.txt,42.12136666666665,1180,1131,128
ALLY X run.txt,42.291233333333366,1175,1131,128
ALLY X run.txt,42.376200000000004,1177,1131,128
ALLY X run.txt,42.54604999999999,1176,1131,128
ALLY X run.txt,42.63100000000001,1177,1131,128
ALLY X run.txt,42.71603333333333,1179,1131,128
ALLY X run.txt,42.97069999999997,1182,1131,128
ALLY X run.txt,43.05570000000007,1183,1131,128
ALLY X run.txt,43.140566666666686,1180,1131,128
ALLY X run.txt,43.22549999999998,1179,1131,128
ALLY X run.txt,43.39525000000006,1177,1131,128
ALLY X run.txt,43.480133333333406,1177,1131,128
ALLY X run.txt,43.567166666666644,1178,1131,128
ALLY X run.txt,43.652033333333385,1177,1131,128
ALLY X run.txt,43.82178333333334,1178,1131,128
ALLY X run.txt,43.90674999999998,1177,1131,128
ALLY X run.txt,44.16144999999997,1179,1131,128
ALLY X run.txt,44.33118333333332,1179,1131,128
ALLY X run.txt,44.67093333333335,1183,1131,128
ALLY X run.txt,44.75595000000006,1184,1131,128
ALLY X run.txt,44.84091666666669,1186,1131,128
ALLY X run.txt,44.925933333333404,1187,1131,128
ALLY X run.txt,45.010900000000035,1186,1131,128
ALLY X run.txt,45.18153333333333,1186,1131,128
ALLY X run.txt,45.521416666666724,1185,1131,128
ALLY X run.txt,45.69133333333339,1186,1131,128
ALLY X run.txt,45.94615,1190,1131,128
ALLY X run.txt,46.03111666666664,1188,1131,128
ALLY X run.txt,46.11813333333339,1192,1131,128
ALLY X run.txt,46.20311666666664,1189,1131,128
ALLY X run.txt,46.45790000000003,1191,1131,128
ALLY X run.txt,46.54286666666667,1188,1131,128
ALLY X run.txt,46.627766666666744,1191,1131,128
ALLY X run.txt,46.71261666666663,1187,1131,128
ALLY X run.txt,46.79749999999998,1189,1131,128
ALLY X run.txt,46.882416666666664,1188,1131,128
ALLY X run.txt,46.967400000000026,1186,1131,128
ALLY X run.txt,47.05233333333332,1183,1131,128
ALLY X run.txt,47.222183333333305,1184,1131,128
ALLY X run.txt,47.391949999999994,1185,1131,128
ALLY X run.txt,47.56188333333339,1184,1131,128
ALLY X run.txt,47.64685000000002,1185,1131,128
ALLY X run.txt,47.73181666666666,1186,1131,128
ALLY X run.txt,48.15646666666665,1185,1131,128
ALLY X run.txt,48.326300000000025,1189,1131,128
ALLY X run.txt,48.4113,1190,1131,128
ALLY X run.txt,48.49615000000001,1191,1131,128
ALLY X run.txt,48.58113333333337,1191,1131,128
ALLY X run.txt,48.66818333333334,1189,1131,128
ALLY X run.txt,48.922866666666714,1188,1131,128
ALLY X run.txt,49.00783333333335,1190,1131,128
ALLY X run.txt,49.09281666666672,1188,1131,128
ALLY X run.txt,49.17779999999996,1189,1131,128
ALLY X run.txt,49.34773333333336,1186,1131,128
ALLY X run.txt,49.432666666666655,1186,1131,128
ALLY X run.txt,49.60263333333339,1191,1131,128
ALLY X run.txt,49.68751666666673,1190,1131,128
ALLY X run.txt,49.772533333333314,1191,1131,128
ALLY X run.txt,49.85741666666666,1188,1131,128
ALLY X run.txt,49.94241666666664,1189,1131,128
ALLY X run.txt,50.02741666666673,1186,1131,128
ALLY X run.txt,50.11230000000008,1189,1131,128
ALLY X run.txt,50.28284999999996,1189,1131,128
ALLY X run.txt,50.36776666666665,1183,1131,128
ALLY X run.txt,50.452750000000016,1185,1131,128
ALLY X run.txt,50.53771666666665,1183,1131,128
ALLY X run.txt,50.70755000000002,1182,1131,128
ALLY X run.txt,50.792483333333315,1179,1131,128
ALLY X run.txt,50.87741666666673,1188,1131,128
ALLY X run.txt,51.047416666666685,1184,1131,128
ALLY X run.txt,51.132266666666695,1185,1131,128
ALLY X run.txt,51.21945000000002,1183,1131,128
ALLY X run.txt,51.30436666666671,1184,1131,128
ALLY X run.txt,51.389300000000006,1186,1131,128
ALLY X run.txt,51.72895000000002,1185,1131,128
ALLY X run.txt,51.983650000000004,1186,1131,128
ALLY X run.txt,52.153600000000004,1182,1131,128
ALLY X run.txt,52.2385333333333,1178,1131,128
ALLY X run.txt,52.49336666666665,1180,1131,128
ALLY X run.txt,52.578333333333404,1181,1131,128
ALLY X run.txt,52.66323333333336,1180,1131,128
ALLY X run.txt,52.7482,1179,1131,128
ALLY X run.txt,52.833150000000025,1180,1131,128
ALLY X run.txt,52.91808333333332,1179,1131,128
ALLY X run.txt,53.00301666666674,1181,1131,128
ALLY X run.txt,53.08799999999998,1185,1131,128
ALLY X run.txt,53.34278333333338,1179,1131,128
ALLY X run.txt,53.682483333333344,1177,1131,128
ALLY X run.txt,53.939350000000076,1178,1131,128
ALLY X run.txt,54.10935000000003,1175,1131,128
ALLY X run.txt,54.44898333333331,1177,1131,128
ALLY X run.txt,54.53400000000001,1177,1131,128
ALLY X run.txt,54.61893333333331,1175,1131,128
ALLY X run.txt,54.70395000000001,1180,1131,128
ALLY X run.txt,54.78891666666665,1175,1131,128
ALLY X run.txt,54.873799999999996,1176,1131,128
ALLY X run.txt,54.958816666666706,1173,1131,128
ALLY X run.txt,55.04380000000007,1170,1131,128
ALLY X run.txt,55.12884999999999,1169,1131,128
ALLY X run.txt,55.214716666666696,1170,1131,128
ALLY X run.txt,55.29958333333331,1173,1131,128
ALLY X run.txt,55.38455000000007,1173,1131,128
ALLY X run.txt,55.46958333333338,1174,1131,128
ALLY X run.txt,55.554566666666624,1175,1131,128
ALLY X run.txt,55.63951666666665,1174,1131,128
ALLY X run.txt,55.72453333333336,1175,1131,128
ALLY X run.txt,55.89445000000002,1177,1131,128
ALLY X run.txt,55.979333333333365,1175,1131,128
ALLY X run.txt,56.06441666666663,1174,1131,128
ALLY X run.txt,56.14936666666666,1173,1131,128
ALLY X run.txt,56.23435000000003,1178,1131,128
ALLY X run.txt,56.32145000000006,1180,1131,128
ALLY X run.txt,56.40643333333331,1187,1131,128
ALLY X run.txt,56.49140000000007,1182,1131,128
ALLY X run.txt,56.57634999999997,1185,1131,128
ALLY X run.txt,56.661250000000045,1188,1131,128
ALLY X run.txt,56.74621666666668,1175,1131,128
ALLY X run.txt,56.83114999999998,1177,1129,128
ALLY X run.txt,57.00126666666668,1175,1129,128
ALLY X run.txt,57.086183333333366,1174,1129,128
ALLY X run.txt,57.17123333333329,1171,1129,128
ALLY X run.txt,57.25618333333332,1176,1129,128
ALLY X run.txt,57.34116666666669,1178,1129,128
ALLY X run.txt,57.595933333333356,1177,1129,128
ALLY X run.txt,57.68096666666667,1179,1129,128
ALLY X run.txt,57.935816666666625,1172,1129,128
ALLY X run.txt,58.02090000000001,1173,1129,128
ALLY X run.txt,58.10595000000006,1175,1129,128
ALLY X run.txt,58.19081666666668,1173,1129,128
ALLY X run.txt,58.5304833333333,1175,1129,128
ALLY X run.txt,58.615350000000035,1180,1129,128
ALLY X run.txt,58.785300000000035,1179,1129,128
ALLY X run.txt,59.21225000000001,1177,1129,128
ALLY X run.txt,59.63711666666665,1177,1129,128
ALLY X run.txt,59.89176666666669,1176,1129,128
ALLY X run.txt,59.97676666666666,1177,1129,128
ALLY X run.txt,60.0617333333333,1176,1129,128
ALLY X run.txt,60.232400000000055,1171,1129,128
ALLY X run.txt,60.31730000000001,1172,1129,128
ALLY X run.txt,60.402316666666714,1171,1129,128
ALLY X run.txt,60.48731666666669,1171,1129,128
ALLY X run.txt,60.5723333333334,1184,1129,128
ALLY X run.txt,60.65741666666666,1182,1129,128
ALLY X run.txt,60.742400000000025,1184,1129,128
ALLY X run.txt,60.99726666666672,1183,1129,128
ALLY X run.txt,61.33704999999997,1183,1129,128
ALLY X run.txt,61.42411666666667,1184,1129,128
ALLY X run.txt,61.59411666666674,1183,1129,128
ALLY X run.txt,62.18909999999996,1183,1129,128
ALLY X run.txt,63.03848333333335,1183,1129,128
ALLY X run.txt,63.88763333333336,1183,1129,128
ALLY X run.txt,64.39929999999998,1173,1129,128
ALLY X run.txt,64.48413333333338,1176,1129,128
ALLY X run.txt,64.56905000000006,1175,1129,128
ALLY X run.txt,64.65393333333341,1168,1113,128
ALLY X run.txt,64.73898333333334,1168,1113,128
ALLY X run.txt,64.82403333333338,1166,1113,128
ALLY X run.txt,64.9939166666667,1168,1113,128
ALLY X run.txt,65.24943333333334,1167,1113,128
ALLY X run.txt,65.33441666666671,1165,1113,128
ALLY X run.txt,65.41938333333334,1163,1113,128
ALLY X run.txt,65.50440000000005,1148,1097,128
ALLY X run.txt,65.58936666666668,1144,1097,128
ALLY X run.txt,65.67431666666671,1145,1097,128
ALLY X run.txt,65.8443333333334,1148,1097,128
ALLY X run.txt,65.92930000000003,1154,1097,128
ALLY X run.txt,66.0143,1150,1097,128
ALLY X run.txt,66.09928333333337,1155,1097,128
ALLY X run.txt,66.18421666666667,1154,1097,128
ALLY X run.txt,66.2691833333333,1160,1097,128
ALLY X run.txt,66.35421666666674,1158,1097,128
ALLY X run.txt,66.43906666666675,1159,1097,128
ALLY X run.txt,66.5262,1157,1097,128
ALLY X run.txt,66.78118333333332,1156,1097,128
ALLY X run.txt,66.86611666666674,1157,1097,128
ALLY X run.txt,67.20575000000002,1158,1097,128
ALLY X run.txt,67.29071666666665,1158,1097,128
ALLY X run.txt,68.1403333333333,1158,1097,128
ALLY X run.txt,68.81974999999996,1159,1097,128
ALLY X run.txt,68.9898833333334,1159,1097,128
ALLY X run.txt,69.24671666666667,1160,1097,128
ALLY X run.txt,69.84128333333332,1160,1097,128
ALLY X run.txt,70.35168333333337,1162,1097,128
ALLY X run.txt,70.60676666666672,1160,1097,128
ALLY X run.txt,70.69165000000005,1160,1097,128
ALLY X run.txt,71.03145000000004,1159,1097,128
ALLY X run.txt,71.28633333333333,1155,1097,128
ALLY X run.txt,71.37136666666666,1156,1097,128
ALLY X run.txt,71.54130000000005,1156,1097,128
ALLY X run.txt,71.62856666666667,1157,1097,128
ALLY X run.txt,72.39338333333338,1157,1097,128
ALLY X run.txt,72.56334999999999,1158,1097,128
ALLY X run.txt,73.15786666666669,1153,1097,128
ALLY X run.txt,73.24275000000004,1153,1097,128
ALLY X run.txt,73.32760000000005,1154,1097,128
ALLY X run.txt,73.75243333333334,1153,1097,128
ALLY X run.txt,73.8373333333333,1152,1097,128
ALLY X run.txt,73.92220000000003,1155,1097,128
ALLY X run.txt,74.00715000000007,1160,1097,128
ALLY X run.txt,74.09208333333336,1158,1097,128
ALLY X run.txt,74.17920000000001,1157,1097,128
ALLY X run.txt,74.26418333333338,1155,1097,128
ALLY X run.txt,74.34918333333334,1157,1097,128
ALLY X run.txt,74.51905000000006,1155,1097,128
ALLY X run.txt,74.7739833333333,1153,1097,128
ALLY X run.txt,74.85888333333338,1156,1097,128
ALLY X run.txt,74.9439166666667,1155,1097,128
ALLY X run.txt,75.02888333333334,1154,1097,128
ALLY X run.txt,75.11394999999999,1156,1097,128
ALLY X run.txt,75.19896666666669,1154,1097,128
ALLY X run.txt,75.28470000000003,1156,1097,128
ALLY X run.txt,75.36971666666675,1153,1097,128
ALLY X run.txt,75.45468333333338,1152,1097,128
ALLY X run.txt,75.62463333333338,1151,1097,128
ALLY X run.txt,75.70960000000001,1150,1097,128
ALLY X run.txt,75.79459999999999,1149,1097,128
ALLY X run.txt,76.13441666666671,1146,1097,128
ALLY X run.txt,76.30431666666664,1149,1097,128
ALLY X run.txt,76.4742333333333,1148,1097,128
ALLY X run.txt,76.64414999999995,1148,1097,128
ALLY X run.txt,76.73116666666671,1147,1097,128
ALLY X run.txt,76.81611666666673,1148,1097,128
ALLY X run.txt,76.90106666666664,1149,1097,128
ALLY X run.txt,76.98608333333335,1151,1097,128
ALLY X run.txt,77.15596666666667,1156,1097,128
ALLY X run.txt,77.24080000000006,1155,1097,128
ALLY X run.txt,77.32571666666664,1158,1097,128
ALLY X run.txt,77.41073333333334,1157,1097,128
ALLY X run.txt,77.49566666666664,1157,1097,128
ALLY X run.txt,77.58061666666666,1156,1097,128
ALLY X run.txt,77.66561666666664,1155,1097,128
ALLY X run.txt,77.75065000000008,1154,1097,128
ALLY X run.txt,77.83565000000004,1152,1097,128
ALLY X run.txt,78.34533333333336,1150,1097,128
ALLY X run.txt,78.60026666666673,1151,1097,128
ALLY X run.txt,78.77019999999999,1150,1097,128
ALLY X run.txt,78.85519999999997,1149,1097,128
ALLY X run.txt,79.1101,1150,1097,128
ALLY X run.txt,79.19503333333341,1152,1097,128
ALLY X run.txt,79.28238333333333,1153,1097,128
ALLY X run.txt,79.36736666666668,1154,1097,128
ALLY X run.txt,79.45236666666666,1155,1097,128
ALLY X run.txt,79.53736666666664,1156,1097,128
ALLY X run.txt,79.6223333333334,1153,1097,128
ALLY X run.txt,79.70751666666668,1151,1097,128
ALLY X run.txt,79.9623333333333,1152,1097,128
ALLY X run.txt,80.0473333333334,1153,1097,128
ALLY X run.txt,80.2172833333334,1150,1097,128
ALLY X run.txt,80.47286666666672,1152,1097,128
ALLY X run.txt,80.55780000000001,1153,1097,128
ALLY X run.txt,80.81255000000007,1154,1097,128
ALLY X run.txt,80.89746666666663,1155,1097,128
ALLY X run.txt,80.98233333333337,1156,1097,128
ALLY X run.txt,81.15226666666665,1155,1097,128
ALLY X run.txt,81.40724999999996,1157,1097,128
ALLY X run.txt,81.49225000000006,1155,1097,128
ALLY X run.txt,81.7471666666667,1152,1097,128
ALLY X run.txt,81.83426666666674,1151,1097,128
ALLY X run.txt,82.00406666666665,1150,1097,128
ALLY X run.txt,82.08895,1153,1097,128
ALLY X run.txt,82.17400000000004,1150,1097,128
ALLY X run.txt,82.25901666666674,1153,1097,128
ALLY X run.txt,82.344,1149,1097,128
ALLY X run.txt,82.42903333333331,1150,1097,128
ALLY X run.txt,82.51406666666675,1145,1097,128
ALLY X run.txt,82.59904999999999,1145,1097,128
ALLY X run.txt,82.68413333333338,1146,1097,128
ALLY X run.txt,82.76923333333337,1150,1097,128
ALLY X run.txt,82.85430000000002,1151,1097,128
ALLY X run.txt,83.36419999999998,1139,1097,128
ALLY X run.txt,83.44920000000008,1135,1097,128
ALLY X run.txt,83.61914999999996,1139,1097,128
ALLY X run.txt,83.70415000000006,1140,1097,128
ALLY X run.txt,83.78909999999996,1148,1097,128
ALLY X run.txt,83.9590666666667,1150,1097,128
ALLY X run.txt,84.04410000000001,1149,1097,128
ALLY X run.txt,84.12909999999998,1153,1097,128
ALLY X run.txt,84.2141166666667,1149,1097,128
ALLY X run.txt,84.29915000000001,1151,1097,128
ALLY X run.txt,84.47120000000008,1150,1097,128
ALLY X run.txt,84.55613333333336,1158,1097,128
ALLY X run.txt,84.72608333333338,1155,1097,128
ALLY X run.txt,84.81093333333338,1154,1097,128
ALLY X run.txt,84.89593333333336,1153,1097,128
ALLY X run.txt,85.15078333333331,1155,1097,128
ALLY X run.txt,85.23580000000001,1157,1097,128
ALLY X run.txt,85.3214,1158,1097,128
ALLY X run.txt,85.57631666666663,1159,1097,128
ALLY X run.txt,85.6613,1158,1097,128
ALLY X run.txt,85.7463166666667,1159,1097,128
ALLY X run.txt,86.00134999999997,1160,1097,128
ALLY X run.txt,86.85108333333338,1160,1097,128
ALLY X run.txt,87.70289999999999,1160,1097,128
ALLY X run.txt,88.0427333333333,1157,1097,128
ALLY X run.txt,88.2977833333333,1159,1097,128
ALLY X run.txt,88.5527333333334,1159,1097,128
ALLY X run.txt,88.63770000000004,1158,1097,128
ALLY X run.txt,88.97760000000004,1157,1097,128
ALLY X run.txt,89.40229999999998,1157,1097,128
ALLY X run.txt,89.57428333333337,1156,1097,128
ALLY X run.txt,89.82911666666672,1159,1097,128
ALLY X run.txt,90.25374999999998,1155,1097,128
ALLY X run.txt,90.33943333333336,1157,1097,128
ALLY X run.txt,90.42446666666667,1155,1097,128
ALLY X run.txt,90.50933333333329,1153,1097,128
ALLY X run.txt,90.59424999999997,1154,1097,128
ALLY X run.txt,90.67925000000008,1152,1097,128
ALLY X run.txt,90.8536,1156,1097,128
ALLY X run.txt,90.93863333333333,1155,1097,128
ALLY X run.txt,91.02351666666667,1156,1097,128
ALLY X run.txt,91.10871666666668,1157,1097,128
ALLY X run.txt,91.19380000000007,1161,1097,128
ALLY X run.txt,91.36373333333334,1150,1097,128
ALLY X run.txt,91.44871666666671,1151,1097,128
ALLY X run.txt,91.53361666666666,1152,1097,128
ALLY X run.txt,91.61861666666664,1149,1097,128
ALLY X run.txt,91.70361666666673,1154,1097,128
ALLY X run.txt,91.87355000000001,1155,1097,128
ALLY X run.txt,91.9584833333333,1158,1097,128
ALLY X run.txt,92.04561666666669,1160,1097,128
ALLY X run.txt,92.21555000000008,1155,1097,128
ALLY X run.txt,92.30051666666671,1156,1097,128
ALLY X run.txt,92.3855333333333,1153,1097,128
ALLY X run.txt,92.47055,1151,1097,128
ALLY X run.txt,92.55551666666663,1158,1097,128
ALLY X run.txt,92.72556666666667,1160,1097,128
ALLY X run.txt,92.81063333333331,1155,1097,128
ALLY X run.txt,92.89563333333341,1159,1097,128
ALLY X run.txt,92.98058333333331,1160,1097,128
ALLY X run.txt,93.06560000000003,1165,1097,128
ALLY X run.txt,93.1506,1163,1097,128
ALLY X run.txt,93.23563333333331,1164,1097,128
ALLY X run.txt,93.40565,1162,1097,128
ALLY X run.txt,93.49063333333336,1163,1097,128
ALLY X run.txt,93.57561666666673,1162,1097,128
ALLY X run.txt,93.66056666666664,1162,1097,128
ALLY X run.txt,93.7455333333334,1163,1097,128
ALLY X run.txt,93.8304666666667,1156,1097,128
ALLY X run.txt,94.00039999999996,1159,1097,128
ALLY X run.txt,94.08540000000006,1163,1097,128
ALLY X run.txt,94.17034999999996,1162,1097,128
ALLY X run.txt,94.5101833333334,1162,1097,128
ALLY X run.txt,95.36246666666666,1161,1097,128
ALLY X run.txt,95.44728333333333,1160,1097,128
ALLY X run.txt,95.53221666666674,1159,1097,128
ALLY X run.txt,95.61701666666667,1145,1085,128
ALLY X run.txt,95.70201666666665,1135,1077,128
ALLY X run.txt,95.78691666666673,1133,1077,128
ALLY X run.txt,95.87181666666669,1136,1077,128
ALLY X run.txt,95.95688333333334,1134,1077,128
ALLY X run.txt,96.04184999999998,1133,1077,128
ALLY X run.txt,96.12685000000008,1132,1077,128
ALLY X run.txt,96.21179999999998,1133,1077,128
ALLY X run.txt,96.29678333333335,1132,1077,128
ALLY X run.txt,96.38174999999998,1130,1077,128
ALLY X run.txt,96.46668333333339,1131,1077,128
ALLY X run.txt,96.5517166666667,1128,1077,128
ALLY X run.txt,96.72176666666674,1132,1077,128
ALLY X run.txt,96.80670000000003,1133,1077,128
ALLY X run.txt,96.8917833333333,1132,1077,128
ALLY X run.txt,96.97678333333339,1130,1077,128
ALLY X run.txt,97.06183333333333,1132,1077,128
ALLY X run.txt,97.14890000000001,1134,1077,128
ALLY X run.txt,97.23393333333334,1131,1077,128
ALLY X run.txt,97.48903333333341,1129,1077,128
ALLY X run.txt,97.82893333333341,1128,1077,128
ALLY X run.txt,97.91384999999997,1129,1077,128
ALLY X run.txt,97.9989666666667,1123,1077,128
ALLY X run.txt,98.16901666666672,1124,1077,128
ALLY X run.txt,98.50904999999996,1128,1077,128
ALLY X run.txt,98.59406666666668,1125,1077,128
ALLY X run.txt,98.7641166666667,1123,1077,128
ALLY X run.txt,98.84915000000001,1124,1077,128
ALLY X run.txt,98.93411666666664,1126,1077,128
ALLY X run.txt,99.10411666666671,1125,1077,128
ALLY X run.txt,99.18911666666669,1124,1077,128
ALLY X run.txt,99.35910000000004,1122,1077,128
ALLY X run.txt,99.6141333333333,1121,1077,128
ALLY X run.txt,99.70131666666663,1120,1077,128
ALLY X run.txt,99.8712333333333,1123,1077,128
ALLY X run.txt,99.95630000000007,1122,1077,128
ALLY X run.txt,100.46691666666666,1123,1077,128
ALLY X run.txt,100.55185000000007,1122,1077,128
ALLY X run.txt,100.63678333333337,1116,1077,128
ALLY X run.txt,100.72181666666668,1120,1077,128
ALLY X run.txt,100.80683333333339,1121,1077,128
ALLY X run.txt,101.31694999999999,1126,1077,128
ALLY X run.txt,101.40190000000003,1124,1077,128
ALLY X run.txt,101.48701666666663,1127,1077,128
ALLY X run.txt,101.82698333333332,1126,1077,128
ALLY X run.txt,101.9120666666667,1127,1077,128
ALLY X run.txt,101.99706666666667,1125,1077,128
ALLY X run.txt,102.16700000000007,1125,1077,128
ALLY X run.txt,102.25413333333333,1127,1077,128
ALLY X run.txt,102.5092333333334,1128,1077,128
ALLY X run.txt,102.59426666666671,1129,1077,128
ALLY X run.txt,102.76421666666671,1130,1077,128
ALLY X run.txt,103.0191833333333,1130,1077,128
ALLY X run.txt,103.10413333333332,1136,1077,128
ALLY X run.txt,103.18916666666664,1132,1077,128
ALLY X run.txt,103.27408333333332,1133,1077,128
ALLY X run.txt,103.35911666666665,1134,1077,128
ALLY X run.txt,103.61394999999999,1133,1077,128
ALLY X run.txt,103.69903333333338,1134,1077,128
ALLY X run.txt,103.86896666666665,1133,1077,128
ALLY X run.txt,104.03891666666665,1134,1077,128
ALLY X run.txt,104.2089,1132,1077,128
ALLY X run.txt,104.29378333333334,1136,1077,128
ALLY X run.txt,104.37878333333332,1137,1077,128
ALLY X run.txt,104.46378333333341,1138,1077,128
ALLY X run.txt,104.5488,1137,1077,128
ALLY X run.txt,104.71905000000007,1132,1077,128
ALLY X run.txt,105.06098333333333,1131,1077,128
ALLY X run.txt,105.1459833333333,1129,1077,128
ALLY X run.txt,105.2310833333333,1132,1077,128
ALLY X run.txt,105.31611666666673,1133,1077,128
ALLY X run.txt,105.48683333333332,1131,1077,128
ALLY X run.txt,105.57186666666664,1132,1077,128
ALLY X run.txt,105.6568333333334,1135,1077,128
ALLY X run.txt,105.74183333333336,1134,1077,128
ALLY X run.txt,105.99701666666672,1133,1077,128
ALLY X run.txt,106.16700000000007,1132,1077,128
ALLY X run.txt,106.42193333333331,1132,1077,128
ALLY X run.txt,106.50690000000007,1130,1077,128
ALLY X run.txt,106.59190000000005,1123,1077,128
ALLY X run.txt,106.6769666666667,1122,1077,128
ALLY X run.txt,106.76193333333335,1123,1077,128
ALLY X run.txt,106.84689999999998,1122,1077,128
ALLY X run.txt,106.93183333333339,1121,1077,128
ALLY X run.txt,107.10191666666664,1124,1077,128
ALLY X run.txt,107.27189999999997,1124,1077,128
ALLY X run.txt,107.3590833333333,1129,1077,128
ALLY X run.txt,107.52906666666665,1130,1077,128
ALLY X run.txt,107.61416666666665,1132,1077,128
ALLY X run.txt,108.03896666666672,1131,1077,128
ALLY X run.txt,108.12406666666672,1129,1077,128
ALLY X run.txt,108.37896666666674,1128,1077,128
ALLY X run.txt,108.46393333333339,1126,1077,128
ALLY X run.txt,108.8037666666667,1128,1077,128
ALLY X run.txt,108.88875000000007,1129,1077,128
ALLY X run.txt,108.9737166666667,1130,1077,128
ALLY X run.txt,109.22861666666674,1127,1077,128
ALLY X run.txt,109.31371666666674,1126,1077,128
ALLY X run.txt,109.48371666666668,1128,1077,128
ALLY X run.txt,109.56873333333338,1130,1077,128
ALLY X run.txt,109.65376666666671,1128,1077,128
ALLY X run.txt,109.82369999999997,1113,1061,128
ALLY X run.txt,109.91094999999999,1104,1061,128
ALLY X run.txt,109.99591666666674,1105,1061,128
ALLY X run.txt,110.16596666666665,1103,1061,128
ALLY X run.txt,110.2510333333333,1104,1061,128
ALLY X run.txt,110.42173333333339,1101,1061,128
ALLY X run.txt,110.5067666666667,1105,1061,128
ALLY X run.txt,110.59173333333335,1103,1061,128
ALLY X run.txt,110.67673333333332,1103,1061,128
ALLY X run.txt,110.7617333333333,1101,1061,128
ALLY X run.txt,110.84678333333335,1105,1061,128
ALLY X run.txt,110.93185,1102,1061,128
ALLY X run.txt,111.01680000000003,1101,1061,128
ALLY X run.txt,111.10181666666674,1099,1061,128
ALLY X run.txt,111.1869,1101,1061,128
ALLY X run.txt,111.27186666666664,1100,1061,128
ALLY X run.txt,111.35686666666673,1102,1061,128
ALLY X run.txt,111.52681666666673,1102,1061,128
ALLY X run.txt,111.61185000000005,1103,1061,128
ALLY X run.txt,111.69688333333336,1105,1061,128
ALLY X run.txt,111.78186666666673,1104,1061,128
ALLY X run.txt,111.86696666666673,1105,1061,128
ALLY X run.txt,111.9519666666667,1106,1061,128
ALLY X run.txt,112.03696666666669,1107,1061,128
ALLY X run.txt,112.12195000000004,1106,1061,128
ALLY X run.txt,112.37700000000004,1105,1061,128
ALLY X run.txt,112.4640333333334,1102,1061,128
ALLY X run.txt,112.63383333333331,1103,1061,128
ALLY X run.txt,112.8037666666667,1102,1061,128
ALLY X run.txt,112.88876666666668,1101,1061,128
ALLY X run.txt,112.97383333333333,1102,1061,128
ALLY X run.txt,113.22870000000003,1102,1061,128
ALLY X run.txt,113.48375000000003,1104,1061,128
ALLY X run.txt,113.56875,1101,1061,128
ALLY X run.txt,113.65378333333332,1104,1061,128
ALLY X run.txt,113.73873333333334,1107,1061,128
ALLY X run.txt,113.82375000000005,1106,1061,128
ALLY X run.txt,113.90876666666664,1111,1061,128
ALLY X run.txt,113.99386666666663,1108,1061,128
ALLY X run.txt,114.07886666666673,1112,1061,128
ALLY X run.txt,114.16390000000004,1107,1061,128
ALLY X run.txt,114.24890000000002,1101,1057,128
ALLY X run.txt,114.33396666666667,1099,1057,128
ALLY X run.txt,114.41898333333339,1097,1057,128
ALLY X run.txt,114.50399999999996,1103,1057,128
ALLY X run.txt,114.58905000000001,1107,1061,128
ALLY X run.txt,114.67401666666665,1105,1061,128
ALLY X run.txt,114.75901666666674,1101,1058,128
ALLY X run.txt,114.844,1099,1055,128
ALLY X run.txt,114.92896666666675,1098,1055,128
ALLY X run.txt,115.10116666666666,1106,1055,128
ALLY X run.txt,115.18633333333334,1105,1055,128
ALLY X run.txt,115.27138333333339,1102,1055,128
ALLY X run.txt,115.35620000000004,1112,1061,128
ALLY X run.txt,115.44191666666666,1114,1061,128
ALLY X run.txt,115.52659999999996,1115,1061,128
ALLY X run.txt,115.61158333333333,1114,1061,128
ALLY X run.txt,115.69658333333331,1113,1061,128
ALLY X run.txt,115.78153333333333,1124,1061,128
ALLY X run.txt,115.86656666666664,1121,1061,128
ALLY X run.txt,115.95156666666675,1119,1061,128
ALLY X run.txt,116.03648333333331,1118,1061,128
ALLY X run.txt,116.12170000000006,1119,1061,128
ALLY X run.txt,116.20670000000003,1123,1061,128
ALLY X run.txt,116.54681666666669,1122,1061,128
ALLY X run.txt,116.63180000000006,1122,1061,128
ALLY X run.txt,116.7168666666667,1121,1061,128
ALLY X run.txt,116.9719166666667,1119,1061,128
ALLY X run.txt,117.05696666666663,1122,1061,128
ALLY X run.txt,117.14195,1123,1061,128
ALLY X run.txt,117.39686666666664,1122,1061,128
ALLY X run.txt,117.48190000000007,1123,1061,128
ALLY X run.txt,117.65380000000005,1122,1061,128
ALLY X run.txt,117.73881666666664,1121,1061,128
ALLY X run.txt,117.82381666666673,1123,1061,128
ALLY X run.txt,117.90886666666665,1124,1061,128
ALLY X run.txt,117.99393333333332,1125,1061,128
ALLY X run.txt,118.1638666666667,1124,1061,128
ALLY X run.txt,118.24888333333341,1123,1061,128
ALLY X run.txt,118.33386666666665,1122,1061,128
ALLY X run.txt,118.41896666666665,1123,1061,128
ALLY X run.txt,118.5888666666667,1122,1061,128
ALLY X run.txt,118.84376666666672,1118,1061,128
ALLY X run.txt,119.01378333333341,1101,1045,128
ALLY X run.txt,119.18391666666672,1101,1045,128
ALLY X run.txt,119.35388333333334,1102,1045,128
ALLY X run.txt,119.43893333333338,1103,1045,128
ALLY X run.txt,119.60888333333338,1105,1045,128
ALLY X run.txt,119.6939166666667,1110,1045,128
ALLY X run.txt,119.77886666666673,1109,1045,128
ALLY X run.txt,119.86391666666665,1086,1043,128
ALLY X run.txt,119.94886666666667,1083,1040,128
ALLY X run.txt,120.03385000000004,1081,1040,128
ALLY X run.txt,120.12116666666674,1088,1040,128
ALLY X run.txt,120.20621666666666,1114,1040,128
ALLY X run.txt,120.2912666666667,1112,1040,128
ALLY X run.txt,120.37634999999997,1107,1040,128
ALLY X run.txt,120.46225000000001,1105,1040,128
ALLY X run.txt,120.54724999999999,1104,1040,128
ALLY X run.txt,120.63220000000001,1105,1040,128
ALLY X run.txt,120.71725000000006,1104,1040,128
ALLY X run.txt,120.88730000000008,1104,1040,128
ALLY X run.txt,121.05731666666664,1103,1040,128
ALLY X run.txt,121.22728333333338,1097,1040,128
ALLY X run.txt,121.31238333333337,1062,1003,128
ALLY X run.txt,121.4822833333333,1063,1003,128
ALLY X run.txt,121.56736666666669,1064,1003,128
ALLY X run.txt,121.73735000000003,1064,1003,128
ALLY X run.txt,121.82233333333339,1063,1003,128
ALLY X run.txt,121.99230000000001,1061,1003,128
ALLY X run.txt,122.16243333333333,1063,1003,128
ALLY X run.txt,122.58725000000001,1063,1003,128
ALLY X run.txt,122.84449999999997,1065,1003,128
ALLY X run.txt,122.92955000000002,1064,1003,128
ALLY X run.txt,123.01455,1059,1003,128
ALLY X run.txt,123.09966666666672,1058,1003,128
ALLY X run.txt,123.18471666666665,1057,1003,128
ALLY X run.txt,123.26974999999996,1060,1003,128
ALLY X run.txt,123.35471666666672,1061,1003,128
ALLY X run.txt,123.43975000000003,1056,1003,128
ALLY X run.txt,123.60971666666664,1060,1003,128
ALLY X run.txt,123.77966666666664,1058,1003,128
ALLY X run.txt,123.86469999999996,1051,1003,128
ALLY X run.txt,123.94970000000006,1054,1003,128
ALLY X run.txt,124.11983333333337,1060,1003,128
ALLY X run.txt,124.20486666666669,1062,1003,128
ALLY X run.txt,124.29000000000002,1064,1003,128
ALLY X run.txt,124.46015000000007,1062,1003,128
ALLY X run.txt,124.54509999999998,1063,1003,128
ALLY X run.txt,124.71513333333338,1065,1003,128
ALLY X run.txt,124.80011666666663,1059,1003,128
ALLY X run.txt,124.88506666666666,1061,1003,128
ALLY X run.txt,125.14008333333331,1062,1003,128
ALLY X run.txt,125.2269666666667,1058,1003,128
ALLY X run.txt,125.31181666666672,1059,1003,128
ALLY X run.txt,125.48221666666674,1051,991,128
ALLY X run.txt,125.56725000000006,1050,983,128
ALLY X run.txt,125.82221666666665,1052,983,128
ALLY X run.txt,125.99235000000007,1052,983,128
ALLY X run.txt,126.0773833333334,1048,983,128
ALLY X run.txt,126.24736666666674,1052,983,128
ALLY X run.txt,126.67240000000008,1053,983,128
ALLY X run.txt,126.84240000000003,1053,983,128
ALLY X run.txt,127.01230000000008,1051,983,128
ALLY X run.txt,127.18238333333332,1049,983,128
ALLY X run.txt,127.35241666666674,1051,983,128
ALLY X run.txt,127.5224333333333,1054,983,128
ALLY X run.txt,127.60740000000006,1053,983,128
ALLY X run.txt,127.69256666666674,1055,983,128
ALLY X run.txt,128.0346666666667,1053,983,128
ALLY X run.txt,128.4598333333334,1052,983,128
ALLY X run.txt,128.54480000000004,1053,983,128
ALLY X run.txt,128.6298666666667,1054,983,128
ALLY X run.txt,128.7148833333334,1053,983,128
ALLY X run.txt,129.0548,1052,983,128
ALLY X run.txt,129.39481666666663,1052,983,128
ALLY X run.txt,129.64985000000004,1048,983,128
ALLY X run.txt,129.73488333333336,1051,983,128
ALLY X run.txt,129.81990000000005,1050,983,128
ALLY X run.txt,129.98995000000008,1052,983,128
ALLY X run.txt,130.07491666666672,1051,983,128
ALLY X run.txt,130.24498333333335,1051,983,128
ALLY X run.txt,130.50285000000002,1049,983,128
ALLY X run.txt,130.67290000000006,1048,983,128
ALLY X run.txt,131.09795,1049,983,128
ALLY X run.txt,131.18303333333338,1050,983,128
ALLY X run.txt,131.2681333333334,1048,983,128
ALLY X run.txt,131.35314999999997,1046,983,128
ALLY X run.txt,131.43828333333332,1050,983,128
ALLY X run.txt,131.60841666666676,1054,983,128
ALLY X run.txt,131.69338333333337,1038,983,128
ALLY X run.txt,131.77851666666672,1043,983,128
ALLY X run.txt,131.8635333333333,1045,983,128
ALLY X run.txt,131.9485333333334,1045,983,128
ALLY X run.txt,132.03375000000003,1043,983,128
ALLY X run.txt,132.28866666666667,1053,983,128
ALLY X run.txt,132.3738,1051,983,128
ALLY X run.txt,132.62899999999996,1049,983,128
ALLY X run.txt,132.79908333333333,1049,983,128
ALLY X run.txt,132.8862166666667,1053,983,128
ALLY X run.txt,133.65144999999998,1053,983,128
ALLY X run.txt,134.50159999999997,1053,983,128
ALLY X run.txt,135.3516333333333,1053,983,128
ALLY X run.txt,135.94976666666673,1051,983,128
ALLY X run.txt,136.11988333333332,1050,983,128
ALLY X run.txt,136.2048833333333,1055,983,128
ALLY X run.txt,136.45998333333335,1053,983,128
ALLY X run.txt,136.54505000000003,1054,983,128
ALLY X run.txt,136.63035000000005,1052,983,128
ALLY X run.txt,136.71541666666673,1053,983,128
ALLY X run.txt,137.05595000000005,1053,983,128
ALLY X run.txt,137.56673333333336,1057,983,128
ALLY X run.txt,137.9072833333333,1057,983,128
ALLY X run.txt,138.08033333333333,1056,983,128
ALLY X run.txt,138.1655833333333,1059,983,128
ALLY X run.txt,138.25086666666672,1058,983,128
ALLY X run.txt,138.33595,1061,983,128
ALLY X run.txt,138.4210833333333,1057,983,128
ALLY X run.txt,138.59135,1056,983,128
ALLY X run.txt,138.6764333333334,1066,983,128
ALLY X run.txt,138.76153333333338,1064,983,128
ALLY X run.txt,138.84661666666665,1057,983,128
ALLY X run.txt,138.9316666666667,1059,983,128
ALLY X run.txt,139.01673333333335,1065,983,128
ALLY X run.txt,139.10181666666674,1063,983,128
ALLY X run.txt,139.27210000000002,1064,983,128
ALLY X run.txt,139.3572833333333,1067,983,128
ALLY X run.txt,139.44241666666665,1068,983,128
ALLY X run.txt,139.52751666666663,1067,983,128
ALLY X run.txt,139.61263333333335,1067,983,128
ALLY X run.txt,139.69783333333336,1064,983,128
ALLY X run.txt,139.86803333333336,1066,983,128
ALLY X run.txt,140.03789999999995,1064,983,128
ALLY X run.txt,140.46361666666672,1064,983,128
ALLY X run.txt,140.89250000000004,1065,983,128
ALLY X run.txt,140.97754999999998,1060,983,128
ALLY X run.txt,141.0626666666667,1063,983,128
ALLY X run.txt,141.31791666666675,1063,983,128
ALLY X run.txt,141.5733666666667,1066,983,128
ALLY X run.txt,141.7435833333333,1067,983,128
ALLY X run.txt,142.1690833333334,1067,983,128
ALLY X run.txt,142.3392333333333,1064,983,128
ALLY X run.txt,142.4243166666667,1065,983,128
ALLY X run.txt,142.85005000000007,1066,983,128
ALLY X run.txt,143.0203666666667,1066,983,128
ALLY X run.txt,143.10819999999998,1063,983,128
ALLY X run.txt,143.19335000000004,1062,983,128
ALLY X run.txt,143.3635333333333,1061,983,128
ALLY X run.txt,143.53385000000006,1066,983,128
ALLY X run.txt,143.6191,1065,983,128
ALLY X run.txt,143.70426666666668,1067,983,128
ALLY X run.txt,143.87448333333342,1067,983,128
ALLY X run.txt,143.95963333333336,1069,983,128
ALLY X run.txt,144.04465000000008,1070,983,128
ALLY X run.txt,144.12966666666665,1068,983,128
ALLY X run.txt,144.2149,1056,983,128
ALLY X run.txt,144.30011666666664,1054,983,128
ALLY X run.txt,144.38530000000003,1055,983,128
ALLY X run.txt,144.47050000000004,1058,983,128
ALLY X run.txt,144.55564999999999,1060,983,128
ALLY X run.txt,144.64075,1064,983,128
ALLY X run.txt,144.72599999999997,1064,983,128
ALLY X run.txt,144.81106666666673,1062,983,128
ALLY X run.txt,144.9814333333333,1063,983,128
ALLY X run.txt,145.06658333333337,1065,983,128
ALLY X run.txt,145.1518,1058,983,128
ALLY X run.txt,145.40721666666676,1051,983,128
ALLY X run.txt,145.49248333333333,1062,983,128
ALLY X run.txt,145.5788333333334,1057,983,128
ALLY X run.txt,145.66684999999998,1064,983,128
ALLY X run.txt,145.75201666666666,1065,983,128
ALLY X run.txt,145.83711666666665,1064,983,128
ALLY X run.txt,145.92230000000006,1065,983,128
ALLY X run.txt,146.00750000000008,1064,983,128
ALLY X run.txt,146.0926166666667,1062,983,128
ALLY X run.txt,146.26295000000002,1061,983,128
ALLY X run.txt,146.34823333333333,1057,983,128
ALLY X run.txt,146.4333166666667,1063,983,128
ALLY X run.txt,146.5183833333334,1060,983,128
ALLY X run.txt,146.6035166666667,1058,983,128
ALLY X run.txt,146.6887,1060,983,128
ALLY X run.txt,146.77391666666662,1058,983,128
ALLY X run.txt,146.8591666666667,1054,983,128
ALLY X run.txt,147.02948333333333,1055,983,128
ALLY X run.txt,147.28498333333337,1055,983,128
ALLY X run.txt,147.7108,1060,983,128
ALLY X run.txt,147.79594999999998,1058,983,128
ALLY X run.txt,148.05130000000003,1057,983,128
ALLY X run.txt,148.13660000000007,1057,983,128
ALLY X run.txt,148.22468333333333,1054,983,128
ALLY X run.txt,148.4802166666667,1056,983,128
ALLY X run.txt,148.5653333333333,1055,983,128
ALLY X run.txt,148.65046666666663,1054,983,128
ALLY X run.txt,148.9909166666667,1054,983,128
ALLY X run.txt,149.16125000000005,1055,983,128
ALLY X run.txt,149.50168333333338,1054,983,128
ALLY X run.txt,149.58681666666672,1050,983,128
ALLY X run.txt,149.8422833333334,1050,983,128
ALLY X run.txt,149.9274,1049,983,128
ALLY X run.txt,150.01258333333342,1047,983,128
ALLY X run.txt,150.18303333333338,1046,983,128
ALLY X run.txt,150.26818333333333,1045,983,128
ALLY X run.txt,150.43845000000002,1046,983,128
ALLY X run.txt,150.52360000000007,1049,983,128
ALLY X run.txt,150.60961666666674,1051,983,128
ALLY X run.txt,150.6948666666667,1051,983,128
ALLY X run.txt,150.78266666666664,1050,983,128
ALLY X run.txt,150.86783333333332,1043,983,128
ALLY X run.txt,150.95293333333333,1051,983,128
ALLY X run.txt,151.0379333333333,1044,983,128
ALLY X run.txt,151.12283333333338,1053,983,128
ALLY X run.txt,151.29265,1045,983,128
ALLY X run.txt,151.3778166666667,1044,983,128
ALLY X run.txt,151.4629333333333,1046,983,128
ALLY X run.txt,151.54809999999998,1046,983,128
ALLY X run.txt,151.8036500000001,1043,983,128
ALLY X run.txt,152.0587333333333,1040,983,128
ALLY X run.txt,152.14370000000005,1042,983,128
ALLY X run.txt,152.2288333333334,1046,983,128
ALLY X run.txt,152.31384999999997,1045,983,128
ALLY X run.txt,152.39891666666662,1046,983,128
ALLY X run.txt,152.48401666666675,1045,983,128
ALLY X run.txt,152.56905000000006,1046,983,128
ALLY X run.txt,152.82416666666674,1045,983,128
ALLY X run.txt,152.9093000000001,1046,983,128
ALLY X run.txt,152.99438333333333,1047,983,128
ALLY X run.txt,153.07950000000008,1045,983,128
ALLY X run.txt,153.1646333333334,1042,983,128
ALLY X run.txt,153.24971666666667,1040,983,128
ALLY X run.txt,153.3368833333334,1035,983,128
ALLY X run.txt,153.67711666666668,1045,979,128
ALLY X run.txt,153.7622333333334,1050,979,128
ALLY X run.txt,153.84731666666667,1048,979,128
ALLY X run.txt,153.93236666666672,1049,979,128
ALLY X run.txt,154.01748333333333,1048,979,128
ALLY X run.txt,154.10250000000002,1050,979,128
ALLY X run.txt,154.18760000000003,1053,979,128
ALLY X run.txt,154.27271666666675,1051,979,128
ALLY X run.txt,154.35765000000004,1049,983,128
ALLY X run.txt,154.52771666666666,1048,983,128
ALLY X run.txt,154.6128333333334,1049,983,128
ALLY X run.txt,154.69783333333336,1061,983,128
ALLY X run.txt,154.7827833333334,1058,983,128
ALLY X run.txt,154.8679500000001,1061,983,128
ALLY X run.txt,154.95295000000004,1061,983,128
ALLY X run.txt,155.03799999999998,1059,983,128
ALLY X run.txt,155.4631666666667,1054,983,128
ALLY X run.txt,155.7189333333333,1059,983,128
ALLY X run.txt,155.80406666666664,1059,983,128
ALLY X run.txt,156.48636666666667,1060,983,128
ALLY X run.txt,156.57154999999997,1062,983,128
ALLY X run.txt,156.6566,1062,983,128
ALLY X run.txt,156.74151666666668,1066,983,128
ALLY X run.txt,156.91136666666668,1063,983,128
ALLY X run.txt,156.99633333333333,1060,983,128
ALLY X run.txt,157.16653333333332,1062,983,128
ALLY X run.txt,157.25158333333334,1060,983,128
ALLY X run.txt,157.33648333333332,1061,983,128
ALLY X run.txt,157.4215,1063,983,128
ALLY X run.txt,157.50660000000002,1063,983,128
ALLY X run.txt,157.76179999999997,1059,983,128
ALLY X run.txt,157.84689999999998,1058,983,128
ALLY X run.txt,157.93198333333336,1053,983,128
ALLY X run.txt,158.10218333333336,1055,983,128
ALLY X run.txt,158.35731666666663,1055,983,128
ALLY X run.txt,159.2096666666667,1055,983,128
ALLY X run.txt,160.0600166666667,1055,983,128
ALLY X run.txt,160.91116666666665,1055,983,128
ALLY X run.txt,161.76376666666667,1055,983,128
ALLY X run.txt,161.93396666666666,1056,983,128
ALLY X run.txt,162.10398333333336,1055,983,128
ALLY X run.txt,162.61415000000002,1055,983,128
ALLY X run.txt,163.4644833333333,1055,983,128
ALLY X run.txt,164.31733333333335,1055,983,128
ALLY X run.txt,164.65756666666664,1056,983,128
ALLY X run.txt,164.74255,1055,983,128
ALLY X run.txt,164.82761666666664,1064,983,128
ALLY X run.txt,164.91270000000003,1056,983,128
ALLY X run.txt,164.99773333333334,1059,983,128
ALLY X run.txt,165.08280000000002,1064,983,128
ALLY X run.txt,165.16785000000007,1062,983,128
ALLY X run.txt,165.42296666666672,1061,983,128
ALLY X run.txt,165.50795,1060,983,128
ALLY X run.txt,165.67873333333335,1070,983,128
ALLY X run.txt,165.76381666666663,1047,983,128
ALLY X run.txt,165.84881666666672,1052,983,128
ALLY X run.txt,165.93386666666666,1054,983,128
ALLY X run.txt,166.01901666666672,1060,983,128
ALLY X run.txt,166.10645000000005,1058,983,128
ALLY X run.txt,166.19158333333337,1051,983,128
ALLY X run.txt,166.27685000000008,1050,983,128
ALLY X run.txt,166.36218333333332,1053,983,128
ALLY X run.txt,166.5324333333334,1063,983,128
ALLY X run.txt,166.61750000000004,1057,983,128
ALLY X run.txt,166.70254999999997,1060,983,128
ALLY X run.txt,166.8726833333334,1058,983,128
ALLY X run.txt,166.95763333333332,1042,983,128
ALLY X run.txt,167.04253333333338,1038,983,128
ALLY X run.txt,167.12753333333336,1053,983,128
ALLY X run.txt,167.21264999999997,1055,983,128
ALLY X run.txt,167.29773333333335,1053,983,128
ALLY X run.txt,167.55254999999997,1057,983,128
ALLY X run.txt,167.63764999999998,1060,983,128
ALLY X run.txt,167.7227,1054,983,128
ALLY X run.txt,167.80776666666668,1053,983,128
ALLY X run.txt,167.89269999999996,1054,983,128
ALLY X run.txt,167.97773333333342,1046,983,128
ALLY X run.txt,168.5733666666667,1046,983,128
ALLY X run.txt,169.17073333333332,1049,983,128
ALLY X run.txt,169.25575,1057,983,128
ALLY X run.txt,169.34070000000006,1056,983,128
ALLY X run.txt,169.42580000000004,1049,983,128
ALLY X run.txt,169.59591666666674,1051,983,128
ALLY X run.txt,169.68091666666672,1047,983,128
ALLY X run.txt,169.76596666666666,1052,983,128
ALLY X run.txt,169.85106666666664,1055,983,128
ALLY X run.txt,169.93625000000006,1051,983,128
ALLY X run.txt,170.0212333333333,1053,983,128
ALLY X run.txt,170.10625,1049,983,128
ALLY X run.txt,170.19133333333338,1048,983,128
ALLY X run.txt,170.27646666666672,1045,983,128
ALLY X run.txt,170.36151666666666,1048,983,128
ALLY X run.txt,170.44654999999997,1068,983,128
ALLY X run.txt,170.53163333333336,1061,983,128
ALLY X run.txt,170.61665000000005,1053,983,128
ALLY X run.txt,170.70243333333335,1052,983,128
ALLY X run.txt,170.87256666666664,1054,983,128
ALLY X run.txt,170.95756666666662,1055,983,128
ALLY X run.txt,171.04256666666672,1061,983,128
ALLY X run.txt,171.1276333333334,1058,983,128
ALLY X run.txt,171.21500000000003,1056,983,128
ALLY X run.txt,171.30003333333335,1061,983,128
ALLY X run.txt,171.6404166666667,1060,983,128
ALLY X run.txt,171.89555000000001,1053,983,128
ALLY X run.txt,171.9804833333333,1053,983,128
ALLY X run.txt,172.06545000000006,1055,983,128
ALLY X run.txt,172.1505833333334,1056,983,128
ALLY X run.txt,172.23575000000008,1058,983,128
ALLY X run.txt,172.6610333333334,1059,983,128
ALLY X run.txt,172.83116666666672,1055,983,128
ALLY X run.txt,173.00126666666668,1058,983,128
ALLY X run.txt,173.08641666666662,1059,983,128
ALLY X run.txt,173.42676666666665,1060,983,128
ALLY X run.txt,173.5119,1054,983,128
ALLY X run.txt,173.597,1059,983,128
ALLY X run.txt,173.6821,1059,983,128
ALLY X run.txt,173.85421666666673,1067,983,128
ALLY X run.txt,173.93933333333334,1069,983,128
ALLY X run.txt,174.02435000000006,1063,983,128
ALLY X run.txt,174.10948333333337,1066,983,128
ALLY X run.txt,174.19463333333334,1068,983,128
ALLY X run.txt,174.3649833333333,1069,983,128
ALLY X run.txt,174.45020000000005,1067,983,128
ALLY X run.txt,174.53530000000003,1069,983,128
ALLY X run.txt,174.96095,1065,983,128
ALLY X run.txt,175.04604999999998,1066,983,128
ALLY X run.txt,175.13135000000003,1065,983,128
ALLY X run.txt,175.21663333333333,1066,983,128
ALLY X run.txt,175.30171666666672,1069,983,128
ALLY X run.txt,175.38685000000004,1067,983,128
ALLY X run.txt,175.5572666666667,1073,983,128
ALLY X run.txt,175.64251666666667,1064,983,128
ALLY X run.txt,175.7283333333334,1068,983,128
ALLY X run.txt,175.81345000000002,1066,983,128
ALLY X run.txt,175.9838333333333,1068,983,128
ALLY X run.txt,176.1541833333334,1067,983,128
ALLY X run.txt,176.23936666666668,1062,983,128
ALLY X run.txt,176.32716666666676,1064,983,128
ALLY X run.txt,176.41245000000006,1065,983,128
ALLY X run.txt,176.49746666666664,1064,983,128
ALLY X run.txt,176.5826833333334,1065,983,128
ALLY X run.txt,176.66775000000004,1063,983,128
ALLY X run.txt,176.75293333333332,1064,983,128
ALLY X run.txt,177.0081333333334,1063,983,128
ALLY X run.txt,177.09321666666668,1062,983,128
ALLY X run.txt,177.1783166666667,1059,983,128
ALLY X run.txt,177.3485333333334,1060,983,128
ALLY X run.txt,177.51864999999998,1058,983,128
ALLY X run.txt,177.77400000000003,1056,983,128
ALLY X run.txt,177.85910000000004,1060,983,128
ALLY X run.txt,177.94421666666665,1060,983,128
ALLY X run.txt,178.11451666666665,1058,983,128
ALLY X run.txt,178.5400833333333,1056,983,128
ALLY X run.txt,178.6251666666667,1055,983,128
ALLY X run.txt,178.71026666666668,1063,983,128
ALLY X run.txt,178.79525000000007,1061,983,128
ALLY X run.txt,178.88231666666664,1060,983,128
ALLY X run.txt,178.96735000000007,1059,983,128
ALLY X run.txt,179.64786666666672,1060,983,128
ALLY X run.txt,179.7328833333333,1058,983,128
ALLY X run.txt,179.81803333333337,1060,983,128
ALLY X run.txt,179.90308333333329,1056,983,128
ALLY X run.txt,179.98816666666667,1054,983,128
ALLY X run.txt,180.07325000000006,1057,983,128
ALLY X run.txt,180.15826666666666,1055,983,128
ALLY X run.txt,180.24345000000005,1051,983,128
ALLY X run.txt,180.49868333333336,1051,983,128
ALLY X run.txt,180.75445,1052,983,128
ALLY X run.txt,181.0095,1055,983,128
ALLY X run.txt,181.17955,1040,983,128
ALLY X run.txt,181.26466666666676,1046,983,128
ALLY X run.txt,181.3497333333334,1051,983,128
ALLY X run.txt,181.60708333333338,1049,983,128
ALLY X run.txt,181.69221666666672,1048,983,128
ALLY X run.txt,182.03241666666665,1047,983,128
ALLY X run.txt,182.20251666666664,1047,983,128
ALLY X run.txt,182.2875833333334,1046,983,128
ALLY X run.txt,182.37271666666675,1049,983,128
ALLY X run.txt,183.05315,1050,983,128
ALLY X run.txt,183.22346666666672,1049,983,128
ALLY X run.txt,183.39360000000002,1047,983,128
ALLY X run.txt,183.56365000000005,1049,983,128
ALLY X run.txt,183.64890000000003,1052,983,128
ALLY X run.txt,183.7340833333333,1044,983,128
ALLY X run.txt,183.90423333333334,1040,983,128
ALLY X run.txt,183.99143333333342,1041,983,128
ALLY X run.txt,184.07650000000007,1046,983,128
ALLY X run.txt,184.16160000000005,1044,983,128
ALLY X run.txt,184.3315833333334,1046,983,128
ALLY X run.txt,184.41665000000006,1047,983,128
ALLY X run.txt,184.58666666666673,1046,983,128
ALLY X run.txt,184.67176666666674,1045,983,128
ALLY X run.txt,184.75685000000001,1049,983,128
ALLY X run.txt,184.8419333333334,1047,983,128
ALLY X run.txt,184.9269833333333,1049,983,128
ALLY X run.txt,185.09701666666672,1048,983,128
ALLY X run.txt,185.60738333333333,1047,983,128
ALLY X run.txt,185.86320000000003,1045,983,128
ALLY X run.txt,185.9481833333334,1047,983,128
ALLY X run.txt,186.03325000000004,1045,983,128
ALLY X run.txt,186.11828333333335,1046,983,128
ALLY X run.txt,186.45865,1046,983,128
ALLY X run.txt,186.54586666666668,1047,983,128
ALLY X run.txt,187.05628333333334,1048,983,128
ALLY X run.txt,187.14149999999998,1044,983,128
ALLY X run.txt,187.3114833333333,1044,983,128
ALLY X run.txt,187.4817833333333,1043,983,128
ALLY X run.txt,187.56683333333336,1046,983,128
ALLY X run.txt,187.82206666666667,1044,983,128
ALLY X run.txt,187.99223333333333,1042,983,128
ALLY X run.txt,188.07728333333338,1044,983,128
ALLY X run.txt,188.1623166666667,1044,983,128
ALLY X run.txt,188.33255000000003,1045,983,128
ALLY X run.txt,188.41760000000008,1048,983,128
ALLY X run.txt,188.50268333333332,1045,983,128
ALLY X run.txt,188.67273333333335,1049,983,128
ALLY X run.txt,188.92820000000003,1047,983,128
ALLY X run.txt,189.0132666666667,1047,983,128
ALLY X run.txt,189.27055000000001,1034,983,128
ALLY X run.txt,189.3556333333334,1042,983,128
ALLY X run.txt,189.44081666666668,1044,983,128
ALLY X run.txt,189.52585,1045,983,128
ALLY X run.txt,189.61094999999997,1046,983,128
ALLY X run.txt,189.7812333333334,1047,983,128
ALLY X run.txt,189.86626666666672,1047,983,128
ALLY X run.txt,189.95138333333333,1049,983,128
ALLY X run.txt,190.12165,1046,983,128
ALLY X run.txt,190.20671666666664,1047,983,128
ALLY X run.txt,190.29188333333332,1050,983,128
ALLY X run.txt,190.37691666666663,1044,983,128
ALLY X run.txt,190.63223333333335,1045,983,128
ALLY X run.txt,190.7172833333334,1047,983,128
ALLY X run.txt,190.97313333333332,1046,983,128
ALLY X run.txt,191.31359999999998,1047,983,128
ALLY X run.txt,191.39868333333337,1048,983,128
ALLY X run.txt,191.5689166666667,1046,983,128
ALLY X run.txt,191.65620000000004,1047,983,128
ALLY X run.txt,191.74143333333342,1043,983,128
ALLY X run.txt,191.82656666666674,1047,983,128
ALLY X run.txt,191.91165,1045,983,128
ALLY X run.txt,192.16698333333335,1044,983,128
ALLY X run.txt,192.42228333333333,1044,983,128
ALLY X run.txt,192.5923833333333,1046,983,128
ALLY X run.txt,192.93266666666665,1047,983,128
ALLY X run.txt,193.01783333333333,1048,983,128
ALLY X run.txt,193.27296666666675,1048,983,128
ALLY X run.txt,193.35865,1046,983,128
ALLY X run.txt,193.44516666666667,1049,983,128
ALLY X run.txt,193.61716666666663,1045,983,128
ALLY X run.txt,193.70263333333338,1044,983,128
ALLY X run.txt,193.78906666666674,1047,983,128
ALLY X run.txt,193.87538333333336,1046,983,128
ALLY X run.txt,193.96173333333329,1048,983,128
ALLY X run.txt,194.04826666666668,1049,983,128
ALLY X run.txt,194.13471666666663,1047,983,128
ALLY X run.txt,194.22595,1044,983,128
ALLY X run.txt,194.3125,1045,983,128
ALLY X run.txt,194.57083333333333,1040,983,128
ALLY X run.txt,194.65680000000006,1041,983,128
ALLY X run.txt,194.74325000000002,1043,983,128
ALLY X run.txt,195.00200000000004,1044,983,128
ALLY X run.txt,195.34866666666665,1042,983,128
ALLY X run.txt,195.43488333333335,1043,983,128
ALLY X run.txt,195.52078333333338,1045,983,128
ALLY X run.txt,195.60724999999996,1043,983,128
ALLY X run.txt,195.69368333333333,1044,983,128
ALLY X run.txt,195.77951666666667,1047,983,128
ALLY X run.txt,195.8670333333334,1047,983,128
ALLY X run.txt,196.29818333333338,1044,983,128
ALLY X run.txt,196.38455000000008,1046,983,128
ALLY X run.txt,196.55671666666663,1047,983,128
ALLY X run.txt,196.64305,1045,983,128
ALLY X run.txt,196.72958333333335,1046,983,128
ALLY X run.txt,196.81974999999997,1045,983,128
ALLY X run.txt,197.16476666666665,1046,983,128
ALLY X run.txt,197.25131666666664,1045,983,128
ALLY X run.txt,197.42406666666673,1044,983,128
ALLY X run.txt,197.59686666666664,1044,983,128
ALLY X run.txt,197.76921666666664,1041,983,128
ALLY X run.txt,198.20065000000008,1042,983,128
ALLY X run.txt,198.45970000000003,1042,983,128
ALLY X run.txt,198.63245,1038,983,128
ALLY X run.txt,198.80573333333342,1041,983,128
ALLY X run.txt,198.89251666666667,1038,983,128
ALLY X run.txt,199.15176666666667,1039,983,128
ALLY X run.txt,199.32453333333336,1040,983,128
ALLY X run.txt,199.41433333333333,1038,983,128
ALLY X run.txt,199.67415,1036,983,128
ALLY X run.txt,199.8464,1035,983,128
ALLY X run.txt,200.01965000000007,1031,983,128
ALLY X run.txt,200.10571666666667,1033,983,128
ALLY X run.txt,200.19209999999995,1034,983,128
ALLY X run.txt,200.27870000000001,1035,983,128
ALLY X run.txt,200.5386333333333,1031,983,128
ALLY X run.txt,200.71204999999998,1032,983,128
ALLY X run.txt,200.79855,1031,983,128
ALLY X run.txt,200.88670000000008,1032,983,128
ALLY X run.txt,200.9735333333334,1031,983,128
ALLY X run.txt,201.0602,1032,983,128
ALLY X run.txt,201.14743333333328,1033,983,128
ALLY X run.txt,201.23378333333338,1032,983,128
ALLY X run.txt,201.3204666666667,1035,983,128
ALLY X run.txt,201.57958333333335,1037,983,128
ALLY X run.txt,201.6662666666667,1039,983,128
ALLY X run.txt,201.83943333333337,1040,983,128
ALLY X run.txt,201.9261166666667,1040,983,128
ALLY X run.txt,202.36220000000006,1038,983,128
ALLY X run.txt,202.53541666666666,1039,983,128
ALLY X run.txt,202.7082333333333,1038,983,128
ALLY X run.txt,202.79481666666663,1038,983,128
ALLY X run.txt,202.88126666666673,1039,983,128
ALLY X run.txt,202.97061666666667,1041,983,128
ALLY X run.txt,203.6625666666667,1042,983,128
ALLY X run.txt,204.52623333333335,1042,983,128
ALLY X run.txt,204.61571666666666,1043,983,128
ALLY X run.txt,205.39395000000005,1043,983,128
ALLY X run.txt,205.48061666666666,1037,983,128
ALLY X run.txt,205.65313333333336,1036,983,128
ALLY X run.txt,206.00250000000003,1035,983,128
ALLY X run.txt,206.1756833333334,1036,983,128
ALLY X run.txt,206.26216666666673,1036,983,128
ALLY X run.txt,206.43488333333335,1033,983,128
ALLY X run.txt,206.52101666666664,1034,983,128
ALLY X run.txt,206.6071833333334,1035,983,128
ALLY X run.txt,206.86666666666667,1036,983,128
ALLY X run.txt,207.03973333333332,1039,983,128
ALLY X run.txt,207.12656666666675,1038,983,128
ALLY X run.txt,207.73676666666663,1031,983,128
ALLY X run.txt,207.90998333333337,1036,983,128
ALLY X run.txt,207.99641666666673,1042,983,128
ALLY X run.txt,208.86100000000005,1042,983,128
ALLY X run.txt,209.12023333333335,1043,983,128
ALLY X run.txt,209.72526666666673,1043,983,128
ALLY X run.txt,209.8162833333333,1045,983,128
ALLY X run.txt,209.9887833333334,1047,983,128
ALLY X run.txt,210.2487166666667,1046,983,128
ALLY X run.txt,210.42198333333337,1044,983,128
ALLY X run.txt,210.59503333333342,1045,983,128
ALLY X run.txt,211.031,1044,983,128
ALLY X run.txt,211.11605000000006,1047,983,128
ALLY X run.txt,211.28728333333336,1034,978,128
ALLY X run.txt,211.3738666666667,1030,962,128
ALLY X run.txt,211.46059999999997,1030,962,128
ALLY X run.txt,212.32683333333335,1030,962,128
ALLY X run.txt,212.41765,1027,962,128
ALLY X run.txt,212.50438333333332,1026,962,128
ALLY X run.txt,212.67721666666668,1029,962,128
ALLY X run.txt,212.84980000000007,1025,962,128
ALLY X run.txt,213.19515000000004,1025,962,128
ALLY X run.txt,213.28105000000008,1026,962,128
ALLY X run.txt,213.4534333333333,1025,962,128
ALLY X run.txt,213.6269666666667,1026,962,128
ALLY X run.txt,213.71375000000006,1027,962,128
ALLY X run.txt,213.80031666666667,1030,962,128
ALLY X run.txt,213.88675000000003,1029,962,128
ALLY X run.txt,214.05961666666676,1021,962,128
ALLY X run.txt,214.14843333333337,1024,962,128
ALLY X run.txt,214.2351666666667,1028,962,128
ALLY X run.txt,214.32160000000005,1025,962,128
ALLY X run.txt,214.4070166666667,1027,962,128
ALLY X run.txt,214.49351666666675,1021,962,128
ALLY X run.txt,214.5799666666667,1024,962,128
ALLY X run.txt,214.66621666666663,1023,962,128
ALLY X run.txt,214.75276666666676,1025,962,128
ALLY X run.txt,214.8393,1023,962,128
ALLY X run.txt,214.92590000000007,1023,962,128
ALLY X run.txt,215.0162666666667,1026,962,128
ALLY X run.txt,215.1028333333333,1032,962,128
ALLY X run.txt,215.2755,1031,962,128
ALLY X run.txt,215.36155,1032,962,128
ALLY X run.txt,215.44821666666672,1030,962,128
ALLY X run.txt,215.5346833333333,1025,962,128
ALLY X run.txt,215.62115,1027,962,128
ALLY X run.txt,215.7076833333334,1018,962,128
ALLY X run.txt,215.79448333333337,1020,962,128
ALLY X run.txt,215.88111666666663,1018,962,128
ALLY X run.txt,215.9688333333334,1025,962,128
ALLY X run.txt,216.05473333333333,1027,962,128
ALLY X run.txt,216.40061666666674,1030,962,128
ALLY X run.txt,216.4867166666667,1029,962,128
ALLY X run.txt,216.65964999999997,1024,962,128
ALLY X run.txt,216.74660000000003,1028,962,128
ALLY X run.txt,217.1774,1027,962,128
ALLY X run.txt,217.26390000000004,1026,962,128
ALLY X run.txt,217.52368333333337,1023,962,128
ALLY X run.txt,217.70031666666668,1026,962,128
ALLY X run.txt,217.7870833333333,1025,962,128
ALLY X run.txt,217.96046666666675,1028,962,128
ALLY X run.txt,218.04723333333337,1029,962,128
ALLY X run.txt,218.13386666666665,1027,962,128
ALLY X run.txt,218.22125000000003,1029,962,128
ALLY X run.txt,218.39480000000003,1029,962,128
ALLY X run.txt,218.91423333333333,1030,962,128
ALLY X run.txt,219.17428333333336,1029,962,128
ALLY X run.txt,219.26111666666668,1029,962,128
ALLY X run.txt,220.12645,1029,962,128
ALLY X run.txt,220.21803333333338,1028,962,128
ALLY X run.txt,220.56378333333342,1025,962,128
ALLY X run.txt,220.65091666666666,1023,962,128
ALLY X run.txt,220.73751666666672,1028,962,128
ALLY X run.txt,220.9978666666667,1028,962,128
ALLY X run.txt,221.68926666666667,1024,962,128
ALLY X run.txt,221.77599999999995,1023,962,128
ALLY X run.txt,221.8626666666667,1023,962,128
ALLY X run.txt,221.94929999999997,1021,962,128
ALLY X run.txt,222.29558333333335,1022,962,128
ALLY X run.txt,222.46881666666667,1026,962,128
ALLY X run.txt,222.5549666666667,1025,962,128
ALLY X run.txt,222.72743333333335,1025,962,128
ALLY X run.txt,223.07793333333333,1024,962,128
ALLY X run.txt,223.1648833333334,1023,962,128
ALLY X run.txt,223.3376666666667,1024,962,128
ALLY X run.txt,223.4241333333334,1023,962,128
ALLY X run.txt,223.5105166666667,1024,962,128
ALLY X run.txt,223.5971666666667,1026,962,128
ALLY X run.txt,223.76940000000008,1024,962,128
ALLY X run.txt,223.94198333333333,1025,962,128
ALLY X run.txt,224.46026666666668,1027,962,128
ALLY X run.txt,224.71948333333336,1025,962,128
ALLY X run.txt,225.32369999999997,1025,962,128
ALLY X run.txt,225.58651666666665,1023,962,128
ALLY X run.txt,225.6730000000001,1021,962,128
ALLY X run.txt,225.93241666666665,1018,962,128
ALLY X run.txt,226.02006666666662,1021,962,128
ALLY X run.txt,226.19311666666667,1022,962,128
ALLY X run.txt,226.6241333333334,1025,962,128
ALLY X run.txt,226.79621666666668,1026,962,128
ALLY X run.txt,226.8826333333333,1025,962,128
ALLY X run.txt,227.05560000000006,1027,962,128
ALLY X run.txt,227.22801666666675,1028,962,128
ALLY X run.txt,227.31391666666664,1031,962,128
ALLY X run.txt,227.4001833333333,1028,962,128
ALLY X run.txt,227.48605,1030,962,128
ALLY X run.txt,227.6595,1029,962,128
ALLY X run.txt,227.74541666666664,1025,962,128
ALLY X run.txt,227.83183333333338,1032,962,128
ALLY X run.txt,227.9184,1031,962,128
ALLY X run.txt,228.0086333333334,1029,962,128
ALLY X run.txt,228.18089999999998,1028,962,128
ALLY X run.txt,228.26740000000004,1031,962,128
ALLY X run.txt,228.4401333333334,1032,962,128
ALLY X run.txt,228.52561666666674,1025,962,128
ALLY X run.txt,228.61208333333332,1030,962,128
ALLY X run.txt,228.6985333333334,1032,962,128
ALLY X run.txt,228.78491666666667,1032,962,128
ALLY X run.txt,228.95711666666674,1026,962,128
ALLY X run.txt,229.1298833333333,1028,962,128
ALLY X run.txt,229.47391666666664,1031,962,128
ALLY X run.txt,229.6464833333334,1031,962,128
ALLY X run.txt,229.8185,1029,962,128
ALLY X run.txt,229.90481666666673,1030,962,128
ALLY X run.txt,230.07691666666662,1028,962,128
ALLY X run.txt,230.16345,1032,962,128
ALLY X run.txt,230.5083833333334,1032,962,128
ALLY X run.txt,230.77048333333332,1031,962,128
ALLY X run.txt,230.85626666666673,1026,962,128
ALLY X run.txt,230.9421166666667,1031,962,128
ALLY X run.txt,231.20131666666663,1032,962,128
ALLY X run.txt,231.28751666666673,1029,962,128
ALLY X run.txt,231.3737166666667,1030,962,128
ALLY X run.txt,231.46001666666672,1028,962,128
ALLY X run.txt,231.54626666666664,1029,962,128
ALLY X run.txt,231.63208333333338,1031,962,128
ALLY X run.txt,232.06366666666665,1027,962,128
ALLY X run.txt,232.1501,1025,962,128
ALLY X run.txt,232.23546666666672,1024,962,128
ALLY X run.txt,232.32176666666675,1030,962,128
ALLY X run.txt,232.40801666666667,1028,962,128
ALLY X run.txt,232.49440000000007,1027,962,128
ALLY X run.txt,232.58083333333332,1030,962,128
ALLY X run.txt,232.66681666666665,1029,962,128
ALLY X run.txt,232.75314999999998,1032,962,128
ALLY X run.txt,232.83950000000004,1025,962,128
ALLY X run.txt,232.92520000000005,1028,962,128
ALLY X run.txt,233.0116333333334,1030,962,128
ALLY X run.txt,233.09795,1030,962,128
ALLY X run.txt,233.1875,1031,962,128
ALLY X run.txt,233.35976666666673,1028,962,128
ALLY X run.txt,233.44623333333328,1029,962,128
ALLY X run.txt,233.53196666666662,1028,962,128
ALLY X run.txt,233.62271666666675,1030,962,128
ALLY X run.txt,233.70895000000007,1026,962,128
ALLY X run.txt,233.79456666666664,1025,962,128
ALLY X run.txt,233.88088333333337,1027,962,128
ALLY X run.txt,233.96715000000003,1027,962,128
ALLY X run.txt,234.05339999999995,1028,962,128
ALLY X run.txt,234.22576666666671,1026,962,128
ALLY X run.txt,234.82931666666664,1026,962,128
ALLY X run.txt,235.0882666666667,1023,962,128
ALLY X run.txt,235.1748166666667,1024,962,128
ALLY X run.txt,235.34749999999997,1022,962,128
ALLY X run.txt,235.43413333333336,1023,962,128
ALLY X run.txt,235.5203666666667,1021,962,128
ALLY X run.txt,235.6060666666667,1022,962,128
ALLY X run.txt,235.69188333333332,1025,962,128
ALLY X run.txt,235.7817666666667,1024,962,128
ALLY X run.txt,235.86810000000006,1016,962,128
ALLY X run.txt,235.95374999999999,1018,962,128
ALLY X run.txt,236.04170000000002,1021,962,128
ALLY X run.txt,236.21383333333335,1023,962,128
ALLY X run.txt,236.3864833333333,1025,962,128
ALLY X run.txt,236.55911666666665,1025,962,128
ALLY X run.txt,236.64541666666665,1022,962,128
ALLY X run.txt,236.8180666666667,1023,962,128
ALLY X run.txt,236.9906666666667,1024,962,128
ALLY X run.txt,237.16346666666675,1023,962,128
ALLY X run.txt,237.24948333333342,1022,962,128
ALLY X run.txt,237.3358,1024,962,128
ALLY X run.txt,237.42168333333333,1024,962,128
ALLY X run.txt,237.59421666666665,1021,962,128
ALLY X run.txt,237.68050000000002,1023,962,128
ALLY X run.txt,237.76620000000003,1022,962,128
ALLY X run.txt,237.85271666666668,1027,962,128
ALLY X run.txt,237.9380833333334,1024,962,128
ALLY X run.txt,238.02433333333332,1026,962,128
ALLY X run.txt,238.1108,1025,962,128
ALLY X run.txt,238.19641666666672,1024,962,128
ALLY X run.txt,238.28216666666668,1021,962,128
ALLY X run.txt,238.37171666666666,1023,962,128
ALLY X run.txt,238.45801666666665,1024,962,128
ALLY X run.txt,238.54378333333335,1023,962,128
ALLY X run.txt,238.62940000000006,1022,962,128
ALLY X run.txt,238.71521666666666,1019,962,128
ALLY X run.txt,238.80073333333337,1024,962,128
ALLY X run.txt,238.97330000000002,1021,962,128
ALLY X run.txt,239.05974999999998,1018,962,128
ALLY X run.txt,239.1459833333333,1021,962,128
ALLY X run.txt,239.23251666666667,1022,962,128
ALLY X run.txt,239.3189166666667,1023,962,128
ALLY X run.txt,239.40516666666662,1021,962,128
ALLY X run.txt,239.49140000000006,1020,962,128
ALLY X run.txt,239.57765,1022,962,128
ALLY X run.txt,239.66358333333338,1025,962,128
ALLY X run.txt,239.74986666666663,1020,962,128
ALLY X run.txt,239.8361333333333,1022,962,128
ALLY X run.txt,240.00836666666666,1021,962,128
ALLY X run.txt,240.0940833333334,1024,962,128
ALLY X run.txt,240.1804666666667,1026,962,128
ALLY X run.txt,240.26676666666668,1023,962,128
ALLY X run.txt,240.35323333333338,1024,962,128
ALLY X run.txt,240.5256,1023,962,128
ALLY X run.txt,240.61183333333332,1021,962,128
ALLY X run.txt,240.69795000000002,1022,962,128
ALLY X run.txt,240.78358333333333,1024,962,128
ALLY X run.txt,240.8695166666667,1021,962,128
ALLY X run.txt,240.95971666666665,1015,962,128
ALLY X run.txt,241.65183333333334,1014,962,128
ALLY X run.txt,241.7373333333333,1016,962,128
ALLY X run.txt,241.82295000000002,1014,962,128
ALLY X run.txt,241.90808333333334,1007,962,128
ALLY X run.txt,241.9943333333334,1019,962,128
ALLY X run.txt,242.08066666666673,1018,962,128
ALLY X run.txt,242.16628333333333,1016,962,128
ALLY X run.txt,242.25265,1017,962,128
ALLY X run.txt,242.33908333333335,1014,962,128
ALLY X run.txt,242.42553333333333,1018,962,128
ALLY X run.txt,242.51136666666667,1012,962,128
ALLY X run.txt,242.59761666666674,1011,962,128
ALLY X run.txt,242.68404999999996,1014,962,128
ALLY X run.txt,242.76988333333333,1005,960,128
ALLY X run.txt,242.85626666666673,1007,960,128
ALLY X run.txt,242.94215000000003,1013,960,128
ALLY X run.txt,243.02814999999998,1005,956,128
ALLY X run.txt,243.1141333333333,1002,956,128
ALLY X run.txt,243.20485000000008,1001,956,128
ALLY X run.txt,243.29158333333336,994,951,128
ALLY X run.txt,243.37836666666675,1005,951,128
ALLY X run.txt,243.4646333333334,993,946,128
ALLY X run.txt,243.55409999999998,1001,948,128
ALLY X run.txt,243.64095000000003,1008,948,128
ALLY X run.txt,243.90133333333335,1004,948,128
ALLY X run.txt,244.07475000000002,1001,948,128
ALLY X run.txt,244.1619,1000,948,128
ALLY X run.txt,244.3358833333333,1000,948,128
ALLY X run.txt,244.42220000000003,1002,948,128
ALLY X run.txt,244.50868333333335,997,948,128
ALLY X run.txt,244.59560000000008,1004,948,128
ALLY X run.txt,244.68255000000002,1000,948,128
ALLY X run.txt,244.76945000000003,1001,948,128
ALLY X run.txt,244.85601666666673,1002,948,128
ALLY X run.txt,244.94208333333336,1000,948,128
ALLY X run.txt,245.02771666666666,1002,948,128
ALLY X run.txt,245.11440000000002,1006,948,128
ALLY X run.txt,245.2011833333334,1004,948,128
ALLY X run.txt,245.28798333333336,1002,948,128
ALLY X run.txt,245.3745833333333,1001,948,128
ALLY X run.txt,245.46068333333338,999,948,128
ALLY X run.txt,245.54749999999999,1002,948,128
ALLY X run.txt,245.63368333333335,1001,948,128
ALLY X run.txt,245.80695000000003,999,948,128
ALLY X run.txt,245.97923333333335,998,948,128
ALLY X run.txt,246.06623333333337,995,948,128
ALLY X run.txt,246.15605000000008,994,948,128
ALLY X run.txt,246.32926666666668,993,948,128
ALLY X run.txt,246.41521666666668,994,954,128
ALLY X run.txt,246.58849999999995,995,954,128
ALLY X run.txt,246.67453333333336,994,954,128
ALLY X run.txt,246.7613,998,946,128
ALLY X run.txt,246.84788333333333,1003,946,128
ALLY X run.txt,246.93456666666668,1004,946,128
ALLY X run.txt,247.10730000000004,1003,946,128
ALLY X run.txt,247.27975000000006,1002,946,128
ALLY X run.txt,247.36640000000006,1001,946,128
ALLY X run.txt,247.62573333333336,997,946,128
ALLY X run.txt,247.71100000000007,996,946,128
ALLY X run.txt,247.7975833333334,1002,946,128
ALLY X run.txt,247.88414999999998,997,946,128
ALLY X run.txt,247.97031666666675,1002,946,128
ALLY X run.txt,248.05675,1006,946,128
ALLY X run.txt,248.14208333333335,1004,946,128
ALLY X run.txt,248.22856666666667,1002,946,128
ALLY X run.txt,248.3152333333334,1004,946,128
ALLY X run.txt,248.40176666666667,1003,946,128
ALLY X run.txt,248.48836666666674,1001,946,128
ALLY X run.txt,248.57491666666672,1002,946,128
ALLY X run.txt,248.6621666666667,1006,946,128
ALLY X run.txt,248.7526333333334,1005,956,128
ALLY X run.txt,248.83908333333335,1007,956,128
ALLY X run.txt,248.92558333333338,998,954,128
ALLY X run.txt,249.0114666666667,999,954,128
ALLY X run.txt,249.0981,1005,954,128
ALLY X run.txt,249.18488333333335,1009,954,128
ALLY X run.txt,249.27101666666664,1002,954,128
ALLY X run.txt,249.35771666666673,992,954,128
ALLY X run.txt,249.44371666666666,1000,954,128
ALLY X run.txt,249.52966666666666,1003,954,128
ALLY X run.txt,249.61640000000006,1007,954,128
ALLY X run.txt,249.96126666666666,1005,954,128
ALLY X run.txt,250.04790000000006,1003,954,128
ALLY X run.txt,250.13323333333332,1000,951,128
ALLY X run.txt,250.21913333333336,1001,948,128
ALLY X run.txt,250.39651666666674,1008,951,128
ALLY X run.txt,250.48185,1017,962,128
ALLY X run.txt,250.56816666666674,1019,962,128
ALLY X run.txt,250.6542,1015,962,128
ALLY X run.txt,250.74085000000002,996,947,128
ALLY X run.txt,250.82940000000005,993,941,128
ALLY X run.txt,251.00254999999999,994,941,128
ALLY X run.txt,251.09076666666672,1003,941,128
ALLY X run.txt,251.1762666666667,1002,941,128
ALLY X run.txt,251.26444999999998,1003,941,128
ALLY X run.txt,251.61520000000007,1002,941,128
ALLY X run.txt,251.70289999999997,1003,941,128
ALLY X run.txt,251.87596666666676,999,941,128
ALLY X run.txt,251.96246666666667,997,941,128
ALLY X run.txt,252.04885000000007,994,941,128
ALLY X run.txt,252.13516666666666,994,941,128
ALLY X run.txt,252.22103333333337,998,941,128
ALLY X run.txt,252.30673333333337,995,941,128
ALLY X run.txt,252.39305,992,941,128
ALLY X run.txt,252.47934999999998,993,941,128
ALLY X run.txt,252.56880000000007,994,941,128
ALLY X run.txt,252.9137833333334,998,941,128
ALLY X run.txt,253.00014999999996,998,941,128
ALLY X run.txt,253.08655,997,941,128
ALLY X run.txt,253.1724166666667,999,941,128
ALLY X run.txt,253.25878333333335,1000,941,128
ALLY X run.txt,253.51703333333342,999,941,128
ALLY X run.txt,253.77686666666668,1000,941,128
ALLY X run.txt,253.8636166666667,1000,941,128
ALLY X run.txt,253.95451666666668,1001,941,128
ALLY X run.txt,254.12691666666663,999,941,128
ALLY X run.txt,254.29915,997,941,128
ALLY X run.txt,254.47236666666674,996,941,128
ALLY X run.txt,254.5589,993,941,128
ALLY X run.txt,254.7317833333333,993,941,128
ALLY X run.txt,254.8183333333333,995,941,128
ALLY X run.txt,254.90481666666673,1000,941,128
ALLY X run.txt,254.99080000000006,997,941,128
ALLY X run.txt,255.0768,995,941,128
ALLY X run.txt,255.1636333333333,997,941,128
ALLY X run.txt,255.25031666666666,995,941,128
ALLY X run.txt,255.33704999999998,999,941,128
ALLY X run.txt,255.5957333333333,999,941,128
ALLY X run.txt,255.68148333333338,995,941,128
ALLY X run.txt,255.7680666666667,1000,941,128
ALLY X run.txt,256.0267333333333,1004,941,128
ALLY X run.txt,256.2012166666667,1000,941,128
ALLY X run.txt,256.28770000000003,1002,941,128
ALLY X run.txt,256.37418333333335,1000,941,128
ALLY X run.txt,256.46098333333333,995,941,128
ALLY X run.txt,256.55201666666665,984,939,128
ALLY X run.txt,256.63824999999997,991,939,128
ALLY X run.txt,256.72466666666674,985,939,128
ALLY X run.txt,257.0721833333333,986,939,128
ALLY X run.txt,257.3333666666667,987,939,128
ALLY X run.txt,257.4202166666667,988,939,128
ALLY X run.txt,257.5100833333334,986,939,128
ALLY X run.txt,257.5968166666667,985,939,128
ALLY X run.txt,257.68366666666674,986,939,128
ALLY X run.txt,257.85723333333334,994,941,128
ALLY X run.txt,257.94329999999997,997,941,128
ALLY X run.txt,258.11628333333334,996,941,128
ALLY X run.txt,258.2029333333333,996,941,128
ALLY X run.txt,258.2895666666667,994,941,128
ALLY X run.txt,258.3761833333334,995,941,128
ALLY X run.txt,258.5486833333334,989,941,128
ALLY X run.txt,259.0681333333334,989,941,128
ALLY X run.txt,259.4190500000001,993,941,128
ALLY X run.txt,259.50483333333335,991,941,128
ALLY X run.txt,259.59138333333334,993,941,128
ALLY X run.txt,259.67776666666674,994,941,128
ALLY X run.txt,259.7638833333333,992,941,128
ALLY X run.txt,259.8505166666667,991,941,128
ALLY X run.txt,259.9369166666667,993,941,128
ALLY X run.txt,260.11005000000006,986,941,128
ALLY X run.txt,260.19663333333335,988,941,128
ALLY X run.txt,260.3688333333334,989,941,128
ALLY X run.txt,260.4552,993,941,128
ALLY X run.txt,260.6274833333333,988,941,128
ALLY X run.txt,260.71365000000003,987,941,128
ALLY X run.txt,260.8000666666667,995,941,128
ALLY X run.txt,261.05913333333336,1001,941,128
ALLY X run.txt,261.3195333333333,996,941,128
ALLY X run.txt,261.4917500000001,997,941,128
ALLY X run.txt,261.57830000000007,996,941,128
ALLY X run.txt,261.66529999999995,994,941,128
ALLY X run.txt,262.01566666666673,992,941,128
ALLY X run.txt,262.10201666666666,994,941,128
ALLY X run.txt,262.188,993,941,128
ALLY X run.txt,262.36045,995,941,128
ALLY X run.txt,262.447,996,941,128
ALLY X run.txt,262.53341666666677,1000,941,128
ALLY X run.txt,262.6195666666666,999,941,128
ALLY X run.txt,262.7923333333334,998,941,128
ALLY X run.txt,263.0511666666667,999,941,128
ALLY X run.txt,263.3101833333334,1000,941,128
ALLY X run.txt,263.39660000000003,1000,941,128
ALLY X run.txt,263.48300000000006,999,941,128
ALLY X run.txt,263.5693666666667,997,941,128
ALLY X run.txt,263.6548666666667,994,941,128
ALLY X run.txt,263.7415,991,941,128
ALLY X run.txt,263.82800000000003,992,941,128
ALLY X run.txt,263.91373333333337,991,941,128
ALLY X run.txt,263.99960000000004,992,941,128
ALLY X run.txt,264.1726,994,941,128
ALLY X run.txt,264.25925,993,941,128
ALLY X run.txt,264.3496333333334,992,941,128
ALLY X run.txt,264.43606666666676,993,941,128
ALLY X run.txt,264.52223333333336,991,941,128
ALLY X run.txt,264.6086333333334,998,941,128
ALLY X run.txt,264.6950333333334,997,941,128
ALLY X run.txt,265.12711666666667,999,941,128
ALLY X run.txt,265.2130166666667,997,941,128
ALLY X run.txt,265.47195000000005,996,941,128
ALLY X run.txt,265.7304833333333,990,941,128
ALLY X run.txt,265.8170166666667,991,941,128
ALLY X run.txt,265.98993333333334,991,941,128
ALLY X run.txt,266.07585,992,941,128
ALLY X run.txt,266.33728333333335,991,941,128
ALLY X run.txt,266.5962666666666,990,941,128
ALLY X run.txt,266.6829333333334,989,941,128
ALLY X run.txt,266.76959999999997,993,941,128
ALLY X run.txt,266.85611666666665,993,941,128
ALLY X run.txt,266.94675,994,941,128
ALLY X run.txt,267.11896666666667,992,941,128
ALLY X run.txt,267.2053166666667,993,941,128
ALLY X run.txt,267.7232833333334,993,941,128
ALLY X run.txt,267.8097,996,941,128
ALLY X run.txt,267.8956166666667,997,941,128
ALLY X run.txt,267.9813333333334,998,941,128
ALLY X run.txt,268.0679333333334,997,941,128
ALLY X run.txt,268.15485000000007,994,941,128
ALLY X run.txt,268.5866833333333,994,941,128
ALLY X run.txt,268.8452833333334,995,941,128
ALLY X run.txt,269.10443333333336,996,941,128
ALLY X run.txt,269.27718333333337,999,941,128
ALLY X run.txt,269.45003333333335,1001,941,128
ALLY X run.txt,269.5406666666667,999,941,128
ALLY X run.txt,269.71278333333333,997,941,128
ALLY X run.txt,270.2308833333334,996,941,128
ALLY X run.txt,270.3172333333333,995,941,128
ALLY X run.txt,270.48893333333336,996,941,128
ALLY X run.txt,271.0928166666667,997,941,128
ALLY X run.txt,271.1808166666667,997,941,128
ALLY X run.txt,271.3535333333333,999,941,128
ALLY X run.txt,271.4400166666666,998,941,128
ALLY X run.txt,271.61334999999997,997,941,128
ALLY X run.txt,271.6988666666667,985,936,128
ALLY X run.txt,271.7844666666667,996,936,128
ALLY X run.txt,271.8700166666667,995,936,128
ALLY X run.txt,271.9555833333333,989,924,128
ALLY X run.txt,272.04193333333336,988,916,128
ALLY X run.txt,272.1317833333333,986,916,128
ALLY X run.txt,272.3912833333333,985,916,128
ALLY X run.txt,272.73675000000003,986,916,128
ALLY X run.txt,272.8235000000001,985,916,128
ALLY X run.txt,272.90990000000005,985,916,128
ALLY X run.txt,272.9962000000001,987,916,128
ALLY X run.txt,273.0825333333334,988,916,128
ALLY X run.txt,273.16923333333335,982,916,128
ALLY X run.txt,273.51441666666665,983,916,128
ALLY X run.txt,273.7736333333333,983,916,128
ALLY X run.txt,274.20576666666665,982,916,128
ALLY X run.txt,274.37873333333323,985,916,128
ALLY X run.txt,274.6380000000001,985,916,128
ALLY X run.txt,274.98626666666667,984,916,128
ALLY X run.txt,275.50370000000004,984,916,128
ALLY X run.txt,275.5898833333334,985,916,128
ALLY X run.txt,275.7629333333334,983,916,128
ALLY X run.txt,275.84938333333326,984,916,128
ALLY X run.txt,276.1082666666668,983,916,128
ALLY X run.txt,276.2819166666667,984,916,128
ALLY X run.txt,276.36818333333343,984,916,128
ALLY X run.txt,276.71338333333347,987,916,128
ALLY X run.txt,277.05828333333324,985,916,128
ALLY X run.txt,277.14459999999997,984,916,128
ALLY X run.txt,277.2310833333333,984,916,128
ALLY X run.txt,277.40766666666667,980,916,128
ALLY X run.txt,277.49325000000016,979,916,128
ALLY X run.txt,277.5791000000001,981,916,128
ALLY X run.txt,277.6657000000001,980,916,128
ALLY X run.txt,277.75201666666675,976,916,128
ALLY X run.txt,277.8412666666667,981,916,128
ALLY X run.txt,277.92820000000006,987,916,128
ALLY X run.txt,278.0136499999999,981,916,128
ALLY X run.txt,278.0998166666666,984,916,128
ALLY X run.txt,278.1860333333334,985,916,128
ALLY X run.txt,278.27211666666665,981,916,128
ALLY X run.txt,278.35875000000004,982,916,128
ALLY X run.txt,278.53026666666665,986,916,128
ALLY X run.txt,278.6167,980,916,128
ALLY X run.txt,278.70304999999996,984,916,128
ALLY X run.txt,278.96219999999994,981,916,128
ALLY X run.txt,279.1345333333335,983,916,128
ALLY X run.txt,279.2199333333334,980,916,128
ALLY X run.txt,279.39233333333334,979,916,128
ALLY X run.txt,279.47873333333325,978,916,128
ALLY X run.txt,279.56478333333325,982,916,128
ALLY X run.txt,279.6504833333334,977,916,128
ALLY X run.txt,279.73616666666675,982,916,128
ALLY X run.txt,279.8220833333334,985,916,128
ALLY X run.txt,279.90973333333324,987,916,128
ALLY X run.txt,279.99603333333323,973,916,128
ALLY X run.txt,280.08255,974,916,128
ALLY X run.txt,280.16983333333326,975,916,128
ALLY X run.txt,280.4300666666666,974,916,128
ALLY X run.txt,280.51553333333345,973,916,128
ALLY X run.txt,280.6023833333334,972,916,128
ALLY X run.txt,280.68943333333334,971,916,128
ALLY X run.txt,280.77635,972,916,128
ALLY X run.txt,281.03611666666654,971,916,128
ALLY X run.txt,281.12235000000015,972,916,128
ALLY X run.txt,281.2102166666667,973,916,128
ALLY X run.txt,281.29675000000003,974,916,128
ALLY X run.txt,281.38354999999996,975,916,128
ALLY X run.txt,281.4703,969,916,128
ALLY X run.txt,281.5570333333333,969,916,128
ALLY X run.txt,281.64280000000014,968,916,128
ALLY X run.txt,281.7295333333334,966,916,128
ALLY X run.txt,281.81579999999997,969,916,128
ALLY X run.txt,281.9029000000001,953,910,128
ALLY X run.txt,281.9891166666667,954,910,128
ALLY X run.txt,282.0759666666666,955,910,128
ALLY X run.txt,282.1629,962,910,128
ALLY X run.txt,282.2498666666668,966,916,128
ALLY X run.txt,282.42518333333345,966,916,128
ALLY X run.txt,282.5159000000001,971,916,128
ALLY X run.txt,282.60209999999995,967,916,128
ALLY X run.txt,282.77558333333326,969,916,128
ALLY X run.txt,282.9490666666666,967,916,128
ALLY X run.txt,283.0356166666666,968,916,128
ALLY X run.txt,283.1218166666667,967,916,128
ALLY X run.txt,283.20893333333333,971,916,128
ALLY X run.txt,283.2961333333334,967,916,128
ALLY X run.txt,283.3834000000001,964,912,128
ALLY X run.txt,283.47023333333334,965,912,128
ALLY X run.txt,283.55646666666667,962,912,128
ALLY X run.txt,283.6433666666668,963,912,128
ALLY X run.txt,283.7299999999999,962,912,128
ALLY X run.txt,283.81671666666676,965,912,128
ALLY X run.txt,283.9023833333334,964,912,128
ALLY X run.txt,283.98855000000003,970,912,128
ALLY X run.txt,284.0748333333333,968,912,128
ALLY X run.txt,284.16176666666667,965,912,128
ALLY X run.txt,284.3350499999999,963,912,128
ALLY X run.txt,284.4216500000001,960,912,128
ALLY X run.txt,284.5077000000001,967,912,128
ALLY X run.txt,284.5945833333333,966,912,128
ALLY X run.txt,284.7701666666666,967,912,128
ALLY X run.txt,285.02921666666674,967,912,128
ALLY X run.txt,285.1199833333333,966,912,128
ALLY X run.txt,285.20626666666664,965,912,128
ALLY X run.txt,285.2932500000001,967,912,128
ALLY X run.txt,285.37848333333324,964,912,128
ALLY X run.txt,285.46518333333336,960,912,128
ALLY X run.txt,285.55206666666675,965,912,128
ALLY X run.txt,285.63881666666674,961,912,128
ALLY X run.txt,285.7248000000001,957,912,128
ALLY X run.txt,285.8107333333335,958,912,128
ALLY X run.txt,285.8964166666666,962,912,128
ALLY X run.txt,285.9834666666666,964,912,128
ALLY X run.txt,286.1570000000001,969,912,128
ALLY X run.txt,286.24550000000005,973,916,128
ALLY X run.txt,286.33201666666656,972,916,128
ALLY X run.txt,286.41843333333344,975,916,128
ALLY X run.txt,286.5911666666668,971,916,128
ALLY X run.txt,286.6772000000001,970,916,128
ALLY X run.txt,286.76323333333335,967,916,128
ALLY X run.txt,286.84993333333347,970,916,128
ALLY X run.txt,286.9357499999999,962,913,128
ALLY X run.txt,287.0222666666667,964,910,128
ALLY X run.txt,287.1089833333333,963,910,128
ALLY X run.txt,287.1954666666666,960,910,128
ALLY X run.txt,287.28146666666663,974,910,128
ALLY X run.txt,287.36794999999995,967,910,128
ALLY X run.txt,287.4543500000001,970,910,128
ALLY X run.txt,287.5408333333334,967,910,128
ALLY X run.txt,287.62743333333333,967,910,128
ALLY X run.txt,287.71721666666673,968,910,128
ALLY X run.txt,287.8036333333333,966,910,128
ALLY X run.txt,287.8898833333334,969,910,128
ALLY X run.txt,287.9763999999999,970,910,128
ALLY X run.txt,288.14953333333335,971,910,128
ALLY X run.txt,288.32256666666666,970,910,128
ALLY X run.txt,288.4962166666668,969,910,128
ALLY X run.txt,288.9291833333333,973,910,128
ALLY X run.txt,289.0159833333333,972,910,128
ALLY X run.txt,289.1027833333332,971,910,128
ALLY X run.txt,289.27616666666665,969,910,128
ALLY X run.txt,289.3663500000001,968,910,128
ALLY X run.txt,289.4578833333334,967,910,128
ALLY X run.txt,289.5446333333335,966,910,128
ALLY X run.txt,289.6313166666668,963,910,128
ALLY X run.txt,289.7180333333334,962,910,128
ALLY X run.txt,289.8048000000001,966,910,128
ALLY X run.txt,289.9774500000001,970,910,128
ALLY X run.txt,290.06314999999995,976,910,128
ALLY X run.txt,290.2360333333334,969,910,128
ALLY X run.txt,290.3258833333335,964,910,128
ALLY X run.txt,290.4114,971,910,128
ALLY X run.txt,290.4980499999999,967,910,128
ALLY X run.txt,290.67116666666664,971,910,128
ALLY X run.txt,290.7579666666666,967,910,128
ALLY X run.txt,290.8452166666666,969,910,128
ALLY X run.txt,291.01865,970,910,128
ALLY X run.txt,291.1061666666667,968,910,128
ALLY X run.txt,291.2815833333333,966,910,128
ALLY X run.txt,291.36853333333335,964,910,128
ALLY X run.txt,291.4555333333334,967,910,128
ALLY X run.txt,291.5425333333334,971,910,128
ALLY X run.txt,291.62915000000004,970,910,128
ALLY X run.txt,291.71613333333335,966,910,128
ALLY X run.txt,291.80295000000007,967,910,128
ALLY X run.txt,291.88965000000013,968,910,128
ALLY X run.txt,291.97555000000006,974,910,128
ALLY X run.txt,292.0618166666666,968,910,128
ALLY X run.txt,292.23375000000004,963,910,128
ALLY X run.txt,292.3204833333333,968,910,128
ALLY X run.txt,292.4070833333333,971,910,128
ALLY X run.txt,292.4940666666668,969,910,128
ALLY X run.txt,292.5809499999999,972,910,128
ALLY X run.txt,292.6672833333334,959,910,128
ALLY X run.txt,292.75378333333344,964,910,128
ALLY X run.txt,292.84026666666676,970,910,128
ALLY X run.txt,292.9304,965,910,128
ALLY X run.txt,293.1886666666667,967,910,128
ALLY X run.txt,293.2749833333334,965,910,128
ALLY X run.txt,293.36200000000014,964,906,128
ALLY X run.txt,293.4487166666667,966,906,128
ALLY X run.txt,293.5353666666666,963,906,128
ALLY X run.txt,293.6212166666668,962,906,128
ALLY X run.txt,293.70756666666676,963,906,128
ALLY X run.txt,293.79403333333335,971,906,128
ALLY X run.txt,293.88041666666675,970,906,128
ALLY X run.txt,293.96693333333326,969,906,128
ALLY X run.txt,294.053,973,906,128
ALLY X run.txt,294.13953333333325,968,906,128
ALLY X run.txt,294.3116666666667,970,906,128
ALLY X run.txt,294.39831666666663,969,906,128
ALLY X run.txt,294.48416666666657,970,906,128
ALLY X run.txt,294.5707333333333,974,906,128
ALLY X run.txt,294.6574166666667,965,906,128
ALLY X run.txt,294.74403333333333,974,906,128
ALLY X run.txt,294.8306999999999,972,906,128
ALLY X run.txt,294.91690000000006,969,906,128
ALLY X run.txt,295.00354999999996,968,906,128
ALLY X run.txt,295.09029999999996,966,906,128
ALLY X run.txt,295.2641833333334,965,906,128
ALLY X run.txt,295.4375833333333,966,906,128
ALLY X run.txt,295.5288666666666,964,906,128
ALLY X run.txt,295.6149500000001,966,906,128
ALLY X run.txt,295.70156666666674,970,906,128
ALLY X run.txt,295.78855000000004,969,906,128
ALLY X run.txt,296.2214333333333,967,906,128
ALLY X run.txt,296.3099000000001,974,906,128
ALLY X run.txt,296.40254999999996,973,906,128
ALLY X run.txt,296.48923333333335,970,906,128
ALLY X run.txt,296.57589999999993,968,906,128
ALLY X run.txt,296.66186666666675,971,906,128
ALLY X run.txt,296.7480166666667,973,906,128
ALLY X run.txt,296.92041666666665,969,906,128
ALLY X run.txt,297.0069833333334,973,906,128
ALLY X run.txt,297.09363333333323,972,906,128
ALLY X run.txt,297.18061666666677,971,906,128
ALLY X run.txt,297.2667833333334,973,906,128
ALLY X run.txt,297.35329999999993,965,906,128
ALLY X run.txt,297.43981666666673,962,906,128
ALLY X run.txt,297.6127833333333,972,906,128
ALLY X run.txt,297.78580000000017,971,906,128
ALLY X run.txt,297.8720833333334,972,906,128
ALLY X run.txt,298.04458333333326,972,906,128
ALLY X run.txt,298.2206333333334,975,906,128
ALLY X run.txt,298.39255000000014,979,916,128
ALLY X run.txt,298.4788666666666,980,916,128
ALLY X run.txt,298.56570000000005,976,916,128
ALLY X run.txt,298.6523833333334,981,916,128
ALLY X run.txt,298.91158333333334,983,916,128
ALLY X run.txt,298.9981000000001,984,916,128
ALLY X run.txt,299.084,978,916,128
ALLY X run.txt,299.1707666666668,983,916,128
ALLY X run.txt,299.2573166666668,984,916,128
ALLY X run.txt,299.34385000000003,980,916,128
ALLY X run.txt,299.6024833333333,979,916,128
ALLY X run.txt,299.6886166666667,981,916,128
ALLY X run.txt,299.77521666666667,979,916,128
ALLY X run.txt,299.86115,980,916,128
ALLY X run.txt,300.0345,978,916,128
ALLY X run.txt,300.12111666666664,962,913,128
ALLY X run.txt,300.20743333333337,981,916,128
ALLY X run.txt,300.2941833333334,977,916,128
ALLY X run.txt,300.3808166666666,974,916,128
ALLY X run.txt,300.5541166666666,973,916,128
ALLY X run.txt,300.64061666666663,973,916,128
ALLY X run.txt,300.73048333333344,977,916,128
ALLY X run.txt,300.81698333333344,972,916,128
ALLY X run.txt,301.00240000000014,974,916,128
ALLY X run.txt,301.0886499999999,976,916,128
ALLY X run.txt,301.3514333333334,970,916,128
ALLY X run.txt,301.43768333333344,979,916,128
ALLY X run.txt,301.52475000000015,976,916,128
ALLY X run.txt,301.60983333333337,955,900,128
ALLY X run.txt,301.69485,959,900,128
ALLY X run.txt,301.86625,951,880,128
ALLY X run.txt,301.9531500000001,948,880,128
ALLY X run.txt,302.3868833333333,949,880,128
ALLY X run.txt,302.47365,954,880,128
ALLY X run.txt,302.5602,953,880,128
ALLY X run.txt,302.6469166666666,952,880,128
ALLY X run.txt,302.8203666666667,951,880,128
ALLY X run.txt,302.9060500000001,946,880,128
ALLY X run.txt,302.9930666666666,950,880,128
ALLY X run.txt,303.0797833333334,952,880,128
ALLY X run.txt,303.1662833333334,951,880,128
ALLY X run.txt,303.25341666666657,950,880,128
ALLY X run.txt,303.3444166666667,951,880,128
ALLY X run.txt,303.4307166666667,954,880,128
ALLY X run.txt,303.5174833333334,956,880,128
ALLY X run.txt,303.6906500000001,955,880,128
ALLY X run.txt,303.7765166666668,954,880,128
ALLY X run.txt,303.86339999999996,957,880,128
ALLY X run.txt,304.1239,957,880,128
ALLY X run.txt,304.29733333333337,955,880,128
ALLY X run.txt,304.38418333333334,948,880,128
ALLY X run.txt,304.4709833333333,945,880,128
ALLY X run.txt,304.55825000000004,948,880,128
ALLY X run.txt,304.73128333333335,947,880,128
ALLY X run.txt,304.8185500000001,949,880,128
ALLY X run.txt,304.99186666666657,951,880,128
ALLY X run.txt,305.25255,945,880,128
ALLY X run.txt,305.3401666666666,948,880,128
ALLY X run.txt,305.85908333333344,948,880,128
ALLY X run.txt,305.94960000000003,947,880,128
ALLY X run.txt,306.03633333333335,946,880,128
ALLY X run.txt,306.20998333333324,950,880,128
ALLY X run.txt,306.4713,951,880,128
ALLY X run.txt,306.55821666666657,949,880,128
ALLY X run.txt,306.73245000000014,949,880,128
ALLY X run.txt,307.25298333333325,952,880,128
ALLY X run.txt,307.3395166666668,953,880,128
ALLY X run.txt,307.4262166666666,952,880,128
ALLY X run.txt,307.5128333333333,950,880,128
ALLY X run.txt,307.59928333333335,953,880,128
ALLY X run.txt,307.68641666666673,952,880,128
ALLY X run.txt,307.7725499999999,957,880,128
ALLY X run.txt,307.8590166666667,955,880,128
ALLY X run.txt,307.94531666666677,956,880,128
ALLY X run.txt,308.03181666666677,954,880,128
ALLY X run.txt,308.11836666666676,957,880,128
ALLY X run.txt,308.2048166666666,958,880,128
ALLY X run.txt,308.29054999999994,952,880,128
ALLY X run.txt,308.3768666666667,955,880,128
ALLY X run.txt,308.4639333333334,956,880,128
ALLY X run.txt,308.55524999999994,952,880,128
ALLY X run.txt,308.64238333333327,956,880,128
ALLY X run.txt,308.81606666666664,954,880,128
ALLY X run.txt,308.90263333333337,956,880,128
ALLY X run.txt,309.0772166666666,954,880,128
ALLY X run.txt,309.1644166666666,957,880,128
ALLY X run.txt,309.2509333333334,956,880,128
ALLY X run.txt,309.33686666666677,956,880,128
ALLY X run.txt,309.5102666666667,953,880,128
ALLY X run.txt,309.597,952,880,128
ALLY X run.txt,309.68308333333346,951,880,128
ALLY X run.txt,309.85653333333335,954,880,128
ALLY X run.txt,309.9433166666666,952,880,128
ALLY X run.txt,310.20266666666663,951,880,128
ALLY X run.txt,310.28934999999996,954,880,128
ALLY X run.txt,310.37605,952,880,128
ALLY X run.txt,310.6357833333334,951,880,128
ALLY X run.txt,310.72299999999996,952,880,128
ALLY X run.txt,310.80960000000016,951,880,128
ALLY X run.txt,310.8957166666666,947,880,128
ALLY X run.txt,310.98253333333327,948,880,128
ALLY X run.txt,311.0688166666668,949,880,128
ALLY X run.txt,311.4197833333333,947,880,128
ALLY X run.txt,311.5057666666666,950,880,128
ALLY X run.txt,311.5919999999999,948,880,128
ALLY X run.txt,311.76458333333346,942,880,128
ALLY X run.txt,311.85166666666663,945,880,128
ALLY X run.txt,311.9383333333333,947,880,128
ALLY X run.txt,312.02433333333335,943,880,128
ALLY X run.txt,312.1103666666666,949,880,128
ALLY X run.txt,312.1968666666666,948,880,128
ALLY X run.txt,312.37038333333345,955,880,128
ALLY X run.txt,312.54353333333336,954,880,128
ALLY X run.txt,312.71766666666673,956,880,128
ALLY X run.txt,312.8049333333332,956,880,128
ALLY X run.txt,312.8922333333334,947,880,128
ALLY X run.txt,313.15259999999995,948,880,128
ALLY X run.txt,313.2394166666666,953,880,128
ALLY X run.txt,313.3266499999999,952,880,128
ALLY X run.txt,313.5011166666667,956,880,128
ALLY X run.txt,313.5883166666668,954,880,128
ALLY X run.txt,313.6749,954,880,128
ALLY X run.txt,313.7648833333334,955,880,128
ALLY X run.txt,313.8519500000001,958,880,128
ALLY X run.txt,313.9396333333334,954,880,128
ALLY X run.txt,314.1127333333334,959,880,128
ALLY X run.txt,314.19968333333344,956,880,128
ALLY X run.txt,314.3731166666666,959,880,128
ALLY X run.txt,314.5474333333333,957,880,128
ALLY X run.txt,314.7219166666666,956,880,128
ALLY X run.txt,314.80843333333337,954,880,128
ALLY X run.txt,314.8955333333333,956,880,128
ALLY X run.txt,315.06983333333324,953,880,128
ALLY X run.txt,315.2436833333334,951,880,128
ALLY X run.txt,315.3302166666667,952,880,128
ALLY X run.txt,315.41740000000004,950,880,128
ALLY X run.txt,315.5050500000001,951,880,128
ALLY X run.txt,315.59110000000015,952,880,128
ALLY X run.txt,315.67773333333326,953,880,128
ALLY X run.txt,315.9377666666666,954,880,128
ALLY X run.txt,316.02561666666674,953,880,128
ALLY X run.txt,316.1987499999999,954,880,128
ALLY X run.txt,316.2864,954,880,128
ALLY X run.txt,316.46383333333324,958,880,128
ALLY X run.txt,316.6380000000001,956,880,128
ALLY X run.txt,316.7252833333333,953,880,128
ALLY X run.txt,316.98546666666675,951,880,128
ALLY X run.txt,317.07498333333336,953,880,128
ALLY X run.txt,317.1614,951,880,128
ALLY X run.txt,317.24826666666667,953,880,128
ALLY X run.txt,317.3353666666666,952,880,128
ALLY X run.txt,317.5082833333333,951,880,128
ALLY X run.txt,317.59608333333347,954,880,128
ALLY X run.txt,317.85603333333336,955,880,128
ALLY X run.txt,317.9425166666667,954,880,128
ALLY X run.txt,318.02971666666673,955,880,128
ALLY X run.txt,318.11741666666677,953,880,128
ALLY X run.txt,318.37743333333333,959,880,128
ALLY X run.txt,318.4638666666667,957,880,128
ALLY X run.txt,318.55113333333344,958,880,128
ALLY X run.txt,318.8984666666667,957,880,128
ALLY X run.txt,319.0744166666667,955,880,128
ALLY X run.txt,319.3376666666667,952,880,128
ALLY X run.txt,319.42535000000004,956,880,128
ALLY X run.txt,319.6848333333334,955,880,128
ALLY X run.txt,319.77068333333335,964,880,128
ALLY X run.txt,320.11723333333344,965,880,128
ALLY X run.txt,320.29110000000014,964,880,128
ALLY X run.txt,320.4643833333334,965,880,128
ALLY X run.txt,320.6367166666667,967,880,128
ALLY X run.txt,321.0700666666668,964,880,128
ALLY X run.txt,321.5039833333332,964,880,128
ALLY X run.txt,321.59364999999997,967,880,128
ALLY X run.txt,322.1128333333333,962,880,128
ALLY X run.txt,322.3719833333333,964,880,128
ALLY X run.txt,322.459,966,880,128
ALLY X run.txt,322.54654999999997,963,880,128
ALLY X run.txt,322.7183333333333,959,880,128
ALLY X run.txt,322.89179999999993,960,880,128
ALLY X run.txt,322.9787833333334,961,880,128
ALLY X run.txt,323.06653333333344,962,880,128
ALLY X run.txt,323.2394500000001,962,880,128
ALLY X run.txt,323.32703333333325,964,880,128
ALLY X run.txt,323.41350000000006,963,880,128
ALLY X run.txt,323.50039999999996,964,880,128
ALLY X run.txt,323.5874333333334,966,880,128
ALLY X run.txt,323.75995,964,880,128
ALLY X run.txt,323.84770000000003,963,880,128
ALLY X run.txt,324.1073999999999,963,880,128
ALLY X run.txt,324.1968499999999,961,880,128
ALLY X run.txt,324.28390000000013,964,880,128
ALLY X run.txt,324.37145000000004,965,880,128
ALLY X run.txt,324.458,967,880,128
ALLY X run.txt,324.5449666666666,968,880,128
ALLY X run.txt,324.6326499999999,964,880,128
ALLY X run.txt,324.8051333333333,963,880,128
ALLY X run.txt,324.8947500000001,962,880,128
ALLY X run.txt,324.9816666666667,966,880,128
ALLY X run.txt,325.5316999999999,955,880,128
ALLY X run.txt,325.6198999999999,959,880,128
ALLY X run.txt,325.7083,960,880,128
ALLY X run.txt,325.88626666666664,961,880,128
ALLY X run.txt,325.9754,963,880,128
ALLY X run.txt,326.1519833333333,965,880,128
ALLY X run.txt,326.3289333333333,924,848,128
ALLY X run.txt,326.50663333333347,923,848,128
ALLY X run.txt,326.59418333333343,920,848,128
ALLY X run.txt,326.68213333333347,925,848,128
ALLY X run.txt,326.948,924,848,128
ALLY X run.txt,327.1227833333334,920,848,128
ALLY X run.txt,327.20998333333324,921,848,128
ALLY X run.txt,327.4750833333333,922,848,128
ALLY X run.txt,327.6499833333334,921,848,128
ALLY X run.txt,328.08445000000006,921,848,128
ALLY X run.txt,328.1724333333333,923,848,128
ALLY X run.txt,328.3465666666667,924,848,128
ALLY X run.txt,328.43460000000016,925,848,128
ALLY X run.txt,328.52143333333333,927,848,128
ALLY X run.txt,328.60833333333346,926,848,128
ALLY X run.txt,328.6967000000001,927,848,128
ALLY X run.txt,328.78351666666674,925,848,128
ALLY X run.txt,328.9576166666667,924,848,128
ALLY X run.txt,329.13044999999994,922,848,128
ALLY X run.txt,329.21844999999996,918,848,128
ALLY X run.txt,329.39216666666675,922,848,128
ALLY X run.txt,329.56698333333344,923,848,128
ALLY X run.txt,329.8282666666667,922,848,128
ALLY X run.txt,329.9189666666667,921,848,128
ALLY X run.txt,330.2672,922,848,128
ALLY X run.txt,330.44045000000006,920,848,128
ALLY X run.txt,330.6151666666666,918,848,128
ALLY X run.txt,330.7024333333333,918,848,128
ALLY X run.txt,330.8767000000001,919,848,128
ALLY X run.txt,330.96350000000007,922,848,128
ALLY X run.txt,331.39770000000004,920,848,128
ALLY X run.txt,331.57469999999995,919,848,128
ALLY X run.txt,331.6603500000001,917,848,128
ALLY X run.txt,331.83201666666656,912,848,128
ALLY X run.txt,331.9185000000001,909,832,128
ALLY X run.txt,332.1804999999999,906,832,128
ALLY X run.txt,332.2685666666666,905,832,128
ALLY X run.txt,332.35493333333324,909,832,128
ALLY X run.txt,332.44070000000005,909,832,128
ALLY X run.txt,332.5293666666666,902,832,128
ALLY X run.txt,332.61711666666656,915,832,128
Untooled baseline.txt,0.0,3899,2044,0
Untooled baseline.txt,0.03354999999998351,3678,2044,0
Untooled baseline.txt,0.06709999999996702,3345,2044,0
Untooled baseline.txt,0.10073333333324021,2729,2044,0
Untooled baseline.txt,0.1344333333333149,2676,2044,0
Untooled baseline.txt,0.1679333333332276,2710,2044,0
Untooled baseline.txt,0.20143333333326155,2711,2044,0
Untooled baseline.txt,0.23494999999990493,2653,2044,0
Untooled baseline.txt,0.268483333333279,2628,2044,0
Untooled baseline.txt,0.3019999999999224,2616,2044,0
Untooled baseline.txt,0.3355333333332965,2597,2044,0
Untooled baseline.txt,0.36906666666667054,2589,2044,0
Untooled baseline.txt,0.40256666666658325,2580,2044,0
Untooled baseline.txt,0.4360999999999573,2580,2044,0
Untooled baseline.txt,0.4696333333333314,2570,2044,0
Untooled baseline.txt,0.5031499999999748,2571,2044,0
Untooled baseline.txt,0.5366666666666181,2563,2044,0
Untooled baseline.txt,0.5702166666666016,2529,2044,0
Untooled baseline.txt,0.6037166666666356,2529,2044,0
Untooled baseline.txt,0.6372166666666695,2529,2044,0
Untooled baseline.txt,0.6707666666666531,2529,2044,0
Untooled baseline.txt,0.7042833333332965,2529,2044,0
Untooled baseline.txt,0.7378333333332799,2529,2044,0
Untooled baseline.txt,0.7713333333333139,2529,2044,0
Untooled baseline.txt,0.8048833333332974,2529,2044,0
Untooled baseline.txt,0.838433333333281,2529,2044,0
Untooled baseline.txt,0.8719499999999243,2529,2044,0
Untooled baseline.txt,0.9055166666666385,2493,2044,0
Untooled baseline.txt,0.9390499999998914,2506,2044,0
Untooled baseline.txt,0.9726166666666055,2492,2044,0
Untooled baseline.txt,1.0061666666665892,2461,2044,0
Untooled baseline.txt,1.0397333333333032,2415,2044,0
Untooled baseline.txt,1.0732833333332867,2398,2044,0
Untooled baseline.txt,1.106850000000001,2380,2044,0
Untooled baseline.txt,1.1404166666665938,2363,2044,0
Untooled baseline.txt,1.1739666666665773,2338,2044,0
Untooled baseline.txt,1.207549999999901,2330,2044,0
Untooled baseline.txt,1.2411166666666154,2304,2044,0
Untooled baseline.txt,1.2746999999999389,2224,2044,0
Untooled baseline.txt,1.3082833333332624,2128,1996,0
Untooled baseline.txt,1.3418666666665862,2047,1916,0
Untooled baseline.txt,1.37548333333325,1914,1788,0
Untooled baseline.txt,1.4090833333333042,1790,1677,0
Untooled baseline.txt,1.4427166666665774,1719,1614,0
Untooled baseline.txt,1.4763666666665813,1720,1614,0
Untooled baseline.txt,1.5099999999999758,1720,1614,0
Untooled baseline.txt,1.5436499999999795,1712,1614,0
Untooled baseline.txt,1.5772833333332528,1703,1614,0
Untooled baseline.txt,1.6109499999999874,1694,1614,0
Untooled baseline.txt,1.6445666666666512,1685,1606,0
Untooled baseline.txt,1.6782333333332644,1685,1606,0
Untooled baseline.txt,1.7118833333332684,1675,1598,0
Untooled baseline.txt,1.745499999999932,1676,1598,0
Untooled baseline.txt,1.7791666666666666,1675,1598,0
Untooled baseline.txt,1.8127999999999398,1666,1590,0
Untooled baseline.txt,1.8464333333333343,1665,1590,0
Untooled baseline.txt,1.8800833333333382,1664,1590,0
Untooled baseline.txt,1.9137166666666114,1663,1590,0
Untooled baseline.txt,1.947350000000006,1661,1590,0
Untooled baseline.txt,1.9810166666666191,1636,1566,0
Untooled baseline.txt,2.014666666666623,1630,1566,0
Untooled baseline.txt,2.048316666666627,1614,1562,0
Untooled baseline.txt,2.0819833333332403,1601,1554,0
Untooled baseline.txt,2.115633333333244,1599,1554,0
Untooled baseline.txt,2.1492999999999784,1591,1552,0
Untooled baseline.txt,2.182933333333252,1563,1519,0
Untooled baseline.txt,2.216616666666596,1562,1517,0
Untooled baseline.txt,2.25024999999999,1546,1501,0
Untooled baseline.txt,2.2838833333332635,1546,1501,0
Untooled baseline.txt,2.317549999999998,1546,1501,0
Untooled baseline.txt,2.3512000000000017,1547,1501,0
Untooled baseline.txt,2.384883333333225,1547,1501,0
Untooled baseline.txt,2.4185499999999593,1547,1501,0
Untooled baseline.txt,2.452199999999963,1547,1501,0
Untooled baseline.txt,2.485849999999967,1547,1501,0
Untooled baseline.txt,2.519499999999971,1547,1501,0
Untooled baseline.txt,2.553166666666584,1547,1501,0
Untooled baseline.txt,2.5867999999999784,1547,1501,0
Untooled baseline.txt,2.620483333333323,1547,1501,0
Untooled baseline.txt,2.6540999999999864,1539,1493,0
Untooled baseline.txt,2.6877666666665996,1538,1493,0
Untooled baseline.txt,2.7214333333333345,1538,1493,0
Untooled baseline.txt,2.7550999999999477,1538,1493,0
Untooled baseline.txt,2.788766666666561,1496,1454,0
Untooled baseline.txt,2.8224333333332954,1462,1413,0
Untooled baseline.txt,2.8560999999999086,1460,1413,0
Untooled baseline.txt,2.8897666666666435,1459,1413,0
Untooled baseline.txt,2.9234499999999874,1459,1413,0
Untooled baseline.txt,2.9571333333333314,1459,1413,0
Untooled baseline.txt,2.9907999999999446,1459,1413,0
Untooled baseline.txt,3.0245166666666288,1459,1413,0
Untooled baseline.txt,3.0581999999999727,1459,1413,0
Untooled baseline.txt,3.0918833333333167,1459,1413,0
Untooled baseline.txt,3.1255499999999303,1459,1413,0
Untooled baseline.txt,3.1592333333332743,1459,1413,0
Untooled baseline.txt,3.1929333333332277,1459,1413,0
Untooled baseline.txt,3.226599999999962,1459,1413,0
Untooled baseline.txt,3.2602666666665754,1459,1413,0
Untooled baseline.txt,3.29396666666665,1459,1413,0
Untooled baseline.txt,3.327649999999994,1451,1413,0
Untooled baseline.txt,3.361366666666557,1451,1413,0
Untooled baseline.txt,3.395033333333292,1451,1413,0
Untooled baseline.txt,3.4287166666666358,1451,1413,0
Untooled baseline.txt,3.462416666666589,1451,1413,0
Untooled baseline.txt,3.4961333333332734,1451,1413,0
Untooled baseline.txt,3.5298166666666173,1451,1413,0
Untooled baseline.txt,3.5634833333332305,1229,1190,0
Untooled baseline.txt,3.5972166666666454,1187,1146,0
Untooled baseline.txt,3.6308833333332586,1187,1146,0
Untooled baseline.txt,3.6645666666666026,1187,1146,0
Untooled baseline.txt,3.6982666666666772,1187,1146,0
Untooled baseline.txt,3.7319499999999,1187,1146,0
Untooled baseline.txt,3.765633333333244,1187,1146,0
Untooled baseline.txt,3.7993333333333186,1187,1146,0
Untooled baseline.txt,3.833033333333272,1187,1146,0
Untooled baseline.txt,3.8667333333332254,1213,1132,0
Untooled baseline.txt,3.90041666666657,1210,1132,0
Untooled baseline.txt,3.9340833333333043,1210,1132,0
Untooled baseline.txt,3.9677499999999175,1210,1132,0
Untooled baseline.txt,4.001433333333262,1210,1132,0
Untooled baseline.txt,4.035116666666606,1210,1132,0
Untooled baseline.txt,4.06878333333334,1210,1132,0
Untooled baseline.txt,4.102466666666563,1208,1132,0
Untooled baseline.txt,4.136133333333297,1208,1132,0
Untooled baseline.txt,4.169816666666642,1208,1132,0
Untooled baseline.txt,4.203499999999986,1208,1132,0
Untooled baseline.txt,4.23718333333333,1208,1132,0
Untooled baseline.txt,4.270866666666674,1208,1132,0
Untooled baseline.txt,4.304566666666627,1208,1132,0
Untooled baseline.txt,4.33823333333324,1208,1132,0
Untooled baseline.txt,4.371916666666584,1208,1132,0
Untooled baseline.txt,4.405599999999928,1208,1132,0
Untooled baseline.txt,4.439266666666663,1209,1132,0
Untooled baseline.txt,4.472950000000007,1209,1132,0
Untooled baseline.txt,4.506633333333229,1206,1132,0
Untooled baseline.txt,4.5403333333333045,1207,1132,0
Untooled baseline.txt,4.573999999999917,1183,1089,0
Untooled baseline.txt,4.607699999999992,1183,1089,0
Untooled baseline.txt,4.641366666666605,1182,1089,0
Untooled baseline.txt,4.675066666666559,1181,1089,0
Untooled baseline.txt,4.708766666666634,1181,1089,0
Untooled baseline.txt,4.742449999999978,1181,1089,0
Untooled baseline.txt,4.776149999999931,1181,1089,0
Untooled baseline.txt,4.809799999999935,1181,1089,0
Untooled baseline.txt,4.843483333333279,1176,1089,0
Untooled baseline.txt,4.877183333333233,1174,1089,0
Untooled baseline.txt,4.910883333333307,1174,1089,0
Untooled baseline.txt,4.944616666666601,1174,1089,0
Untooled baseline.txt,4.978349999999894,1174,1089,0
Untooled baseline.txt,5.012016666666629,1174,1089,0
Untooled baseline.txt,5.095716666666582,1173,1089,0
Untooled baseline.txt,5.1794499999999974,1173,1089,0
Untooled baseline.txt,5.263133333333341,1174,1089,0
Untooled baseline.txt,5.346799999999955,1171,1089,0
Untooled baseline.txt,5.430499999999908,1171,1089,0
Untooled baseline.txt,5.514199999999983,1172,1089,0
Untooled baseline.txt,5.597883333333327,1165,1089,0
Untooled baseline.txt,5.68158333333328,1174,1089,0
Untooled baseline.txt,5.765283333333233,1174,1089,0
Untooled baseline.txt,5.848999999999918,1172,1089,0
Untooled baseline.txt,5.932683333333261,1167,1089,0
Untooled baseline.txt,6.016566666666646,1173,1089,0
Untooled baseline.txt,6.10024999999999,1173,1089,0
Untooled baseline.txt,6.183933333333334,1174,1089,0
Untooled baseline.txt,6.267633333333288,1174,1089,0
Untooled baseline.txt,6.351299999999901,1179,1089,0
Untooled baseline.txt,6.434999999999976,1166,1089,0
Untooled baseline.txt,6.518699999999929,1147,1089,0
Untooled baseline.txt,6.6023833333332735,1137,1081,0
Untooled baseline.txt,6.686116666666567,1147,1089,0
Untooled baseline.txt,6.76979999999991,1138,1080,0
Untooled baseline.txt,6.853499999999985,1145,1080,0
Untooled baseline.txt,6.93721666666667,1145,1080,0
Untooled baseline.txt,7.020933333333232,1143,1080,0
Untooled baseline.txt,7.104633333333307,1142,1080,0
Untooled baseline.txt,7.188349999999991,1143,1080,0
Untooled baseline.txt,7.272066666666675,1127,1064,0
Untooled baseline.txt,7.355749999999898,1127,1064,0
Untooled baseline.txt,7.439449999999973,1127,1064,0
Untooled baseline.txt,7.523166666666657,1128,1064,0
Untooled baseline.txt,7.606883333333341,1128,1064,0
Untooled baseline.txt,7.690599999999904,1120,1064,0
Untooled baseline.txt,7.774299999999979,1126,1064,0
Untooled baseline.txt,7.857983333333323,1126,1064,0
Untooled baseline.txt,7.941700000000007,1121,1064,0
Untooled baseline.txt,8.02539999999996,1126,1064,0
Untooled baseline.txt,8.109083333333304,1126,1064,0
Untooled baseline.txt,8.192783333333258,1126,1064,0
Untooled baseline.txt,8.276466666666602,1126,1064,0
Untooled baseline.txt,8.360183333333286,1126,1064,0
Untooled baseline.txt,8.44388333333324,1132,1064,0
Untooled baseline.txt,8.527583333333315,1126,1064,0
Untooled baseline.txt,8.611299999999998,1132,1064,0
Untooled baseline.txt,8.695016666666561,1132,1064,0
Untooled baseline.txt,8.778716666666636,1130,1064,0
Untooled baseline.txt,8.86243333333332,1123,1064,0
Untooled baseline.txt,8.946150000000005,1121,1064,0
Untooled baseline.txt,9.029849999999957,1120,1064,0
Untooled baseline.txt,9.1135333333333,1123,1064,0
Untooled baseline.txt,9.197266666666595,1124,1064,0
Untooled baseline.txt,9.28096666666667,1125,1064,0
Untooled baseline.txt,9.364683333333232,1125,1064,0
Untooled baseline.txt,9.448366666666576,1125,1064,0
Untooled baseline.txt,9.53208333333326,1125,1064,0
Untooled baseline.txt,9.615783333333335,1124,1064,0
Untooled baseline.txt,9.699483333333289,1124,1064,0
Untooled baseline.txt,9.783183333333243,1123,1064,0
Untooled baseline.txt,9.866916666666658,1130,1064,0
Untooled baseline.txt,9.950600000000001,1129,1064,0
Untooled baseline.txt,10.034316666666564,1128,1064,0
Untooled baseline.txt,10.117999999999908,1130,1064,0
Untooled baseline.txt,10.201699999999983,1123,1064,0
Untooled baseline.txt,10.285383333333327,1123,1064,0
Untooled baseline.txt,10.36911666666662,1118,1047,0
Untooled baseline.txt,10.452799999999964,1117,1047,0
Untooled baseline.txt,10.536516666666648,1104,1047,0
Untooled baseline.txt,10.620233333333333,1116,1064,0
Untooled baseline.txt,10.703916666666677,1117,1055,0
Untooled baseline.txt,10.78761666666663,1100,1053,0
Untooled baseline.txt,10.871333333333315,1114,1058,0
Untooled baseline.txt,10.955033333333267,1109,1036,0
Untooled baseline.txt,11.038766666666561,1122,1058,0
Untooled baseline.txt,11.122533333333315,1118,1050,0
Untooled baseline.txt,11.20625,1084,1004,0
Untooled baseline.txt,11.289949999999953,1083,1004,0
Untooled baseline.txt,11.373666666666638,1082,1004,0
Untooled baseline.txt,11.45739999999993,1080,1004,0
Untooled baseline.txt,11.541100000000005,1081,1004,0
Untooled baseline.txt,11.62479999999996,1076,1004,0
Untooled baseline.txt,11.708499999999912,1097,1004,0
Untooled baseline.txt,11.792216666666597,1098,1004,0
Untooled baseline.txt,11.875949999999891,1093,1004,0
Untooled baseline.txt,11.959666666666575,1077,1004,0
Untooled baseline.txt,12.043383333333258,1077,1004,0
Untooled baseline.txt,12.127049999999993,1073,1004,0
Untooled baseline.txt,12.210783333333287,1082,1004,0
Untooled baseline.txt,12.294499999999971,1076,1004,0
Untooled baseline.txt,12.378233333333265,1108,1004,0
Untooled baseline.txt,12.461949999999948,1115,1004,0
Untooled baseline.txt,12.545666666666632,1115,1004,0
Untooled baseline.txt,12.629399999999926,1115,1004,0
Untooled baseline.txt,12.713116666666611,1108,1004,0
Untooled baseline.txt,12.796816666666563,1108,1004,0
Untooled baseline.txt,12.880516666666638,1108,1004,0
Untooled baseline.txt,12.964216666666593,1107,1004,0
Untooled baseline.txt,13.047916666666667,1107,1004,0
Untooled baseline.txt,13.13164999999996,1107,1004,0
Untooled baseline.txt,13.215366666666645,1106,1004,0
Untooled baseline.txt,13.299083333333328,1105,1004,0
Untooled baseline.txt,13.382799999999891,1107,1004,0
Untooled baseline.txt,13.466516666666575,1111,1004,0
Untooled baseline.txt,13.55019999999992,1110,1004,0
Untooled baseline.txt,13.633916666666604,1117,1004,0
Untooled baseline.txt,13.717616666666556,1117,1004,0
Untooled baseline.txt,13.801333333333242,1117,1004,0
Untooled baseline.txt,13.885049999999925,1115,1004,0
Untooled baseline.txt,13.96878333333334,1113,1004,0
Untooled baseline.txt,14.052449999999954,1128,1004,0
Untooled baseline.txt,14.136183333333246,1127,1004,0
Untooled baseline.txt,14.219916666666661,1030,970,0
Untooled baseline.txt,14.303649999999955,1029,967,0
Untooled baseline.txt,14.38736666666664,1033,959,0
Untooled baseline.txt,14.471083333333324,998,919,0
Untooled baseline.txt,14.554816666666618,971,897,0
Untooled baseline.txt,14.638549999999912,973,897,0
Untooled baseline.txt,14.722283333333326,946,881,0
Untooled baseline.txt,14.80600000000001,960,881,0
Untooled baseline.txt,14.889716666666573,945,873,0
Untooled baseline.txt,14.973466666666598,904,838,0
Untooled baseline.txt,15.057183333333281,910,838,0
Untooled baseline.txt,15.140949999999915,905,830,0
Untooled baseline.txt,15.224699999999938,906,835,0
Untooled baseline.txt,15.308416666666623,911,835,0
Untooled baseline.txt,15.392149999999917,905,835,0
Untooled baseline.txt,15.47584999999999,886,821,0
Untooled baseline.txt,15.559583333333284,897,821,0
Untooled baseline.txt,15.643316666666578,898,821,0
Untooled baseline.txt,15.727033333333262,904,830,0
Untooled baseline.txt,15.810766666666677,892,824,0
Untooled baseline.txt,15.894516666666581,904,830,0
Untooled baseline.txt,15.978266666666604,904,830,0
Untooled baseline.txt,16.061983333333288,897,830,0
Untooled baseline.txt,16.145699999999973,891,824,0
Untooled baseline.txt,16.229466666666607,895,830,0
Untooled baseline.txt,16.3131999999999,895,827,0
Untooled baseline.txt,16.396949999999926,895,821,0
Untooled baseline.txt,16.480666666666608,900,830,0
Untooled baseline.txt,16.564416666666634,889,827,0
Untooled baseline.txt,16.648149999999927,899,830,0
Untooled baseline.txt,16.73188333333334,905,824,0
Untooled baseline.txt,16.815599999999904,903,830,0
Untooled baseline.txt,16.899349999999927,912,830,0
Untooled baseline.txt,16.98303333333327,907,830,0
Untooled baseline.txt,17.066766666666567,906,830,0
Untooled baseline.txt,17.15048333333325,911,830,0
Untooled baseline.txt,17.234233333333275,906,830,0
Untooled baseline.txt,17.317949999999957,902,830,0
Untooled baseline.txt,17.401666666666642,901,830,0
Untooled baseline.txt,17.485399999999935,901,830,0
Untooled baseline.txt,17.56914999999996,904,830,0
Untooled baseline.txt,17.652849999999912,904,830,0
Untooled baseline.txt,17.73659999999994,904,830,0
Untooled baseline.txt,17.82031666666662,904,830,0
Untooled baseline.txt,17.904049999999916,910,830,0
Untooled baseline.txt,17.98779999999994,909,830,0
Untooled baseline.txt,18.071549999999963,909,830,0
Untooled baseline.txt,18.15526666666665,903,830,0
Untooled baseline.txt,18.23899999999994,904,830,0
Untooled baseline.txt,18.322733333333236,904,830,0
Untooled baseline.txt,18.40646666666665,904,830,0
Untooled baseline.txt,18.490199999999945,904,830,0
Untooled baseline.txt,18.573916666666626,909,830,0
Untooled baseline.txt,18.657649999999922,909,830,0
Untooled baseline.txt,18.741383333333335,906,830,0
Untooled baseline.txt,18.825133333333238,907,830,0
Untooled baseline.txt,18.908849999999923,907,830,0
Untooled baseline.txt,18.992599999999946,908,830,0
Untooled baseline.txt,19.076333333333242,908,830,0
Untooled baseline.txt,19.160049999999924,907,830,0
Untooled baseline.txt,19.24379999999995,907,830,0
Untooled baseline.txt,19.327533333333243,912,830,0
Untooled baseline.txt,19.41126666666666,907,830,0
Untooled baseline.txt,19.49501666666656,907,830,0
Untooled baseline.txt,19.578749999999975,904,830,0
Untooled baseline.txt,19.66248333333327,904,830,0
Untooled baseline.txt,19.746233333333294,908,830,0
Untooled baseline.txt,19.829966666666586,898,830,0
Untooled baseline.txt,19.91368333333327,960,830,0
Untooled baseline.txt,19.997383333333225,1032,841,0
Untooled baseline.txt,20.08109999999991,1049,841,0
Untooled baseline.txt,20.164816666666592,1037,841,0
Untooled baseline.txt,20.248533333333278,1026,841,0
Untooled baseline.txt,20.332249999999963,1007,841,0
Untooled baseline.txt,20.415983333333255,999,841,0
Untooled baseline.txt,20.4996666666666,999,841,0
Untooled baseline.txt,20.58339999999989,1002,841,0
Untooled baseline.txt,20.667116666666576,1002,841,0
Untooled baseline.txt,20.75081666666665,1002,841,0
Untooled baseline.txt,20.834549999999943,1007,841,0
Untooled baseline.txt,20.91828333333324,1003,841,0
Untooled baseline.txt,21.001983333333314,1004,841,0
Untooled baseline.txt,21.085699999999996,972,841,0
Untooled baseline.txt,21.16941666666656,970,841,0
Untooled baseline.txt,21.253149999999973,960,841,0
Untooled baseline.txt,21.33686666666666,975,841,0
Untooled baseline.txt,21.420599999999954,972,841,0
Untooled baseline.txt,21.504316666666636,964,841,0
Untooled baseline.txt,21.58806666666666,966,841,0
Untooled baseline.txt,21.671750000000007,973,841,0
Untooled baseline.txt,21.7554833333333,951,841,0
Untooled baseline.txt,21.839183333333253,952,841,0
Untooled baseline.txt,21.922933333333276,963,841,0
Untooled baseline.txt,22.00664999999996,966,841,0
Untooled baseline.txt,22.090349999999912,997,841,0
Untooled baseline.txt,22.174066666666597,1012,841,0
Untooled baseline.txt,22.257783333333283,1003,841,0
Untooled baseline.txt,22.341499999999964,995,841,0
Untooled baseline.txt,22.42524999999999,1002,841,0
Untooled baseline.txt,22.508966666666673,1003,841,0
Untooled baseline.txt,22.592666666666627,1003,841,0
Untooled baseline.txt,22.676399999999923,986,841,0
Untooled baseline.txt,22.760099999999998,991,841,0
Untooled baseline.txt,22.8438499999999,996,841,0
Untooled baseline.txt,22.927583333333313,1005,841,0
Untooled baseline.txt,23.0113,991,841,0
Untooled baseline.txt,23.094999999999953,1004,841,0
Untooled baseline.txt,23.178733333333245,999,841,0
Untooled baseline.txt,23.26244999999993,1001,841,0
Untooled baseline.txt,23.346183333333343,1001,841,0
Untooled baseline.txt,23.429899999999908,1023,841,0
Untooled baseline.txt,23.51361666666659,1011,841,0
Untooled baseline.txt,23.597316666666664,992,841,0
Untooled baseline.txt,23.68103333333323,979,841,0
Untooled baseline.txt,23.764749999999914,979,841,0
Untooled baseline.txt,23.848483333333327,979,841,0
Untooled baseline.txt,23.93219999999989,990,841,0
Untooled baseline.txt,24.015916666666573,963,841,0
Untooled baseline.txt,24.09964999999999,981,841,0
Untooled baseline.txt,24.183383333333282,968,841,0
Untooled baseline.txt,24.267099999999967,974,841,0
Untooled baseline.txt,24.35083333333326,982,841,0
Untooled baseline.txt,24.434566666666676,969,841,0
Untooled baseline.txt,24.518299999999968,977,841,0
Untooled baseline.txt,24.602016666666653,982,841,0
Untooled baseline.txt,24.685749999999945,982,841,0
Untooled baseline.txt,24.76948333333324,977,841,0
Untooled baseline.txt,24.853199999999923,977,841,0
Untooled baseline.txt,24.936916666666608,977,841,0
Untooled baseline.txt,25.020633333333294,977,841,0
Untooled baseline.txt,25.104366666666586,977,841,0
Untooled baseline.txt,25.18808333333327,977,841,0
Untooled baseline.txt,25.271783333333225,977,841,0
Untooled baseline.txt,25.355516666666638,977,841,0
Untooled baseline.txt,25.439216666666592,977,841,0
Untooled baseline.txt,25.522933333333278,977,841,0
Untooled baseline.txt,25.60666666666657,979,841,0
Untooled baseline.txt,25.690416666666593,984,841,0
Untooled baseline.txt,25.77413333333328,983,841,0
Untooled baseline.txt,25.857849999999964,982,841,0
Untooled baseline.txt,25.941583333333256,982,841,0
Untooled baseline.txt,26.02529999999994,982,841,0
Untooled baseline.txt,26.109016666666623,977,841,0
Untooled baseline.txt,26.19276666666665,973,841,0
Untooled baseline.txt,26.27648333333333,978,841,0
Untooled baseline.txt,26.360183333333286,978,841,0
Untooled baseline.txt,26.44389999999997,973,841,0
Untooled baseline.txt,26.527599999999925,977,841,0
Untooled baseline.txt,26.611316666666607,970,841,0
Untooled baseline.txt,26.695049999999902,980,841,0
Untooled baseline.txt,26.778749999999977,973,841,0
Untooled baseline.txt,26.862449999999928,1006,841,0
Untooled baseline.txt,26.946166666666613,945,841,0
Untooled baseline.txt,27.029899999999905,963,841,0
Untooled baseline.txt,27.11361666666659,992,841,0
Untooled baseline.txt,27.197333333333276,973,841,0
Untooled baseline.txt,27.281049999999958,957,841,0
Untooled baseline.txt,27.364766666666643,962,841,0
Untooled baseline.txt,27.44848333333333,946,841,0
Untooled baseline.txt,27.532183333333283,945,841,0
Untooled baseline.txt,27.615933333333306,946,841,0
Untooled baseline.txt,27.699649999999988,926,841,0
Untooled baseline.txt,27.783366666666673,921,841,0
Untooled baseline.txt,27.867133333333307,923,841,0
Untooled baseline.txt,27.950849999999992,919,835,0
Untooled baseline.txt,28.034583333333284,919,835,0
Untooled baseline.txt,28.118333333333307,928,841,0
Untooled baseline.txt,28.202049999999993,932,841,0
Untooled baseline.txt,28.28578333333329,939,841,0
Untooled baseline.txt,28.36949999999997,918,841,0
Untooled baseline.txt,28.453249999999993,917,841,0
Untooled baseline.txt,28.536966666666558,925,841,0
Untooled baseline.txt,28.620683333333243,926,841,0
Untooled baseline.txt,28.704416666666656,921,841,0
Untooled baseline.txt,28.788149999999952,921,841,0
Untooled baseline.txt,28.871866666666634,921,841,0
Untooled baseline.txt,28.95561666666666,911,830,0
Untooled baseline.txt,29.039349999999953,927,841,0
Untooled baseline.txt,29.123099999999976,905,835,0
Untooled baseline.txt,29.20685,907,835,0
Untooled baseline.txt,29.290583333333295,907,835,0
Untooled baseline.txt,29.37434999999993,904,832,0
Untooled baseline.txt,29.45808333333334,910,832,0
Untooled baseline.txt,29.541816666666637,917,832,0
Untooled baseline.txt,29.62554999999993,917,832,0
Untooled baseline.txt,29.709316666666563,916,832,0
Untooled baseline.txt,29.79303333333325,913,832,0
Untooled baseline.txt,29.87676666666666,911,832,0
Untooled baseline.txt,29.960499999999957,922,832,0
Untooled baseline.txt,30.04424999999998,921,832,0
Untooled baseline.txt,30.127983333333272,922,832,0
Untooled baseline.txt,30.211716666666568,916,832,0
Untooled baseline.txt,30.29544999999998,924,832,0
Untooled baseline.txt,30.379200000000008,924,832,0
Untooled baseline.txt,30.46291666666657,924,832,0
Untooled baseline.txt,30.546649999999985,927,832,0
Untooled baseline.txt,30.63040000000001,894,832,0
Untooled baseline.txt,30.71414999999991,906,835,0
Untooled baseline.txt,30.797899999999935,907,835,0
Untooled baseline.txt,30.88163333333323,902,835,0
Untooled baseline.txt,30.965383333333254,903,835,0
Untooled baseline.txt,31.04909999999994,905,835,0
Untooled baseline.txt,31.132849999999962,906,830,0
Untooled baseline.txt,31.216599999999985,905,830,0
Untooled baseline.txt,31.30036666666662,904,835,0
Untooled baseline.txt,31.384083333333304,906,835,0
Untooled baseline.txt,31.467833333333328,986,841,0
Untooled baseline.txt,31.551549999999892,943,825,0
Untooled baseline.txt,31.635249999999967,899,819,0
Untooled baseline.txt,31.71899999999999,869,787,0
Untooled baseline.txt,31.802749999999893,869,787,0
Untooled baseline.txt,31.88646666666658,866,787,0
Untooled baseline.txt,31.9702166666666,866,787,0
Untooled baseline.txt,32.053983333333235,864,787,0
Untooled baseline.txt,32.13771666666665,864,787,0
Untooled baseline.txt,32.22146666666667,864,787,0
Untooled baseline.txt,32.305216666666574,864,787,0
Untooled baseline.txt,32.388983333333336,855,772,0
Untooled baseline.txt,32.47274999999997,837,737,0
Untooled baseline.txt,32.55649999999999,820,712,0
Untooled baseline.txt,32.640266666666626,789,675,0
Untooled baseline.txt,32.72401666666665,826,745,0
Untooled baseline.txt,32.80774999999994,829,745,0
Untooled baseline.txt,32.891499999999965,830,745,0
Untooled baseline.txt,32.97524999999999,829,745,0
Untooled baseline.txt,33.05898333333328,830,745,0
Untooled baseline.txt,33.14271666666658,831,745,0
Untooled baseline.txt,33.226499999999945,829,745,0
Untooled baseline.txt,33.31024999999997,830,745,0
Untooled baseline.txt,33.3940166666666,832,745,0
Untooled baseline.txt,33.477749999999894,835,745,0
Untooled baseline.txt,33.56149999999992,835,745,0
Untooled baseline.txt,33.64526666666667,835,745,0
Untooled baseline.txt,33.729033333333305,835,745,0
Untooled baseline.txt,33.81278333333333,835,745,0
Untooled baseline.txt,33.89653333333323,835,745,0
Untooled baseline.txt,33.980299999999986,835,745,0
Untooled baseline.txt,34.064016666666674,835,745,0
Untooled baseline.txt,34.14776666666658,836,745,0
Untooled baseline.txt,34.2315166666666,836,745,0
Untooled baseline.txt,34.31526666666662,836,745,0
Untooled baseline.txt,34.39901666666665,831,745,0
Untooled baseline.txt,34.48276666666667,841,745,0
Untooled baseline.txt,34.56651666666657,841,745,0
Untooled baseline.txt,34.6502666666666,841,745,0
Untooled baseline.txt,34.734016666666626,841,745,0
Untooled baseline.txt,34.81778333333326,841,745,0
Untooled baseline.txt,34.901549999999894,841,745,0
Untooled baseline.txt,34.98528333333331,841,745,0
Untooled baseline.txt,35.06904999999994,841,745,0
Untooled baseline.txt,35.152833333333305,841,745,0
Untooled baseline.txt,35.236533333333256,841,745,0
Untooled baseline.txt,35.32028333333328,841,745,0
Untooled baseline.txt,35.40403333333331,841,745,0
Untooled baseline.txt,35.4877666666666,841,745,0
Untooled baseline.txt,35.571499999999894,841,745,0
Untooled baseline.txt,35.65526666666665,842,745,0
Untooled baseline.txt,35.73901666666667,842,745,0
Untooled baseline.txt,35.82273333333323,842,745,0
Untooled baseline.txt,35.9065166666666,842,745,0
Untooled baseline.txt,35.9902499999999,841,745,0
Untooled baseline.txt,36.07399999999992,841,745,0
Untooled baseline.txt,36.15774999999994,841,745,0
Untooled baseline.txt,36.24149999999997,841,745,0
Untooled baseline.txt,36.32523333333326,841,745,0
Untooled baseline.txt,36.40899999999989,841,745,0
Untooled baseline.txt,36.492716666666574,841,745,0
Untooled baseline.txt,36.576483333333336,842,745,0
Untooled baseline.txt,36.66023333333324,842,745,0
Untooled baseline.txt,36.74396666666665,842,745,0
Untooled baseline.txt,36.82769999999994,840,745,0
Untooled baseline.txt,36.91144999999997,840,745,0
Untooled baseline.txt,36.99518333333326,843,745,0
Untooled baseline.txt,37.07894999999989,843,745,0
Untooled baseline.txt,37.16271666666665,842,745,0
Untooled baseline.txt,37.246433333333336,842,745,0
Untooled baseline.txt,37.33018333333324,842,745,0
Untooled baseline.txt,37.41393333333326,842,745,0
Untooled baseline.txt,37.497699999999895,842,745,0
Untooled baseline.txt,37.58144999999992,842,745,0
Untooled baseline.txt,37.66518333333333,842,745,0
Untooled baseline.txt,37.748949999999965,836,745,0
Untooled baseline.txt,37.832683333333264,841,745,0
Untooled baseline.txt,37.91646666666663,842,745,0
Untooled baseline.txt,38.00021666666665,842,745,0
Untooled baseline.txt,38.083983333333286,842,745,0
Untooled baseline.txt,38.16773333333331,836,745,0
Untooled baseline.txt,38.25149999999994,842,745,0
Untooled baseline.txt,38.33526666666658,842,745,0
Untooled baseline.txt,38.41903333333333,842,745,0
Untooled baseline.txt,38.502783333333234,831,745,0
Untooled baseline.txt,38.58654999999999,842,745,0
Untooled baseline.txt,38.67031666666662,842,745,0
Untooled baseline.txt,38.754049999999914,842,745,0
Untooled baseline.txt,38.83779999999994,842,745,0
Untooled baseline.txt,38.9215833333333,842,745,0
Untooled baseline.txt,39.005333333333326,842,745,0
Untooled baseline.txt,39.089066666666625,842,745,0
Untooled baseline.txt,39.17281666666665,842,745,0
Untooled baseline.txt,39.25658333333328,829,745,0
Untooled baseline.txt,39.340333333333305,827,745,0
Untooled baseline.txt,39.4240666666666,827,745,0
Untooled baseline.txt,39.50781666666662,840,745,0
Untooled baseline.txt,39.591583333333254,830,745,0
Untooled baseline.txt,39.67535000000001,775,723,0
Untooled baseline.txt,39.75911666666664,773,707,0
Untooled baseline.txt,39.84290000000001,780,731,0
Untooled baseline.txt,39.92666666666664,785,734,0
Untooled baseline.txt,40.010416666666664,780,723,0
Untooled baseline.txt,40.0941833333333,786,734,0
Untooled baseline.txt,40.17794999999993,788,734,0
Untooled baseline.txt,40.261716666666565,788,734,0
Untooled baseline.txt,40.34548333333332,789,734,0
Untooled baseline.txt,40.42924999999995,799,731,0
Untooled baseline.txt,40.51298333333325,805,731,0
Untooled baseline.txt,40.59675000000001,795,742,0
Untooled baseline.txt,40.68051666666664,795,734,0
Untooled baseline.txt,40.764283333333275,805,745,0
Untooled baseline.txt,40.84804999999991,801,745,0
Untooled baseline.txt,40.93179999999993,792,745,0
Untooled baseline.txt,41.015566666666565,772,715,0
Untooled baseline.txt,41.09931666666659,777,717,0
Untooled baseline.txt,41.18308333333334,763,706,0
Untooled baseline.txt,41.26684999999998,769,712,0
Untooled baseline.txt,41.35061666666661,782,712,0
Untooled baseline.txt,41.434383333333244,782,712,0
Untooled baseline.txt,41.51816666666661,775,712,0
Untooled baseline.txt,41.60191666666663,786,712,0
Untooled baseline.txt,41.6857,781,712,0
Untooled baseline.txt,41.76946666666663,775,712,0
Untooled baseline.txt,41.853249999999996,784,712,0
Untooled baseline.txt,41.93698333333329,780,712,0
Untooled baseline.txt,42.02074999999992,779,712,0
Untooled baseline.txt,42.104516666666676,789,712,0
Untooled baseline.txt,42.18824999999997,763,680,0
Untooled baseline.txt,42.2720166666666,779,680,0
Untooled baseline.txt,42.3557499999999,756,680,0
Untooled baseline.txt,42.439499999999924,743,669,0
Untooled baseline.txt,42.52326666666668,619,567,0
Untooled baseline.txt,42.607066666666654,628,548,0
Untooled baseline.txt,42.69086666666662,617,548,0
Untooled baseline.txt,42.774633333333256,623,548,0
Untooled baseline.txt,42.85843333333323,629,548,0
Untooled baseline.txt,42.94223333333333,613,542,0
Untooled baseline.txt,43.0260333333333,628,548,0
Untooled baseline.txt,43.10981666666667,651,548,0
Untooled baseline.txt,43.19359999999991,647,548,0
Untooled baseline.txt,43.27740000000001,653,548,0
Untooled baseline.txt,43.361183333333244,648,548,0
Untooled baseline.txt,43.44498333333334,625,548,0
Untooled baseline.txt,43.528766666666584,653,548,0
Untooled baseline.txt,43.61258333333329,654,548,0
Untooled baseline.txt,43.696366666666655,642,548,0
Untooled baseline.txt,43.7801499999999,642,548,0
Untooled baseline.txt,43.863933333333264,648,548,0
Untooled baseline.txt,43.94768333333329,670,548,0
Untooled baseline.txt,44.03144999999992,665,548,0
Untooled baseline.txt,44.1152499999999,641,548,0
Untooled baseline.txt,44.19901666666665,648,548,0
Untooled baseline.txt,44.282783333333285,643,548,0
Untooled baseline.txt,44.36658333333325,643,548,0
Untooled baseline.txt,44.45036666666662,651,548,0
Untooled baseline.txt,44.53416666666659,648,548,0
Untooled baseline.txt,44.61793333333323,637,548,0
Untooled baseline.txt,44.70173333333332,643,548,0
Untooled baseline.txt,44.7855333333333,643,548,0
Untooled baseline.txt,44.86929999999993,637,548,0
Untooled baseline.txt,44.953083333333296,628,548,0
Untooled baseline.txt,45.036899999999996,628,548,0
Untooled baseline.txt,45.12069999999997,622,548,0
Untooled baseline.txt,45.204483333333336,622,548,0
Untooled baseline.txt,45.28826666666658,628,548,0
Untooled baseline.txt,45.372066666666676,624,548,0
Untooled baseline.txt,45.45598333333328,617,542,0
Untooled baseline.txt,45.539783333333254,650,548,0
Untooled baseline.txt,45.62356666666662,630,548,0
Untooled baseline.txt,45.707349999999984,641,548,0
Untooled baseline.txt,45.79111666666662,665,548,0
Untooled baseline.txt,45.87486666666664,689,548,0
Untooled baseline.txt,45.958650000000006,720,548,0
Untooled baseline.txt,46.04243333333325,671,548,0
Untooled baseline.txt,46.126200000000004,675,548,0
Untooled baseline.txt,46.20994999999991,677,548,0
Untooled baseline.txt,46.29371666666666,682,548,0
Untooled baseline.txt,46.377483333333295,680,548,0
Untooled baseline.txt,46.46124999999993,672,548,0
Untooled baseline.txt,46.545049999999904,673,548,0
Untooled baseline.txt,46.62879999999993,676,548,0
Untooled baseline.txt,46.71256666666656,683,548,0
Untooled baseline.txt,46.796333333333315,678,548,0
Untooled baseline.txt,46.88011666666656,677,548,0
Untooled baseline.txt,46.96386666666658,674,548,0
Untooled baseline.txt,47.04766666666668,674,548,0
Untooled baseline.txt,47.13141666666658,673,548,0
Untooled baseline.txt,47.215199999999946,673,548,0
Untooled baseline.txt,47.29896666666658,673,548,0
Untooled baseline.txt,47.382733333333334,667,548,0
Untooled baseline.txt,47.46649999999997,663,548,0
Untooled baseline.txt,47.55028333333333,657,548,0
Untooled baseline.txt,47.63404999999997,656,548,0
Untooled baseline.txt,47.7178166666666,668,548,0
Untooled baseline.txt,47.801583333333234,663,548,0
Untooled baseline.txt,47.8853666666666,664,548,0
Untooled baseline.txt,47.96914999999996,670,548,0
Untooled baseline.txt,48.0529166666666,669,548,0
Untooled baseline.txt,48.136699999999955,661,548,0
Untooled baseline.txt,48.22046666666659,663,548,0
Untooled baseline.txt,48.30421666666662,673,548,0
Untooled baseline.txt,48.387999999999984,679,548,0
Untooled baseline.txt,48.47176666666662,685,548,0
Untooled baseline.txt,48.555549999999975,680,548,0
Untooled baseline.txt,48.639300000000006,679,548,0
Untooled baseline.txt,48.72308333333324,682,548,0
Untooled baseline.txt,48.80686666666661,681,548,0
Untooled baseline.txt,48.89063333333324,682,548,0
Untooled baseline.txt,48.974399999999996,682,548,0
Untooled baseline.txt,49.05816666666663,681,548,0
Untooled baseline.txt,49.14193333333326,681,548,0
Untooled baseline.txt,49.22571666666663,681,548,0
Untooled baseline.txt,49.30949999999999,681,548,0
Untooled baseline.txt,49.39326666666663,681,548,0
Untooled baseline.txt,49.47703333333326,680,548,0
Untooled baseline.txt,49.560799999999894,680,548,0
Untooled baseline.txt,49.64458333333326,667,548,0
Untooled baseline.txt,49.72836666666662,666,548,0
Untooled baseline.txt,49.81213333333326,680,548,0
Untooled baseline.txt,49.89589999999989,680,548,0
Untooled baseline.txt,49.979683333333256,677,556,0
Untooled baseline.txt,50.06346666666662,674,556,0
Untooled baseline.txt,50.147216666666644,669,556,0
Untooled baseline.txt,50.23098333333328,674,556,0
Untooled baseline.txt,50.31471666666657,675,556,0
Untooled baseline.txt,50.398499999999935,675,556,0
Untooled baseline.txt,50.48224999999996,674,556,0
Untooled baseline.txt,50.56601666666659,674,556,0
Untooled baseline.txt,50.649783333333225,674,556,0
Untooled baseline.txt,50.733533333333256,676,556,0
Untooled baseline.txt,50.817333333333224,681,556,0
Untooled baseline.txt,50.90113333333332,681,556,0
Untooled baseline.txt,50.98488333333322,681,556,0
Untooled baseline.txt,51.06866666666659,681,556,0
Untooled baseline.txt,51.15243333333334,676,556,0
Untooled baseline.txt,51.236183333333244,682,556,0
Untooled baseline.txt,51.31996666666661,686,556,0
Untooled baseline.txt,51.40373333333324,676,556,0
Untooled baseline.txt,51.4875,676,556,0
Untooled baseline.txt,51.5712499999999,676,556,0
Untooled baseline.txt,51.65501666666666,676,556,0
Untooled baseline.txt,51.7387999999999,676,556,0
Untooled baseline.txt,51.82256666666665,681,556,0
Untooled baseline.txt,51.9063499999999,681,556,0
Untooled baseline.txt,51.99013333333326,686,556,0
Untooled baseline.txt,52.073899999999895,686,556,0
Untooled baseline.txt,52.15769999999999,686,556,0
Untooled baseline.txt,52.241466666666625,686,556,0
Untooled baseline.txt,52.32523333333326,686,556,0
Untooled baseline.txt,52.40896666666667,680,556,0
Untooled baseline.txt,52.49276666666665,680,556,0
Untooled baseline.txt,52.57653333333328,685,556,0
Untooled baseline.txt,52.660299999999914,685,556,0
Untooled baseline.txt,52.74406666666667,685,556,0
Untooled baseline.txt,52.8278333333333,676,556,0
Untooled baseline.txt,52.911599999999936,682,556,0
Untooled baseline.txt,52.9953833333333,676,556,0
Untooled baseline.txt,53.079133333333324,674,556,0
Untooled baseline.txt,53.16291666666657,675,556,0
Untooled baseline.txt,53.24669999999993,675,556,0
Untooled baseline.txt,53.3304833333333,664,556,0
Untooled baseline.txt,53.41426666666666,670,556,0
Untooled baseline.txt,53.49804999999991,674,556,0
Untooled baseline.txt,53.58186666666661,659,556,0
Untooled baseline.txt,53.66564999999998,659,556,0
Untooled baseline.txt,53.749433333333336,653,556,0
Untooled baseline.txt,53.83319999999997,645,556,0
Untooled baseline.txt,53.916999999999945,654,556,0
Untooled baseline.txt,54.00078333333331,654,556,0
Untooled baseline.txt,54.08454999999994,649,556,0
Untooled baseline.txt,54.16829999999997,645,556,0
Untooled baseline.txt,54.25209999999994,645,556,0
Untooled baseline.txt,54.33588333333331,645,556,0
Untooled baseline.txt,54.41963333333333,645,556,0
Untooled baseline.txt,54.503416666666574,655,556,0
Untooled baseline.txt,54.58718333333333,655,556,0
Untooled baseline.txt,54.67093333333323,655,556,0
Untooled baseline.txt,54.754716666666596,655,556,0
Untooled baseline.txt,54.83849999999996,642,556,0
Untooled baseline.txt,54.922266666666594,654,556,0
Untooled baseline.txt,55.00603333333323,654,556,0
Untooled baseline.txt,55.08981666666659,655,556,0
Untooled baseline.txt,55.17358333333323,655,556,0
Untooled baseline.txt,55.25734999999998,655,556,0
Untooled baseline.txt,55.341133333333225,655,556,0
Untooled baseline.txt,55.42491666666659,655,556,0
Untooled baseline.txt,55.508683333333344,655,556,0
Untooled baseline.txt,55.59244999999998,650,556,0
Untooled baseline.txt,55.67624999999995,639,556,0
Untooled baseline.txt,55.76003333333332,639,556,0
Untooled baseline.txt,55.84381666666656,642,556,0
Untooled baseline.txt,55.92758333333332,645,556,0
Untooled baseline.txt,56.01131666666661,650,556,0
Untooled baseline.txt,56.09508333333324,655,556,0
Untooled baseline.txt,56.17885,666,556,0
Untooled baseline.txt,56.26263333333324,665,556,0
Untooled baseline.txt,56.346399999999996,665,556,0
Untooled baseline.txt,56.430233333333305,666,556,0
Untooled baseline.txt,56.513983333333336,665,556,0
Untooled baseline.txt,56.59774999999997,666,556,0
Untooled baseline.txt,56.68153333333333,664,556,0
Untooled baseline.txt,56.76529999999996,664,556,0
Untooled baseline.txt,56.849083333333326,664,556,0
Untooled baseline.txt,56.93286666666657,664,556,0
Untooled baseline.txt,57.01659999999999,664,556,0
Untooled baseline.txt,57.10039999999996,653,556,0
Untooled baseline.txt,57.18418333333332,666,556,0
Untooled baseline.txt,57.267949999999956,666,556,0
Untooled baseline.txt,57.35169999999998,665,556,0
Untooled baseline.txt,57.43546666666661,665,556,0
Untooled baseline.txt,57.51924999999998,667,556,0
Untooled baseline.txt,57.60303333333322,657,556,0
Untooled baseline.txt,57.686783333333246,652,556,0
Untooled baseline.txt,57.77056666666661,657,556,0
Untooled baseline.txt,57.854316666666634,657,556,0
Untooled baseline.txt,57.93811666666661,657,556,0
Untooled baseline.txt,58.021899999999974,657,556,0
Untooled baseline.txt,58.10566666666661,653,556,0
Untooled baseline.txt,58.18944999999997,654,556,0
Untooled baseline.txt,58.273199999999996,650,556,0
Untooled baseline.txt,58.35696666666663,650,556,0
Untooled baseline.txt,58.440749999999994,650,556,0
Untooled baseline.txt,58.52453333333324,656,556,0
Untooled baseline.txt,58.6083166666666,661,556,0
Untooled baseline.txt,58.692049999999895,656,556,0
Untooled baseline.txt,58.77584999999999,646,556,0
Untooled baseline.txt,58.85964999999997,646,556,0
Untooled baseline.txt,58.9434166666666,652,556,0
Untooled baseline.txt,59.027216666666575,659,556,0
Untooled baseline.txt,59.111016666666664,654,556,0
Untooled baseline.txt,59.19479999999991,654,556,0
Untooled baseline.txt,59.27858333333327,654,556,0
Untooled baseline.txt,59.36236666666664,655,556,0
Untooled baseline.txt,59.446183333333344,655,556,0
Untooled baseline.txt,59.52998333333332,649,556,0
Untooled baseline.txt,59.61373333333334,656,556,0
Untooled baseline.txt,59.69753333333332,656,556,0
Untooled baseline.txt,59.78131666666656,656,556,0
Untooled baseline.txt,59.86508333333332,648,556,0
Untooled baseline.txt,59.94884999999995,648,556,0
Untooled baseline.txt,60.032616666666584,654,556,0
Untooled baseline.txt,60.11643333333328,654,556,0
Untooled baseline.txt,60.20019999999992,654,556,0
Untooled baseline.txt,60.28399999999989,653,556,0
Untooled baseline.txt,60.36776666666665,638,556,0
Untooled baseline.txt,60.45156666666662,650,556,0
Untooled baseline.txt,60.535316666666645,652,556,0
Untooled baseline.txt,60.61910000000001,657,556,0
Untooled baseline.txt,60.702899999999985,660,556,0
Untooled baseline.txt,60.78665000000001,652,556,0
Untooled baseline.txt,60.87039999999991,657,556,0
Untooled baseline.txt,60.954149999999935,657,556,0
Untooled baseline.txt,61.03791666666657,657,556,0
Untooled baseline.txt,61.12166666666659,657,556,0
Untooled baseline.txt,61.20546666666657,657,556,0
Untooled baseline.txt,61.28924999999993,660,556,0
Untooled baseline.txt,61.3730333333333,660,556,0
Untooled baseline.txt,61.45681666666666,658,556,0
Untooled baseline.txt,61.540599999999905,658,556,0
Untooled baseline.txt,61.62434999999993,659,556,0
Untooled baseline.txt,61.70813333333329,654,556,0
Untooled baseline.txt,61.79191666666666,655,556,0
Untooled baseline.txt,61.875716666666634,655,556,0
Untooled baseline.txt,61.9595,655,556,0
Untooled baseline.txt,62.04326666666663,650,556,0
Untooled baseline.txt,62.12704999999999,650,556,0
Untooled baseline.txt,62.210816666666624,702,556,0
Untooled baseline.txt,62.29458333333326,696,556,0
Untooled baseline.txt,62.378449999999916,705,556,0
Untooled baseline.txt,62.46223333333328,705,556,0
Untooled baseline.txt,62.545983333333304,706,556,0
Untooled baseline.txt,62.62974999999994,706,556,0
Untooled baseline.txt,62.71351666666657,705,556,0
Untooled baseline.txt,62.797283333333326,700,556,0
Untooled baseline.txt,62.88104999999996,700,556,0
Untooled baseline.txt,62.96479999999998,700,556,0
Untooled baseline.txt,63.04858333333323,700,556,0
Untooled baseline.txt,63.13234999999998,694,556,0
Untooled baseline.txt,63.216116666666615,680,540,0
Untooled baseline.txt,63.29991666666659,663,515,0
Untooled baseline.txt,63.383699999999955,634,479,0
Untooled baseline.txt,63.46749999999993,662,548,0
Untooled baseline.txt,63.551283333333295,665,548,0
Untooled baseline.txt,63.63504999999993,665,548,0
Untooled baseline.txt,63.7188499999999,669,548,0
Untooled baseline.txt,63.80263333333326,656,548,0
Untooled baseline.txt,63.886399999999895,662,548,0
Untooled baseline.txt,63.97019999999999,669,548,0
Untooled baseline.txt,64.05398333333324,669,548,0
Untooled baseline.txt,64.13778333333333,616,548,0
Untooled baseline.txt,64.2215833333333,609,548,0
Untooled baseline.txt,64.30536666666667,609,546,0
Untooled baseline.txt,64.38916666666664,615,546,0
Untooled baseline.txt,64.47296666666662,616,546,0
Untooled baseline.txt,64.55676666666659,618,546,0
Untooled baseline.txt,64.64056666666656,618,546,0
Untooled baseline.txt,64.72434999999993,611,546,0
Untooled baseline.txt,64.8081499999999,618,546,0
Untooled baseline.txt,64.89193333333327,623,546,0
Untooled baseline.txt,64.97571666666663,624,535,0
Untooled baseline.txt,65.0595,624,535,0
Untooled baseline.txt,65.14329999999997,622,535,0
Untooled baseline.txt,65.22709999999994,623,535,0
Untooled baseline.txt,65.31088333333331,624,535,0
Untooled baseline.txt,65.39468333333328,623,535,0
Untooled baseline.txt,65.47849999999998,618,535,0
Untooled baseline.txt,65.56228333333323,618,535,0
Untooled baseline.txt,65.64608333333332,618,535,0
Untooled baseline.txt,65.72986666666657,608,535,0
Untooled baseline.txt,65.81366666666666,625,546,0
Untooled baseline.txt,65.89748333333324,612,546,0
Untooled baseline.txt,65.98126666666661,625,546,0
Untooled baseline.txt,66.06506666666658,613,540,0
Untooled baseline.txt,66.14884999999995,628,548,0
Untooled baseline.txt,66.23264999999992,634,548,0
Untooled baseline.txt,66.31643333333328,634,548,0
Untooled baseline.txt,66.40023333333326,634,548,0
Untooled baseline.txt,66.48404999999997,634,548,0
Untooled baseline.txt,66.56783333333333,634,548,0
Untooled baseline.txt,66.65161666666657,634,548,0
Untooled baseline.txt,66.73543333333328,634,548,0
Untooled baseline.txt,66.81921666666663,629,548,0
Untooled baseline.txt,66.90303333333323,592,535,0
Untooled baseline.txt,66.98688333333327,597,535,0
Untooled baseline.txt,67.07069999999997,600,532,0
Untooled baseline.txt,67.15446666666661,596,529,0
Untooled baseline.txt,67.23826666666658,540,466,0
Untooled baseline.txt,67.32209999999989,546,466,0
Untooled baseline.txt,67.40589999999999,531,455,0
Untooled baseline.txt,67.48968333333323,517,447,0
Untooled baseline.txt,67.57345,543,447,0
Untooled baseline.txt,67.65724999999996,547,447,0
Untooled baseline.txt,67.74104999999993,552,447,0
Untooled baseline.txt,67.8248333333333,558,447,0
Untooled baseline.txt,67.90863333333327,558,447,0
Untooled baseline.txt,67.9923999999999,553,447,0
Untooled baseline.txt,68.07621666666661,546,447,0
Untooled baseline.txt,68.16001666666658,556,447,0
Untooled baseline.txt,68.24378333333334,558,447,0
Untooled baseline.txt,68.32758333333331,558,447,0
Untooled baseline.txt,68.41138333333329,558,447,0
Untooled baseline.txt,68.49516666666665,558,447,0
Untooled baseline.txt,68.57896666666663,550,447,0
Untooled baseline.txt,68.6627666666666,552,447,0
Untooled baseline.txt,68.74654999999997,558,447,0
Untooled baseline.txt,68.83036666666666,558,447,0
Untooled baseline.txt,68.91416666666665,558,447,0
Untooled baseline.txt,68.99795,558,447,0
Untooled baseline.txt,69.08174999999999,550,447,0
Untooled baseline.txt,69.16556666666656,556,447,0
Untooled baseline.txt,69.24934999999992,555,447,0
Untooled baseline.txt,69.33316666666663,555,447,0
Untooled baseline.txt,69.41695,561,447,0
Untooled baseline.txt,69.50074999999997,552,447,0
Untooled baseline.txt,69.58454999999995,546,447,0
Untooled baseline.txt,69.66833333333331,536,444,0
Untooled baseline.txt,69.75213333333328,552,466,0
Untooled baseline.txt,69.83593333333326,549,466,0
Untooled baseline.txt,69.91974999999996,542,466,0
Untooled baseline.txt,70.00354999999993,547,466,0
Untooled baseline.txt,70.0873333333333,545,466,0
Untooled baseline.txt,70.17115,548,466,0
Untooled baseline.txt,70.25496666666659,549,466,0
Untooled baseline.txt,70.33876666666656,555,466,0
Untooled baseline.txt,70.42256666666665,550,466,0
Untooled baseline.txt,70.50638333333323,552,466,0
Untooled baseline.txt,70.59019999999994,555,466,0
Untooled baseline.txt,70.67399999999992,548,466,0
Untooled baseline.txt,70.75783333333324,556,466,0
Untooled baseline.txt,70.84164999999993,554,466,0
Untooled baseline.txt,70.92546666666664,550,466,0
Untooled baseline.txt,71.00928333333323,550,466,0
Untooled baseline.txt,71.09309999999992,556,466,0
Untooled baseline.txt,71.17691666666663,562,466,0
Untooled baseline.txt,71.26071666666661,556,466,0
Untooled baseline.txt,71.34451666666658,558,466,0
Untooled baseline.txt,71.42836666666662,563,466,0
Untooled baseline.txt,71.51218333333333,559,466,0
Untooled baseline.txt,71.59596666666657,564,466,0
Untooled baseline.txt,71.67974999999994,563,466,0
Untooled baseline.txt,71.7635333333333,567,466,0
Untooled baseline.txt,71.84735,567,466,0
Untooled baseline.txt,71.93111666666664,572,466,0
Untooled baseline.txt,72.0149,572,466,0
Untooled baseline.txt,72.09868333333324,572,466,0
Untooled baseline.txt,72.18248333333334,567,466,0
Untooled baseline.txt,72.26643333333328,567,466,0
Untooled baseline.txt,72.35021666666665,567,466,0
Untooled baseline.txt,72.4339999999999,570,466,0
Untooled baseline.txt,72.51778333333326,572,466,0
Untooled baseline.txt,72.60154999999989,566,466,0
Untooled baseline.txt,72.68534999999999,572,466,0
Untooled baseline.txt,72.76914999999995,572,466,0
Untooled baseline.txt,72.85294999999994,572,466,0
Untooled baseline.txt,72.9367499999999,572,466,0
Untooled baseline.txt,73.02053333333328,577,466,0
Untooled baseline.txt,73.10431666666663,568,466,0
Untooled baseline.txt,73.1881,578,466,0
Untooled baseline.txt,73.27186666666664,578,466,0
Untooled baseline.txt,73.35565,578,466,0
Untooled baseline.txt,73.43941666666663,578,466,0
Untooled baseline.txt,73.52321666666661,578,466,0
Untooled baseline.txt,73.60698333333325,578,466,0
Untooled baseline.txt,73.69078333333333,578,466,0
Untooled baseline.txt,73.77454999999996,578,466,0
Untooled baseline.txt,73.85834999999994,571,466,0
Untooled baseline.txt,73.94211666666658,571,466,0
Untooled baseline.txt,74.02591666666667,571,466,0
Untooled baseline.txt,74.10971666666664,571,466,0
Untooled baseline.txt,74.19354999999996,566,466,0
Untooled baseline.txt,74.27733333333332,566,466,0
Untooled baseline.txt,74.36109999999995,571,466,0
Untooled baseline.txt,74.44489999999993,571,466,0
Untooled baseline.txt,74.52868333333329,571,466,0
Untooled baseline.txt,74.61246666666666,571,466,0
Untooled baseline.txt,74.69626666666663,571,466,0
Untooled baseline.txt,74.78005,571,466,0
Untooled baseline.txt,74.86383333333325,558,466,0
Untooled baseline.txt,74.94764999999994,558,466,0
Untooled baseline.txt,75.03144999999992,558,466,0
Untooled baseline.txt,75.11524999999989,552,466,0
Untooled baseline.txt,75.19904999999999,547,466,0
Untooled baseline.txt,75.28284999999997,535,466,0
Untooled baseline.txt,75.36666666666666,546,466,0
Untooled baseline.txt,75.45046666666664,546,466,0
Untooled baseline.txt,75.53425,558,466,0
Untooled baseline.txt,75.61801666666663,552,466,0
Untooled baseline.txt,75.70183333333334,552,466,0
Untooled baseline.txt,75.78563333333332,552,466,0
Untooled baseline.txt,75.86941666666657,540,466,0
Untooled baseline.txt,75.95321666666665,542,466,0
Untooled baseline.txt,76.03698333333328,542,466,0
Untooled baseline.txt,76.12079999999999,554,466,0
Untooled baseline.txt,76.20458333333323,556,466,0
Untooled baseline.txt,76.2883666666666,549,466,0
Untooled baseline.txt,76.37216666666657,549,466,0
Untooled baseline.txt,76.45594999999994,572,466,0
Untooled baseline.txt,76.53974999999991,557,466,0
Untooled baseline.txt,76.62355000000001,560,466,0
Untooled baseline.txt,76.70736666666659,560,466,0
Untooled baseline.txt,76.7911833333333,563,466,0
Untooled baseline.txt,76.87498333333328,563,466,0
Untooled baseline.txt,76.95878333333324,559,466,0
Untooled baseline.txt,77.0425666666666,559,466,0
Untooled baseline.txt,77.12636666666658,563,466,0
Untooled baseline.txt,77.21014999999994,569,466,0
Untooled baseline.txt,77.29394999999992,555,466,0
Untooled baseline.txt,77.37774999999989,567,466,0
Untooled baseline.txt,77.46154999999999,572,466,0
Untooled baseline.txt,77.54536666666657,557,466,0
Untooled baseline.txt,77.62916666666666,575,466,0
Untooled baseline.txt,77.7129499999999,562,466,0
Untooled baseline.txt,77.79675,573,466,0
Untooled baseline.txt,77.88054999999999,568,466,0
Untooled baseline.txt,77.96433333333334,558,466,0
Untooled baseline.txt,78.04811666666659,574,466,0
Untooled baseline.txt,78.13191666666656,574,466,0
Untooled baseline.txt,78.21571666666665,559,466,0
Untooled baseline.txt,78.29948333333328,576,466,0
Untooled baseline.txt,78.38329999999999,557,466,0
Untooled baseline.txt,78.46709999999997,569,466,0
Untooled baseline.txt,78.55089999999994,569,466,0
Untooled baseline.txt,78.63469999999991,563,466,0
Untooled baseline.txt,78.71851666666662,558,466,0
Untooled baseline.txt,78.8023166666666,555,466,0
Untooled baseline.txt,78.88609999999996,555,466,0
Untooled baseline.txt,78.96991666666666,555,466,0
Untooled baseline.txt,79.05373333333324,559,466,0
Untooled baseline.txt,79.13751666666661,568,466,0
Untooled baseline.txt,79.22133333333332,573,466,0
Untooled baseline.txt,79.30511666666656,574,466,0
Untooled baseline.txt,79.38891666666665,563,466,0
Untooled baseline.txt,79.47269999999989,603,466,0
Untooled baseline.txt,79.55648333333326,583,466,0
Untooled baseline.txt,79.64021666666667,596,466,0
Untooled baseline.txt,79.72404999999999,523,455,0
Untooled baseline.txt,79.80784999999996,519,455,0
Untooled baseline.txt,79.89164999999994,510,444,0
Untooled baseline.txt,79.97544999999991,504,441,0
Untooled baseline.txt,80.05928333333323,516,444,0
Untooled baseline.txt,80.14308333333332,520,444,0
Untooled baseline.txt,80.22688333333329,527,455,0
Untooled baseline.txt,80.31066666666666,518,441,0
Untooled baseline.txt,80.39446666666663,525,441,0
Untooled baseline.txt,80.4782666666666,531,452,0
Untooled baseline.txt,80.56204999999997,531,452,0
Untooled baseline.txt,80.64584999999994,529,452,0
Untooled baseline.txt,80.7297,520,452,0
Untooled baseline.txt,80.81348333333322,532,446,0
Untooled baseline.txt,80.89729999999993,526,446,0
Untooled baseline.txt,80.98109999999991,567,463,0
Untooled baseline.txt,81.06490000000001,588,466,0
Untooled baseline.txt,81.14868333333325,596,466,0
Untooled baseline.txt,81.23246666666661,603,466,0
Untooled baseline.txt,81.31624999999998,558,466,0
Untooled baseline.txt,81.40003333333334,562,466,0
Untooled baseline.txt,81.48383333333331,566,466,0
Untooled baseline.txt,81.56763333333329,562,466,0
Untooled baseline.txt,81.65141666666665,561,466,0
Untooled baseline.txt,81.73518333333328,561,466,0
Untooled baseline.txt,81.81899999999999,563,466,0
Untooled baseline.txt,81.90276666666662,558,466,0
Untooled baseline.txt,81.9865666666666,540,466,0
Untooled baseline.txt,82.0703833333333,551,466,0
Untooled baseline.txt,82.1542,561,466,0
Untooled baseline.txt,82.23798333333325,563,466,0
Untooled baseline.txt,82.32178333333323,557,466,0
Untooled baseline.txt,82.40558333333333,563,466,0
Untooled baseline.txt,82.48936666666656,546,466,0
Untooled baseline.txt,82.57318333333326,547,466,0
Untooled baseline.txt,82.65696666666663,548,466,0
Untooled baseline.txt,82.7407666666666,547,466,0
Untooled baseline.txt,82.82456666666658,551,466,0
Untooled baseline.txt,82.90834999999994,552,466,0
Untooled baseline.txt,82.99213333333331,556,466,0
Untooled baseline.txt,83.07591666666667,551,466,0
Untooled baseline.txt,83.15971666666664,539,466,0
Untooled baseline.txt,83.24348333333327,548,466,0
Untooled baseline.txt,83.32728333333326,548,466,0
Untooled baseline.txt,83.41105,548,466,0
Untooled baseline.txt,83.49484999999999,542,466,0
Untooled baseline.txt,83.57864999999995,542,466,0
Untooled baseline.txt,83.66244999999994,550,466,0
Untooled baseline.txt,83.7462499999999,550,466,0
Untooled baseline.txt,83.83003333333326,550,466,0
Untooled baseline.txt,83.91383333333324,534,460,0
Untooled baseline.txt,83.99763333333334,534,460,0
Untooled baseline.txt,84.08138333333324,522,460,0
Untooled baseline.txt,84.16516666666661,533,460,0
Untooled baseline.txt,84.24898333333331,529,449,0
Untooled baseline.txt,84.33274999999995,537,452,0
Untooled baseline.txt,84.41651666666658,536,466,0
Untooled baseline.txt,84.50029999999994,542,463,0
Untooled baseline.txt,84.58408333333331,542,463,0
Untooled baseline.txt,84.66786666666667,536,463,0
Untooled baseline.txt,84.75164999999991,526,460,0
Untooled baseline.txt,84.83545000000001,544,460,0
Untooled baseline.txt,84.91921666666664,546,460,0
Untooled baseline.txt,85.00301666666661,551,466,0
Untooled baseline.txt,85.08681666666659,553,466,0
Untooled baseline.txt,85.17061666666656,535,466,0
Untooled baseline.txt,85.25439999999993,534,457,0
Untooled baseline.txt,85.3381999999999,531,457,0
Untooled baseline.txt,85.422,536,457,0
Untooled baseline.txt,85.50579999999997,537,457,0
Untooled baseline.txt,85.5895666666666,537,457,0
Untooled baseline.txt,85.67336666666658,536,457,0
Untooled baseline.txt,85.75718333333329,537,457,0
Untooled baseline.txt,85.84094999999992,542,457,0
Untooled baseline.txt,85.92475,528,444,0
Untooled baseline.txt,86.0085666666666,527,457,0
Untooled baseline.txt,86.09234999999995,528,457,0
Untooled baseline.txt,86.17613333333333,527,457,0
Untooled baseline.txt,86.2599333333333,528,455,0
Untooled baseline.txt,86.34375,528,457,0
Untooled baseline.txt,86.42761666666665,527,457,0
Untooled baseline.txt,86.51141666666663,534,457,0
Untooled baseline.txt,86.59519999999999,531,457,0
Untooled baseline.txt,86.67899999999996,537,457,0
Untooled baseline.txt,86.76281666666667,530,457,0
Untooled baseline.txt,86.84661666666665,533,457,0
Untooled baseline.txt,86.93041666666662,539,457,0
Untooled baseline.txt,87.01423333333332,544,457,0
Untooled baseline.txt,87.09803333333329,540,457,0
Untooled baseline.txt,87.18183333333327,544,457,0
Untooled baseline.txt,87.26561666666663,544,457,0
Untooled baseline.txt,87.34943333333334,543,457,0
Untooled baseline.txt,87.43323333333332,544,457,0
Untooled baseline.txt,87.5170499999999,543,457,0
Untooled baseline.txt,87.60083333333326,539,457,0
Untooled baseline.txt,87.68461666666663,540,457,0
Untooled baseline.txt,87.76839999999999,540,457,0
Untooled baseline.txt,87.85221666666658,556,460,0
Untooled baseline.txt,87.93599999999994,551,466,0
Untooled baseline.txt,88.01976666666657,551,466,0
Untooled baseline.txt,88.10356666666667,551,466,0
Untooled baseline.txt,88.18734999999991,551,466,0
Untooled baseline.txt,88.27111666666666,551,466,0
Untooled baseline.txt,88.35493333333325,550,466,0
Untooled baseline.txt,88.43871666666661,550,466,0
Untooled baseline.txt,88.52249999999998,544,466,0
Untooled baseline.txt,88.60629999999995,551,466,0
Untooled baseline.txt,88.69009999999993,544,460,0
Untooled baseline.txt,88.7738999999999,539,460,0
Untooled baseline.txt,88.8577,544,460,0
Untooled baseline.txt,88.94148333333324,550,466,0
Untooled baseline.txt,89.0252666666666,548,466,0
Untooled baseline.txt,89.1090833333333,554,466,0
Untooled baseline.txt,89.19284999999994,564,466,0
Untooled baseline.txt,89.27664999999992,561,466,0
Untooled baseline.txt,89.36045,547,466,0
Untooled baseline.txt,89.44426666666659,558,466,0
Untooled baseline.txt,89.52804999999995,550,466,0
Untooled baseline.txt,89.61183333333332,546,466,0
Untooled baseline.txt,89.69563333333329,536,466,0
Untooled baseline.txt,89.77943333333327,550,466,0
Untooled baseline.txt,89.86321666666663,547,466,0
Untooled baseline.txt,89.94703333333334,538,466,0
Untooled baseline.txt,90.0308333333333,550,466,0
Untooled baseline.txt,90.11461666666668,550,466,0
Untooled baseline.txt,90.19841666666665,550,466,0
Untooled baseline.txt,90.28221666666663,539,466,0
Untooled baseline.txt,90.3660166666666,535,466,0
Untooled baseline.txt,90.44981666666656,540,466,0
Untooled baseline.txt,90.53359999999994,534,466,0
Untooled baseline.txt,90.6173999999999,553,466,0
Untooled baseline.txt,90.7012,557,466,0
Untooled baseline.txt,90.78501666666658,557,466,0
Untooled baseline.txt,90.86881666666656,558,466,0
Untooled baseline.txt,90.95259999999992,559,466,0
Untooled baseline.txt,91.0363999999999,559,466,0
Untooled baseline.txt,91.12021666666661,559,466,0
Untooled baseline.txt,91.20401666666658,559,466,0
Untooled baseline.txt,91.28781666666667,558,466,0
Untooled baseline.txt,91.37161666666664,558,466,0
Untooled baseline.txt,91.45538333333327,551,466,0
Untooled baseline.txt,91.53919999999998,554,466,0
Untooled baseline.txt,91.62299999999996,554,466,0
Untooled baseline.txt,91.70678333333332,543,466,0
Untooled baseline.txt,91.79058333333329,543,466,0
Untooled baseline.txt,91.87436666666666,550,466,0
Untooled baseline.txt,91.95818333333324,554,466,0
Untooled baseline.txt,92.04196666666661,553,466,0
Untooled baseline.txt,92.12574999999997,549,466,0
Untooled baseline.txt,92.20956666666667,539,466,0
Untooled baseline.txt,92.29338333333325,537,466,0
Untooled baseline.txt,92.37721666666657,524,460,0
Untooled baseline.txt,92.46099999999994,522,463,0
Untooled baseline.txt,92.54481666666665,530,466,0
Untooled baseline.txt,92.62863333333323,522,457,0
Untooled baseline.txt,92.71243333333332,540,466,0
Untooled baseline.txt,92.79623333333329,539,466,0
Untooled baseline.txt,92.88001666666666,540,466,0
Untooled baseline.txt,92.96381666666663,604,466,0
Untooled baseline.txt,93.04758333333326,589,466,0
Untooled baseline.txt,93.1313499999999,601,466,0
Untooled baseline.txt,93.21513333333327,593,466,0
Untooled baseline.txt,93.2988999999999,599,466,0
Untooled baseline.txt,93.38268333333326,597,466,0
Untooled baseline.txt,93.46648333333323,597,466,0
Untooled baseline.txt,93.55024999999999,596,466,0
Untooled baseline.txt,93.63401666666662,596,466,0
Untooled baseline.txt,93.7178166666666,596,466,0
Untooled baseline.txt,93.8016333333333,597,466,0
Untooled baseline.txt,93.88541666666667,586,449,0
Untooled baseline.txt,93.96919999999992,577,425,0
Untooled baseline.txt,94.05298333333327,568,425,0
Untooled baseline.txt,94.13676666666665,584,466,0
Untooled baseline.txt,94.22056666666661,532,455,0
Untooled baseline.txt,94.30436666666658,531,455,0
Untooled baseline.txt,94.38818333333329,540,455,0
Untooled baseline.txt,94.47196666666666,535,455,0
Untooled baseline.txt,94.55576666666663,545,466,0
Untooled baseline.txt,94.6395666666666,546,466,0
Untooled baseline.txt,94.72339999999991,539,466,0
Untooled baseline.txt,94.8071999999999,541,449,0
Untooled baseline.txt,94.8910166666666,547,449,0
Untooled baseline.txt,94.9748333333333,541,449,0
Untooled baseline.txt,95.05865,534,449,0
Untooled baseline.txt,95.14244999999998,533,449,0
Untooled baseline.txt,95.22628333333328,534,449,0
Untooled baseline.txt,95.31008333333327,538,449,0
Untooled baseline.txt,95.39388333333324,539,449,0
Untooled baseline.txt,95.47768333333333,538,460,0
Untooled baseline.txt,95.56149999999992,542,460,0
Untooled baseline.txt,95.64531666666662,533,460,0
Untooled baseline.txt,95.72913333333332,532,460,0
Untooled baseline.txt,95.81296666666664,537,466,0
Untooled baseline.txt,95.89676666666661,526,455,0
Untooled baseline.txt,95.98059999999992,511,447,0
Untooled baseline.txt,96.06441666666663,527,449,0
Untooled baseline.txt,96.14823333333334,519,449,0
Untooled baseline.txt,96.2320333333333,525,449,0
Untooled baseline.txt,96.31586666666662,526,449,0
Untooled baseline.txt,96.39965,529,449,0
Untooled baseline.txt,96.48346666666657,529,449,0
Untooled baseline.txt,96.56726666666667,528,449,0
Untooled baseline.txt,96.65104999999991,527,449,0
Untooled baseline.txt,96.73485000000001,525,455,0
Untooled baseline.txt,96.81866666666659,525,455,0
Untooled baseline.txt,96.9024833333333,526,455,0
Untooled baseline.txt,96.9863,527,455,0
Untooled baseline.txt,97.07009999999997,526,455,0
Untooled baseline.txt,97.15393333333328,538,460,0
Untooled baseline.txt,97.23773333333325,543,466,0
Untooled baseline.txt,97.32149999999989,548,466,0
Untooled baseline.txt,97.4053166666666,556,466,0
Untooled baseline.txt,97.48909999999997,557,466,0
Untooled baseline.txt,97.57291666666667,556,466,0
Untooled baseline.txt,97.65674999999997,556,466,0
Untooled baseline.txt,97.74056666666657,555,466,0
Untooled baseline.txt,97.82434999999992,555,466,0
Untooled baseline.txt,97.90816666666663,556,466,0
Untooled baseline.txt,97.99196666666661,556,466,0
Untooled baseline.txt,98.07576666666658,557,466,0
Untooled baseline.txt,98.15956666666668,530,455,0
Untooled baseline.txt,98.24338333333326,550,455,0
Untooled baseline.txt,98.32719999999996,544,466,0
Untooled baseline.txt,98.41099999999993,553,455,0
Untooled baseline.txt,98.49483333333325,546,455,0
Untooled baseline.txt,98.57863333333323,546,455,0
Untooled baseline.txt,98.66244999999994,552,466,0
Untooled baseline.txt,98.7462499999999,544,466,0
Untooled baseline.txt,98.83005,532,455,0
Untooled baseline.txt,98.91388333333332,536,463,0
Untooled baseline.txt,98.99763333333334,536,463,0
Untooled baseline.txt,99.08146666666666,536,463,0
Untooled baseline.txt,99.16524999999989,536,463,0
Untooled baseline.txt,99.2490666666666,531,447,0
Untooled baseline.txt,99.3328833333333,531,447,0
Untooled baseline.txt,99.41673333333323,539,463,0
Untooled baseline.txt,99.50051666666658,544,463,0
Untooled baseline.txt,99.58431666666657,539,463,0
Untooled baseline.txt,99.66813333333327,539,463,0
Untooled baseline.txt,99.75193333333324,532,444,0
Untooled baseline.txt,99.83576666666667,538,463,0
Untooled baseline.txt,99.91958333333326,536,463,0
Untooled baseline.txt,100.00339999999997,536,463,0
Untooled baseline.txt,100.08719999999994,537,457,0
Untooled baseline.txt,100.1709833333333,541,463,0
Untooled baseline.txt,100.2548,544,463,0
Untooled baseline.txt,100.3386166666666,530,460,0
Untooled baseline.txt,100.42241666666656,539,463,0
Untooled baseline.txt,100.50625,540,463,0
Untooled baseline.txt,100.59008333333331,528,460,0
Untooled baseline.txt,100.6738999999999,531,463,0
Untooled baseline.txt,100.7577166666666,540,463,0
Untooled baseline.txt,100.84149999999997,537,463,0
Untooled baseline.txt,100.92529999999994,539,463,0
Untooled baseline.txt,101.00909999999992,539,463,0
Untooled baseline.txt,101.09293333333322,540,463,0
Untooled baseline.txt,101.17673333333332,541,463,0
Untooled baseline.txt,101.26056666666663,541,463,0
Untooled baseline.txt,101.34438333333334,541,463,0
Untooled baseline.txt,101.42823333333327,541,463,0
Untooled baseline.txt,101.51204999999997,540,463,0
Untooled baseline.txt,101.59586666666668,536,463,0
Untooled baseline.txt,101.67968333333326,537,463,0
Untooled baseline.txt,101.76351666666658,534,463,0
Untooled baseline.txt,101.84731666666667,535,463,0
Untooled baseline.txt,101.93113333333325,534,463,0
Untooled baseline.txt,102.01493333333335,532,457,0
Untooled baseline.txt,102.09874999999992,535,463,0
Untooled baseline.txt,102.1825333333333,535,463,0
Untooled baseline.txt,102.26631666666665,535,463,0
Untooled baseline.txt,102.35013333333323,535,463,0
Untooled baseline.txt,102.43393333333333,535,463,0
Untooled baseline.txt,102.51776666666665,535,463,0
Untooled baseline.txt,102.60154999999989,535,463,0
Untooled baseline.txt,102.68538333333332,533,463,0
Untooled baseline.txt,102.7691833333333,533,463,0
Untooled baseline.txt,102.85298333333327,533,463,0
Untooled baseline.txt,102.93678333333325,521,447,0
Untooled baseline.txt,103.02061666666656,521,447,0
Untooled baseline.txt,103.10443333333326,520,447,0
Untooled baseline.txt,103.18821666666663,509,443,0
Untooled baseline.txt,103.27204999999995,519,447,0
Untooled baseline.txt,103.35584999999992,524,447,0
Untooled baseline.txt,103.43968333333324,524,447,0
Untooled baseline.txt,103.52348333333333,524,447,0
Untooled baseline.txt,103.60726666666658,524,447,0
Untooled baseline.txt,103.69108333333328,524,447,0
Untooled baseline.txt,103.77488333333325,535,447,0
Untooled baseline.txt,103.85868333333335,535,447,0
Untooled baseline.txt,103.94249999999992,534,447,0
Untooled baseline.txt,104.0262999999999,508,433,0
Untooled baseline.txt,104.11014999999995,535,447,0
Untooled baseline.txt,104.19396666666665,529,447,0
Untooled baseline.txt,104.2777499999999,530,447,0
Untooled baseline.txt,104.3615666666666,528,447,0
Untooled baseline.txt,104.4453833333333,532,460,0
Untooled baseline.txt,104.5292,533,460,0
Untooled baseline.txt,104.6130166666666,533,460,0
Untooled baseline.txt,104.69683333333329,533,460,0
Untooled baseline.txt,104.7806666666666,533,460,0
Untooled baseline.txt,104.86444999999998,534,460,0
Untooled baseline.txt,104.94824999999994,534,460,0
Untooled baseline.txt,105.03206666666665,534,460,0
Untooled baseline.txt,105.11586666666662,535,460,0
Untooled baseline.txt,105.1996666666666,533,460,0
Untooled baseline.txt,105.28348333333331,533,460,0
Untooled baseline.txt,105.36731666666661,533,460,0
Untooled baseline.txt,105.45111666666659,534,460,0
Untooled baseline.txt,105.53488333333323,537,460,0
Untooled baseline.txt,105.61869999999993,536,460,0
Untooled baseline.txt,105.7024999999999,536,460,0
Untooled baseline.txt,105.78628333333327,538,460,0
Untooled baseline.txt,105.87009999999997,540,460,0
Untooled baseline.txt,105.95393333333328,535,460,0
Untooled baseline.txt,106.03771666666665,536,460,0
Untooled baseline.txt,106.12153333333323,527,444,0
Untooled baseline.txt,106.20533333333333,536,444,0
Untooled baseline.txt,106.28916666666665,537,444,0
Untooled baseline.txt,106.37296666666661,536,444,0
Untooled baseline.txt,106.4567666666666,533,460,0
Untooled baseline.txt,106.54058333333329,538,460,0
Untooled baseline.txt,106.62438333333327,535,460,0
Untooled baseline.txt,106.70819999999998,543,460,0
Untooled baseline.txt,106.79198333333333,531,460,0
Untooled baseline.txt,106.87579999999993,537,460,0
Untooled baseline.txt,106.95954999999995,536,460,0
Untooled baseline.txt,107.04336666666664,531,460,0
Untooled baseline.txt,107.12716666666662,534,460,0
Untooled baseline.txt,107.2109666666666,528,460,0
Untooled baseline.txt,107.29479999999991,539,460,0
Untooled baseline.txt,107.3786,544,460,0
Untooled baseline.txt,107.46241666666658,545,460,0
Untooled baseline.txt,107.54621666666657,544,460,0
Untooled baseline.txt,107.63003333333327,536,449,0
Untooled baseline.txt,107.71383333333324,542,460,0
Untooled baseline.txt,107.79763333333334,550,460,0
Untooled baseline.txt,107.88144999999992,532,456,0
Untooled baseline.txt,107.9652499999999,546,460,0
Untooled baseline.txt,108.04903333333326,523,452,0
Untooled baseline.txt,108.13283333333324,522,452,0
Untooled baseline.txt,108.2166166666666,522,452,0
Untooled baseline.txt,108.30041666666656,524,452,0
Untooled baseline.txt,108.38421666666666,529,452,0
Untooled baseline.txt,108.46801666666664,529,452,0
Untooled baseline.txt,108.55184999999996,526,452,0
Untooled baseline.txt,108.63566666666665,531,456,0
Untooled baseline.txt,108.71946666666663,528,456,0
Untooled baseline.txt,108.8032666666666,529,456,0
Untooled baseline.txt,108.88704999999997,525,456,0
Untooled baseline.txt,108.97089999999989,531,456,0
Untooled baseline.txt,109.05473333333333,538,456,0
Untooled baseline.txt,109.1385333333333,548,466,0
Untooled baseline.txt,109.22233333333328,551,466,0
Untooled baseline.txt,109.30611666666664,551,466,0
Untooled baseline.txt,109.38993333333335,548,466,0
Untooled baseline.txt,109.47371666666659,548,466,0
Untooled baseline.txt,109.55751666666656,543,466,0
Untooled baseline.txt,109.64133333333326,547,466,0
Untooled baseline.txt,109.72514999999997,535,466,0
Untooled baseline.txt,109.80894999999994,557,466,0
Untooled baseline.txt,109.89276666666665,550,466,0
Untooled baseline.txt,109.97659999999996,551,466,0
Untooled baseline.txt,110.06038333333332,551,466,0
Untooled baseline.txt,110.14419999999991,551,466,0
Untooled baseline.txt,110.22800000000001,546,466,0
Untooled baseline.txt,110.31181666666659,545,466,0
Untooled baseline.txt,110.39561666666656,545,466,0
Untooled baseline.txt,110.47943333333326,550,466,0
Untooled baseline.txt,110.56324999999997,551,466,0
Untooled baseline.txt,110.64704999999995,544,466,0
Untooled baseline.txt,110.73086666666664,544,466,0
Untooled baseline.txt,110.81466666666662,548,466,0
Untooled baseline.txt,110.8984666666666,544,466,0
Untooled baseline.txt,110.9822833333333,534,466,0
Untooled baseline.txt,111.06608333333328,533,466,0
Untooled baseline.txt,111.14989999999997,543,466,0
Untooled baseline.txt,111.23371666666657,544,466,0
Untooled baseline.txt,111.31755,539,466,0
Untooled baseline.txt,111.40134999999997,544,466,0
Untooled baseline.txt,111.48516666666667,548,466,0
Untooled baseline.txt,111.56896666666665,544,466,0
Untooled baseline.txt,111.65278333333323,545,466,0
Untooled baseline.txt,111.73659999999994,552,466,0
Untooled baseline.txt,111.82041666666665,538,466,0
Untooled baseline.txt,111.9042,539,466,0
Untooled baseline.txt,111.98799999999999,538,466,0
Untooled baseline.txt,112.07179999999995,550,466,0
Untooled baseline.txt,112.15563333333327,551,466,0
Untooled baseline.txt,112.23943333333324,550,466,0
Untooled baseline.txt,112.32324999999994,545,466,0
Untooled baseline.txt,112.40704999999993,544,466,0
Untooled baseline.txt,112.4908499999999,543,466,0
Untooled baseline.txt,112.57464999999999,538,466,0
Untooled baseline.txt,112.65846666666657,535,466,0
Untooled baseline.txt,112.74228333333328,529,466,0
Untooled baseline.txt,112.82611666666659,539,466,0
Untooled baseline.txt,112.90991666666656,543,466,0
Untooled baseline.txt,112.99376666666662,545,466,0
Untooled baseline.txt,113.07756666666658,545,466,0
Untooled baseline.txt,113.16138333333329,545,466,0
Untooled baseline.txt,113.24516666666665,546,466,0
Untooled baseline.txt,113.32896666666663,547,466,0
Untooled baseline.txt,113.41283333333328,546,466,0
Untooled baseline.txt,113.49664999999999,546,466,0
Untooled baseline.txt,113.58046666666657,543,466,0
Untooled baseline.txt,113.66428333333327,525,466,0
Untooled baseline.txt,113.74811666666659,532,466,0
Untooled baseline.txt,113.8319499999999,534,466,0
Untooled baseline.txt,113.91574999999999,550,466,0
Untooled baseline.txt,113.99956666666658,533,466,0
Untooled baseline.txt,114.08343333333323,534,466,0
Untooled baseline.txt,114.16731666666662,533,463,0
Untooled baseline.txt,114.25114999999992,542,466,0
Untooled baseline.txt,114.3349499999999,540,466,0
Untooled baseline.txt,114.41876666666661,531,457,0
Untooled baseline.txt,114.50254999999997,538,466,0
Untooled baseline.txt,114.58634999999995,521,457,0
Untooled baseline.txt,114.67024999999994,498,436,0
Untooled baseline.txt,114.75411666666659,526,441,0
Untooled baseline.txt,114.83791666666657,532,452,0
Untooled baseline.txt,114.92171666666667,510,444,0
Untooled baseline.txt,115.00553333333325,506,441,0
Untooled baseline.txt,115.08934999999995,515,444,0
Untooled baseline.txt,115.17318333333327,522,444,0
Untooled baseline.txt,115.25698333333324,508,439,0
Untooled baseline.txt,115.34078333333333,520,444,0
Untooled baseline.txt,115.42456666666658,510,436,0
Untooled baseline.txt,115.5083999999999,502,430,0
Untooled baseline.txt,115.5922166666666,515,425,0
Untooled baseline.txt,115.67603333333331,519,444,0
Untooled baseline.txt,115.75985,521,444,0
Untooled baseline.txt,115.84364999999998,517,444,0
Untooled baseline.txt,115.92749999999991,501,417,0
Untooled baseline.txt,116.01134999999995,521,444,0
Untooled baseline.txt,116.09519999999999,511,423,0
Untooled baseline.txt,116.17901666666657,505,423,0
Untooled baseline.txt,116.26283333333328,494,406,0
Untooled baseline.txt,116.34664999999998,507,406,0
Untooled baseline.txt,116.43044999999996,504,431,0
Untooled baseline.txt,116.51428333333327,514,425,0
Untooled baseline.txt,116.59808333333325,504,425,0
Untooled baseline.txt,116.68191666666657,510,425,0
Untooled baseline.txt,116.76571666666665,511,425,0
Untooled baseline.txt,116.84953333333324,509,425,0
Untooled baseline.txt,116.93333333333334,512,431,0
Untooled baseline.txt,117.0171333333333,504,425,0
Untooled baseline.txt,117.10096666666662,507,425,0
Untooled baseline.txt,117.18476666666659,517,425,0
Untooled baseline.txt,117.26856666666657,533,431,0
Untooled baseline.txt,117.35236666666667,525,431,0
Untooled baseline.txt,117.43619999999997,531,431,0
Untooled baseline.txt,117.52001666666656,531,431,0
Untooled baseline.txt,117.6038666666666,532,431,0
Untooled baseline.txt,117.68768333333331,537,444,0
Untooled baseline.txt,117.77151666666663,532,444,0
Untooled baseline.txt,117.85529999999999,526,444,0
Untooled baseline.txt,117.93909999999997,524,444,0
Untooled baseline.txt,118.02291666666666,532,444,0
Untooled baseline.txt,118.10673333333325,526,444,0
Untooled baseline.txt,118.19056666666657,519,444,0
Untooled baseline.txt,118.27441666666661,520,444,0
Untooled baseline.txt,118.35823333333332,516,444,0
Untooled baseline.txt,118.44206666666663,520,444,0
Untooled baseline.txt,118.52588333333333,524,444,0
Untooled baseline.txt,118.60969999999992,526,444,0
Untooled baseline.txt,118.69351666666662,526,444,0
Untooled baseline.txt,118.77729999999998,526,444,0
Untooled baseline.txt,118.86111666666656,527,444,0
Untooled baseline.txt,118.94493333333327,516,441,0
Untooled baseline.txt,119.02873333333325,521,436,0
Untooled baseline.txt,119.11254999999996,520,436,0
Untooled baseline.txt,119.19636666666665,520,436,0
Untooled baseline.txt,119.28016666666663,521,436,0
Untooled baseline.txt,119.36398333333334,521,441,0
Untooled baseline.txt,119.4477833333333,527,441,0
Untooled baseline.txt,119.53160000000001,527,441,0
Untooled baseline.txt,119.61539999999998,526,441,0
Untooled baseline.txt,119.6992333333333,525,441,0
Untooled baseline.txt,119.78303333333328,520,441,0
Untooled baseline.txt,119.86681666666664,513,441,0
Untooled baseline.txt,119.95063333333334,509,439,0
Untooled baseline.txt,120.03444999999992,514,441,0
Untooled baseline.txt,120.1182499999999,514,441,0
Untooled baseline.txt,120.20208333333333,510,439,0
Untooled baseline.txt,120.28589999999991,515,436,0
Untooled baseline.txt,120.3696999999999,520,439,0
Untooled baseline.txt,120.4535166666666,520,439,0
Untooled baseline.txt,120.53731666666657,516,436,0
Untooled baseline.txt,120.62115,509,433,0
Untooled baseline.txt,120.70496666666659,508,430,0
Untooled baseline.txt,120.7887999999999,515,436,0
Untooled baseline.txt,120.87259999999999,510,436,0
Untooled baseline.txt,120.95641666666658,500,433,0
Untooled baseline.txt,121.04023333333329,515,436,0
Untooled baseline.txt,121.12404999999998,516,436,0
Untooled baseline.txt,121.20783333333323,509,433,0
Untooled baseline.txt,121.29164999999993,510,436,0
Untooled baseline.txt,121.37549999999997,510,436,0
Untooled baseline.txt,121.45929999999996,510,436,0
Untooled baseline.txt,121.54311666666666,510,436,0
Untooled baseline.txt,121.62693333333324,526,441,0
Untooled baseline.txt,121.71071666666661,525,444,0
Untooled baseline.txt,121.79451666666658,528,444,0
Untooled baseline.txt,121.8783499999999,528,444,0
Untooled baseline.txt,121.96215,528,444,0
Untooled baseline.txt,122.04594999999996,531,444,0
Untooled baseline.txt,122.12976666666667,514,444,0
Untooled baseline.txt,122.21354999999991,513,444,0
Untooled baseline.txt,122.29735000000001,514,433,0
Untooled baseline.txt,122.38113333333325,520,433,0
Untooled baseline.txt,122.46496666666657,531,444,0
Untooled baseline.txt,122.54878333333326,526,444,0
Untooled baseline.txt,122.63259999999997,519,444,0
Untooled baseline.txt,122.71639999999995,523,444,0
Untooled baseline.txt,122.80021666666666,521,444,0
Untooled baseline.txt,122.88403333333324,518,444,0
Untooled baseline.txt,122.9678166666666,534,444,0
Untooled baseline.txt,123.05161666666658,535,444,0
Untooled baseline.txt,123.13545,534,444,0
Untooled baseline.txt,123.21923333333325,539,444,0
Untooled baseline.txt,123.30308333333329,537,444,0
Untooled baseline.txt,123.38688333333327,533,444,0
Untooled baseline.txt,123.47071666666658,529,444,0
Untooled baseline.txt,123.55453333333328,519,444,0
Untooled baseline.txt,123.63834999999999,524,444,0
Untooled baseline.txt,123.72213333333323,551,444,0
Untooled baseline.txt,123.8059166666666,551,444,0
Untooled baseline.txt,123.88968333333324,502,409,0
Untooled baseline.txt,123.97348333333333,555,444,0
Untooled baseline.txt,124.05724999999997,550,444,0
Untooled baseline.txt,124.14103333333333,549,444,0
Untooled baseline.txt,124.2248333333333,547,444,0
Untooled baseline.txt,124.30858333333332,546,444,0
Untooled baseline.txt,124.39233333333323,546,444,0
Untooled baseline.txt,124.47613333333332,544,444,0
Untooled baseline.txt,124.55993333333329,544,444,0
Untooled baseline.txt,124.64375,544,444,0
Untooled baseline.txt,124.7274833333333,544,444,0
Untooled baseline.txt,124.81126666666665,542,437,0
Untooled baseline.txt,124.8950499999999,533,409,0
Untooled baseline.txt,124.97885,524,385,0
Untooled baseline.txt,125.06263333333324,516,385,0
Untooled baseline.txt,125.14648333333328,478,348,0
Untooled baseline.txt,125.23026666666665,517,412,0
Untooled baseline.txt,125.31406666666662,484,407,0
Untooled baseline.txt,125.3978666666666,416,362,0
Untooled baseline.txt,125.4816833333333,431,356,0
Untooled baseline.txt,125.56551666666661,405,341,0
Untooled baseline.txt,125.64934999999993,411,341,0
Untooled baseline.txt,125.73318333333324,416,341,0
Untooled baseline.txt,125.81698333333334,417,341,0
Untooled baseline.txt,125.90081666666666,419,341,0
Untooled baseline.txt,125.98461666666662,417,341,0
Untooled baseline.txt,126.06844999999994,406,341,0
Untooled baseline.txt,126.15228333333326,410,338,0
Untooled baseline.txt,126.23611666666656,408,338,0
Untooled baseline.txt,126.31996666666662,403,338,0
Untooled baseline.txt,126.40379999999992,410,338,0
Untooled baseline.txt,126.48763333333324,408,338,0
Untooled baseline.txt,126.57144999999994,406,338,0
Untooled baseline.txt,126.65526666666665,427,338,0
Untooled baseline.txt,126.73908333333323,446,338,0
Untooled baseline.txt,126.82291666666667,415,341,0
Untooled baseline.txt,126.90671666666664,422,341,0
Untooled baseline.txt,126.99053333333322,418,341,0
Untooled baseline.txt,127.07433333333331,430,341,0
Untooled baseline.txt,127.15816666666663,434,341,0
Untooled baseline.txt,127.24196666666661,435,341,0
Untooled baseline.txt,127.32576666666658,435,341,0
Untooled baseline.txt,127.4095999999999,435,341,0
Untooled baseline.txt,127.49338333333326,435,341,0
Untooled baseline.txt,127.57721666666657,435,341,0
Untooled baseline.txt,127.66099999999993,435,341,0
Untooled baseline.txt,127.74479999999991,434,341,0
Untooled baseline.txt,127.82856666666666,433,341,0
Untooled baseline.txt,127.91238333333325,429,341,0
Untooled baseline.txt,127.99618333333335,427,341,0
Untooled baseline.txt,128.07998333333333,419,341,0
Untooled baseline.txt,128.16381666666663,424,341,0
Untooled baseline.txt,128.2476,422,341,0
Untooled baseline.txt,128.33138333333324,413,337,0
Untooled baseline.txt,128.41519999999994,424,337,0
Untooled baseline.txt,128.4989833333333,424,337,0
Untooled baseline.txt,128.58279999999988,406,335,0
Untooled baseline.txt,128.6666,422,341,0
Untooled baseline.txt,128.7504333333333,422,341,0
Untooled baseline.txt,128.83421666666666,405,330,0
Untooled baseline.txt,128.91804999999997,465,341,0
Untooled baseline.txt,129.0018166666666,471,341,0
Untooled baseline.txt,129.0856333333333,477,341,0
Untooled baseline.txt,129.16941666666656,476,341,0
Untooled baseline.txt,129.25321666666665,476,341,0
Untooled baseline.txt,129.33701666666664,475,341,0
Untooled baseline.txt,129.42079999999999,476,341,0
Untooled baseline.txt,129.50458333333324,476,341,0
Untooled baseline.txt,129.5883666666666,470,341,0
Untooled baseline.txt,129.67214999999996,473,341,0
Untooled baseline.txt,129.75594999999993,432,341,0
Untooled baseline.txt,129.83974999999992,416,341,0
Untooled baseline.txt,129.92355,409,341,0
Untooled baseline.txt,130.0073666666666,425,341,0
Untooled baseline.txt,130.0911833333333,407,335,0
Untooled baseline.txt,130.17498333333327,419,335,0
Untooled baseline.txt,130.25878333333324,412,335,0
Untooled baseline.txt,130.34259999999995,422,335,0
Untooled baseline.txt,130.42639999999992,420,335,0
Untooled baseline.txt,130.51021666666662,425,335,0
Untooled baseline.txt,130.59404999999995,415,341,0
Untooled baseline.txt,130.67786666666663,425,341,0
Untooled baseline.txt,130.76169999999996,431,341,0
Untooled baseline.txt,130.84553333333326,432,341,0
Untooled baseline.txt,130.92934999999997,427,341,0
Untooled baseline.txt,131.01316666666656,424,341,0
Untooled baseline.txt,131.09694999999994,424,341,0
Untooled baseline.txt,131.18078333333324,411,341,0
Untooled baseline.txt,131.26461666666668,408,341,0
Untooled baseline.txt,131.34843333333325,416,341,0
Untooled baseline.txt,131.4322999999999,403,324,0
Untooled baseline.txt,131.51613333333322,404,324,0
Untooled baseline.txt,131.59994999999992,401,324,0
Untooled baseline.txt,131.6837499999999,413,324,0
Untooled baseline.txt,131.76758333333333,421,324,0
Untooled baseline.txt,131.85141666666667,423,341,0
Untooled baseline.txt,131.9351999999999,434,341,0
Untooled baseline.txt,132.01898333333327,436,341,0
Untooled baseline.txt,132.10279999999997,441,341,0
Untooled baseline.txt,132.18663333333328,438,341,0
Untooled baseline.txt,132.27041666666665,433,341,0
Untooled baseline.txt,132.35421666666662,436,341,0
Untooled baseline.txt,132.43804999999992,435,341,0
Untooled baseline.txt,132.52186666666663,446,341,0
Untooled baseline.txt,132.60568333333333,446,341,0
Untooled baseline.txt,132.68949999999992,456,341,0
Untooled baseline.txt,132.7732999999999,447,341,0
Untooled baseline.txt,132.85713333333334,463,341,0
Untooled baseline.txt,132.9409499999999,447,341,0
Untooled baseline.txt,133.02475,447,341,0
Untooled baseline.txt,133.1085666666666,463,341,0
Untooled baseline.txt,133.19243333333324,435,341,0
Untooled baseline.txt,133.27623333333335,446,341,0
Untooled baseline.txt,133.36004999999992,445,341,0
Untooled baseline.txt,133.44386666666662,441,341,0
Untooled baseline.txt,133.52768333333333,441,341,0
Untooled baseline.txt,133.61149999999992,440,341,0
Untooled baseline.txt,133.69531666666663,441,341,0
Untooled baseline.txt,133.7791166666666,442,341,0
Untooled baseline.txt,133.8629333333333,442,341,0
Untooled baseline.txt,133.94675,442,341,0
Untooled baseline.txt,134.0305833333333,442,341,0
Untooled baseline.txt,134.11441666666664,442,341,0
Untooled baseline.txt,134.19819999999999,442,341,0
Untooled baseline.txt,134.28201666666658,442,341,0
Untooled baseline.txt,134.3658166666667,437,341,0
Untooled baseline.txt,134.44963333333325,435,341,0
Untooled baseline.txt,134.53344999999996,442,341,0
Untooled baseline.txt,134.61724999999993,442,341,0
Untooled baseline.txt,134.70106666666663,424,341,0
Untooled baseline.txt,134.78488333333323,435,341,0
Untooled baseline.txt,134.86869999999993,429,341,0
Untooled baseline.txt,134.95253333333324,421,341,0
Untooled baseline.txt,135.03634999999994,429,341,0
Untooled baseline.txt,135.12018333333327,435,341,0
Untooled baseline.txt,135.20398333333324,435,341,0
Untooled baseline.txt,135.28779999999995,441,341,0
Untooled baseline.txt,135.37159999999992,441,341,0
Untooled baseline.txt,135.45541666666662,441,341,0
Untooled baseline.txt,135.53924999999992,440,341,0
Untooled baseline.txt,135.6230333333333,429,341,0
Untooled baseline.txt,135.70683333333326,419,341,0
Untooled baseline.txt,135.79064999999997,434,341,0
Untooled baseline.txt,135.87444999999994,435,341,0
Untooled baseline.txt,135.95826666666665,430,341,0
Untooled baseline.txt,136.0420666666666,441,341,0
Untooled baseline.txt,136.12588333333332,451,341,0
Untooled baseline.txt,136.2096999999999,447,341,0
Untooled baseline.txt,136.29351666666662,452,341,0
Untooled baseline.txt,136.3773166666666,447,341,0
Untooled baseline.txt,136.4611333333333,452,341,0
Untooled baseline.txt,136.54495,447,341,0
Untooled baseline.txt,136.6287666666666,452,341,0
Untooled baseline.txt,136.71261666666663,451,341,0
Untooled baseline.txt,136.7964166666666,451,341,0
Untooled baseline.txt,136.88021666666657,444,341,0
Untooled baseline.txt,136.96401666666668,452,341,0
Untooled baseline.txt,137.0477999999999,445,341,0
Untooled baseline.txt,137.13160000000002,435,341,0
Untooled baseline.txt,137.21543333333332,430,341,0
Untooled baseline.txt,137.29921666666658,429,341,0
Untooled baseline.txt,137.38303333333326,414,341,0
Untooled baseline.txt,137.46684999999997,453,341,0
Untooled baseline.txt,137.55066666666656,442,341,0
Untooled baseline.txt,137.6345,447,341,0
Untooled baseline.txt,137.71829999999997,447,341,0
Untooled baseline.txt,137.80209999999994,442,341,0
Untooled baseline.txt,137.88593333333327,442,341,0
Untooled baseline.txt,137.96974999999995,442,341,0
Untooled baseline.txt,138.05354999999994,439,341,0
Untooled baseline.txt,138.1373499999999,442,341,0
Untooled baseline.txt,138.22116666666662,447,341,0
Untooled baseline.txt,138.3049666666666,442,341,0
Untooled baseline.txt,138.38876666666656,431,341,0
Untooled baseline.txt,138.4726,420,341,0
Untooled baseline.txt,138.55638333333323,436,341,0
Untooled baseline.txt,138.64019999999994,447,341,0
Untooled baseline.txt,138.7239833333333,447,341,0
Untooled baseline.txt,138.8077999999999,447,341,0
Untooled baseline.txt,138.89163333333332,447,341,0
Untooled baseline.txt,138.97541666666658,447,341,0
Untooled baseline.txt,139.05919999999995,446,341,0
Untooled baseline.txt,139.14301666666663,447,341,0
Untooled baseline.txt,139.22683333333333,441,341,0
Untooled baseline.txt,139.31066666666666,437,341,0
Untooled baseline.txt,139.39446666666663,447,341,0
Untooled baseline.txt,139.47828333333334,447,341,0
Untooled baseline.txt,139.5620833333333,428,341,0
Untooled baseline.txt,139.64588333333327,425,341,0
Untooled baseline.txt,139.72969999999998,447,341,0
Untooled baseline.txt,139.81349999999995,440,341,0
Untooled baseline.txt,139.89729999999994,447,341,0
Untooled baseline.txt,139.98111666666665,447,341,0
Untooled baseline.txt,140.06493333333336,449,341,0
Untooled baseline.txt,140.14876666666666,453,341,0
Untooled baseline.txt,140.23258333333325,443,341,0
Untooled baseline.txt,140.31639999999996,443,341,0
Untooled baseline.txt,140.40019999999993,449,341,0
Untooled baseline.txt,140.48403333333323,449,341,0
Untooled baseline.txt,140.56784999999994,443,341,0
Untooled baseline.txt,140.65166666666664,443,341,0
Untooled baseline.txt,140.7354666666666,449,341,0
Untooled baseline.txt,140.81929999999994,454,341,0
Untooled baseline.txt,140.90313333333324,454,341,0
Untooled baseline.txt,140.98694999999995,454,341,0
Untooled baseline.txt,141.0708,443,341,0
Untooled baseline.txt,141.15461666666658,484,341,0
Untooled baseline.txt,141.2384499999999,473,341,0
Untooled baseline.txt,141.3222666666666,489,341,0
Untooled baseline.txt,141.40611666666663,489,341,0
Untooled baseline.txt,141.48993333333334,489,341,0
Untooled baseline.txt,141.57378333333327,489,341,0
Untooled baseline.txt,141.65758333333324,489,341,0
Untooled baseline.txt,141.74138333333335,489,341,0
Untooled baseline.txt,141.8251999999999,485,341,0
Untooled baseline.txt,141.9089999999999,490,341,0
Untooled baseline.txt,141.99281666666658,485,341,0
Untooled baseline.txt,142.07661666666658,485,341,0
Untooled baseline.txt,142.16041666666666,428,305,0
Untooled baseline.txt,142.24425,433,305,0
Untooled baseline.txt,142.3280833333333,432,305,0
Untooled baseline.txt,142.4119,436,305,0
Untooled baseline.txt,142.4957333333333,472,341,0
Untooled baseline.txt,142.5795499999999,468,341,0
Untooled baseline.txt,142.6633666666666,473,341,0
Untooled baseline.txt,142.74716666666657,468,341,0
Untooled baseline.txt,142.83098333333328,477,341,0
Untooled baseline.txt,142.91478333333325,474,341,0
Untooled baseline.txt,142.99861666666658,483,341,0
Untooled baseline.txt,143.08243333333328,490,341,0
Untooled baseline.txt,143.16624999999996,477,341,0
Untooled baseline.txt,143.25004999999996,489,341,0
Untooled baseline.txt,143.33388333333326,482,341,0
Untooled baseline.txt,143.41769999999997,484,341,0
Untooled baseline.txt,143.50151666666667,489,341,0
Untooled baseline.txt,143.5852999999999,489,341,0
Untooled baseline.txt,143.6691166666666,492,341,0
Untooled baseline.txt,143.7529166666666,492,341,0
Untooled baseline.txt,143.83671666666658,495,341,0
Untooled baseline.txt,143.92049999999992,488,341,0
Untooled baseline.txt,144.00429999999992,486,341,0
Untooled baseline.txt,144.08813333333333,485,341,0
Untooled baseline.txt,144.17194999999992,485,341,0
Untooled baseline.txt,144.2557499999999,496,341,0
Untooled baseline.txt,144.3395666666666,502,341,0
Untooled baseline.txt,144.4233833333333,498,341,0
Untooled baseline.txt,144.5071999999999,497,341,0
Untooled baseline.txt,144.5910166666666,492,341,0
Untooled baseline.txt,144.67481666666657,502,341,0
Untooled baseline.txt,144.75863333333328,502,341,0
Untooled baseline.txt,144.84244999999999,502,341,0
Untooled baseline.txt,144.92624999999995,502,341,0
Untooled baseline.txt,145.01003333333333,502,341,0
Untooled baseline.txt,145.0938499999999,491,341,0
Untooled baseline.txt,145.1776666666666,495,341,0
Untooled baseline.txt,145.26149999999993,495,341,0
Untooled baseline.txt,145.34531666666663,500,341,0
Untooled baseline.txt,145.4291166666666,500,341,0
Untooled baseline.txt,145.5129499999999,499,341,0
Untooled baseline.txt,145.59671666666665,499,341,0
Untooled baseline.txt,145.68054999999998,495,341,0
Untooled baseline.txt,145.76434999999995,495,341,0
Untooled baseline.txt,145.84818333333325,494,341,0
Untooled baseline.txt,145.93196666666663,499,341,0
Untooled baseline.txt,146.01581666666667,500,341,0
Untooled baseline.txt,146.09963333333326,500,341,0
Untooled baseline.txt,146.18343333333323,495,341,0
Untooled baseline.txt,146.26724999999993,495,341,0
Untooled baseline.txt,146.35109999999997,496,341,0
Untooled baseline.txt,146.4349499999999,494,341,0
Untooled baseline.txt,146.51878333333335,491,341,0
Untooled baseline.txt,146.6025833333333,496,341,0
Untooled baseline.txt,146.68641666666662,492,341,0
Untooled baseline.txt,146.77023333333332,492,341,0
Untooled baseline.txt,146.85403333333332,492,341,0
Untooled baseline.txt,146.93785,492,341,0
Untooled baseline.txt,147.0216666666666,491,341,0
Untooled baseline.txt,147.1054833333333,480,341,0
Untooled baseline.txt,147.18928333333326,475,341,0
Untooled baseline.txt,147.27314999999993,482,341,0
Untooled baseline.txt,147.35696666666664,488,341,0
Untooled baseline.txt,147.44078333333334,476,341,0
Untooled baseline.txt,147.5245999999999,497,341,0
Untooled baseline.txt,147.6084166666666,498,341,0
Untooled baseline.txt,147.6922166666666,496,341,0
Untooled baseline.txt,147.7760499999999,492,341,0
Untooled baseline.txt,147.85989999999995,491,341,0
Untooled baseline.txt,147.94371666666666,491,341,0
Untooled baseline.txt,148.02754999999996,491,341,0
Untooled baseline.txt,148.11134999999996,491,341,0
Untooled baseline.txt,148.19516666666667,483,341,0
Untooled baseline.txt,148.27898333333323,483,341,0
Untooled baseline.txt,148.36278333333334,487,341,0
Untooled baseline.txt,148.4465999999999,482,341,0
Untooled baseline.txt,148.5304166666666,488,341,0
Untooled baseline.txt,148.61424999999994,486,341,0
Untooled baseline.txt,148.69801666666658,486,341,0
Untooled baseline.txt,148.78185,477,341,0
Untooled baseline.txt,148.86571666666666,469,341,0
Untooled baseline.txt,148.94953333333325,461,341,0
Untooled baseline.txt,149.03334999999996,466,341,0
Untooled baseline.txt,149.11716666666663,477,341,0
Untooled baseline.txt,149.20101666666656,475,341,0
Untooled baseline.txt,149.28481666666667,469,341,0
Untooled baseline.txt,149.3686666666666,473,341,0
Untooled baseline.txt,149.4524833333333,461,341,0
Untooled baseline.txt,149.53628333333327,472,341,0
Untooled baseline.txt,149.62011666666658,459,341,0
Untooled baseline.txt,149.7039499999999,444,341,0
Untooled baseline.txt,149.7877666666666,467,341,0
Untooled baseline.txt,149.87163333333325,473,341,0
Untooled baseline.txt,149.9554833333333,464,341,0
Untooled baseline.txt,150.03933333333333,459,341,0
Untooled baseline.txt,150.12314999999992,465,341,0
Untooled baseline.txt,150.20699999999997,460,341,0
Untooled baseline.txt,150.2908333333333,470,341,0
Untooled baseline.txt,150.37468333333334,462,341,0
Untooled baseline.txt,150.4584999999999,445,341,0
Untooled baseline.txt,150.54233333333323,450,341,0
Untooled baseline.txt,150.6261333333333,456,341,0
Untooled baseline.txt,150.70993333333328,448,341,0
Untooled baseline.txt,150.7937666666666,462,341,0
Untooled baseline.txt,150.87761666666665,450,341,0
Untooled baseline.txt,150.96143333333325,447,341,0
Untooled baseline.txt,151.04526666666666,447,341,0
Untooled baseline.txt,151.1291,449,341,0
Untooled baseline.txt,151.21298333333326,450,341,0
Untooled baseline.txt,151.29679999999996,439,341,0
Untooled baseline.txt,151.38061666666667,450,341,0
Untooled baseline.txt,151.46444999999997,460,341,0
Untooled baseline.txt,151.54826666666668,450,341,0
Untooled baseline.txt,151.6320499999999,455,341,0
Untooled baseline.txt,151.71591666666657,460,341,0
Untooled baseline.txt,151.79975000000002,440,341,0
Untooled baseline.txt,151.88356666666658,442,341,0
Untooled baseline.txt,151.96741666666665,438,341,0
Untooled baseline.txt,152.05121666666662,451,341,0
Untooled baseline.txt,152.13503333333333,445,341,0
Untooled baseline.txt,152.21886666666663,435,341,0
Untooled baseline.txt,152.30269999999993,458,341,0
Untooled baseline.txt,152.38651666666664,455,341,0
Untooled baseline.txt,152.47033333333323,429,341,0
Untooled baseline.txt,152.55414999999994,420,341,0
Untooled baseline.txt,152.63798333333324,423,335,0
Untooled baseline.txt,152.7218499999999,428,319,0
Untooled baseline.txt,152.80569999999994,435,319,0
Untooled baseline.txt,152.88951666666665,436,319,0
Untooled baseline.txt,152.97333333333324,448,319,0
Untooled baseline.txt,153.05719999999988,447,319,0
Untooled baseline.txt,153.1410166666666,441,319,0
Untooled baseline.txt,153.22486666666663,444,319,0
Untooled baseline.txt,153.30868333333333,443,319,0
Untooled baseline.txt,153.39253333333326,423,319,0
Untooled baseline.txt,153.47634999999997,428,319,0
Untooled baseline.txt,153.5601833333333,441,319,0
Untooled baseline.txt,153.64403333333334,431,319,0
Untooled baseline.txt,153.7278499999999,423,319,0
Untooled baseline.txt,153.8116666666666,440,319,0
Untooled baseline.txt,153.89549999999994,436,319,0
Untooled baseline.txt,153.97931666666665,431,319,0
Untooled baseline.txt,154.06313333333335,425,319,0
Untooled baseline.txt,154.14696666666666,446,319,0
Untooled baseline.txt,154.23079999999996,451,319,0
Untooled baseline.txt,154.3146499999999,445,319,0
Untooled baseline.txt,154.3984666666666,451,319,0
Untooled baseline.txt,154.48231666666663,452,319,0
Untooled baseline.txt,154.56613333333323,452,319,0
Untooled baseline.txt,154.64994999999993,452,319,0
Untooled baseline.txt,154.73378333333324,486,319,0
Untooled baseline.txt,154.81758333333335,486,319,0
Untooled baseline.txt,154.9013833333333,486,319,0
Untooled baseline.txt,154.9851999999999,486,319,0
Untooled baseline.txt,155.06903333333332,486,319,0
Untooled baseline.txt,155.15281666666658,486,319,0
Untooled baseline.txt,155.2366333333333,486,319,0
Untooled baseline.txt,155.32045,486,319,0
Untooled baseline.txt,155.4042833333333,486,319,0
Untooled baseline.txt,155.4881166666666,486,319,0
Untooled baseline.txt,155.57194999999993,486,319,0
Untooled baseline.txt,155.65576666666664,486,319,0
Untooled baseline.txt,155.73959999999994,486,319,0
Untooled baseline.txt,155.8233999999999,486,319,0
Untooled baseline.txt,155.9072166666666,486,319,0
Untooled baseline.txt,155.99101666666658,486,319,0
Untooled baseline.txt,156.0748333333333,486,319,0
Untooled baseline.txt,156.15866666666662,486,319,0
Untooled baseline.txt,156.24248333333333,486,319,0
Untooled baseline.txt,156.3262999999999,486,319,0
Untooled baseline.txt,156.4101,486,319,0
Untooled baseline.txt,156.4939333333333,486,319,0
Untooled baseline.txt,156.5777499999999,486,319,0
Untooled baseline.txt,156.6615666666666,486,319,0
Untooled baseline.txt,156.74534999999997,486,319,0
Untooled baseline.txt,156.82918333333328,486,319,0
Untooled baseline.txt,156.91299999999998,486,319,0
Untooled baseline.txt,156.99681666666658,486,319,0
Untooled baseline.txt,157.08063333333328,486,319,0
Untooled baseline.txt,157.16444999999996,486,319,0
Untooled baseline.txt,157.24824999999996,486,319,0
Untooled baseline.txt,157.33208333333326,441,284,0
Untooled baseline.txt,157.41588333333323,447,284,0
Untooled baseline.txt,157.49969999999993,437,284,0
Untooled baseline.txt,157.58353333333326,436,284,0
Untooled baseline.txt,157.66734999999997,435,284,0
Untooled baseline.txt,157.75118333333327,434,284,0
Untooled baseline.txt,157.83499999999998,434,284,0
Untooled baseline.txt,157.91879999999995,432,284,0
Untooled baseline.txt,158.00261666666665,432,284,0
Untooled baseline.txt,158.08644999999996,432,284,0
Untooled baseline.txt,158.1702833333333,432,284,0
Untooled baseline.txt,158.2541166666666,426,273,0
Untooled baseline.txt,158.3379333333333,447,294,0
Untooled baseline.txt,158.42176666666663,439,294,0
Untooled baseline.txt,158.5055833333333,418,258,0
Untooled baseline.txt,158.58936666666656,451,319,0
Untooled baseline.txt,158.6732,452,319,0
Untooled baseline.txt,158.75699999999998,453,319,0
Untooled baseline.txt,158.84083333333328,460,319,0
Untooled baseline.txt,158.92468333333332,461,319,0
Untooled baseline.txt,159.00848333333332,458,319,0
Untooled baseline.txt,159.0923,461,319,0
Untooled baseline.txt,159.1761166666666,456,319,0
Untooled baseline.txt,159.25991666666656,460,319,0
Untooled baseline.txt,159.34375,461,319,0
Untooled baseline.txt,159.42759999999993,461,319,0
Untooled baseline.txt,159.51166666666663,398,319,0
Untooled baseline.txt,159.59551666666667,398,316,0
Untooled baseline.txt,159.67934999999997,355,272,0
Untooled baseline.txt,159.76316666666656,348,266,0
Untooled baseline.txt,159.847,348,266,0
Untooled baseline.txt,159.9308333333333,348,266,0
Untooled baseline.txt,160.0146666666666,344,266,0
Untooled baseline.txt,160.09844999999999,369,266,0
Untooled baseline.txt,160.1822833333333,374,272,0
Untooled baseline.txt,160.26613333333322,374,272,0
Untooled baseline.txt,160.34996666666666,374,272,0
Untooled baseline.txt,160.43378333333325,374,272,0
Untooled baseline.txt,160.51758333333333,374,272,0
Untooled baseline.txt,160.60141666666667,372,272,0
Untooled baseline.txt,160.68523333333323,372,272,0
Untooled baseline.txt,160.76904999999994,367,272,0
Untooled baseline.txt,160.85288333333327,353,272,0
Untooled baseline.txt,160.93678333333324,363,277,0
Untooled baseline.txt,161.02063333333328,368,277,0
Untooled baseline.txt,161.10448333333335,372,277,0
Untooled baseline.txt,161.1882999999999,407,277,0
Untooled baseline.txt,161.27214999999995,403,277,0
Untooled baseline.txt,161.35598333333328,403,277,0
Untooled baseline.txt,161.43984999999992,392,277,0
Untooled baseline.txt,161.52368333333325,398,277,0
Untooled baseline.txt,161.6075333333333,394,277,0
Untooled baseline.txt,161.69138333333333,402,277,0
Untooled baseline.txt,161.77521666666664,407,277,0
Untooled baseline.txt,161.85903333333323,418,277,0
Untooled baseline.txt,161.9429166666666,415,277,0
Untooled baseline.txt,162.02674999999994,421,277,0
Untooled baseline.txt,162.11058333333324,427,277,0
Untooled baseline.txt,162.19441666666657,427,277,0
Untooled baseline.txt,162.2782666666666,420,277,0
Untooled baseline.txt,162.3620999999999,420,277,0
Untooled baseline.txt,162.44594999999995,420,277,0
Untooled baseline.txt,162.52974999999995,420,277,0
Untooled baseline.txt,162.61356666666663,412,277,0
Untooled baseline.txt,162.69739999999996,409,277,0
Untooled baseline.txt,162.78121666666667,410,277,0
Untooled baseline.txt,162.8650833333333,410,277,0
Untooled baseline.txt,162.9488999999999,421,277,0
Untooled baseline.txt,163.03273333333334,428,277,0
Untooled baseline.txt,163.1165499999999,427,277,0
Untooled baseline.txt,163.20039999999997,431,277,0
Untooled baseline.txt,163.28425000000001,435,277,0
Untooled baseline.txt,163.36806666666658,438,319,0
Untooled baseline.txt,163.45186666666658,432,319,0
Untooled baseline.txt,163.53568333333325,431,319,0
Untooled baseline.txt,163.61951666666658,419,319,0
Untooled baseline.txt,163.7033333333333,425,319,0
Untooled baseline.txt,163.78711666666666,431,319,0
Untooled baseline.txt,163.8709833333333,440,319,0
Untooled baseline.txt,163.9548,442,319,0
Untooled baseline.txt,164.0386333333333,449,319,0
Untooled baseline.txt,164.12248333333324,465,319,0
Untooled baseline.txt,164.2063499999999,358,283,0
Untooled baseline.txt,164.29019999999994,314,248,0
Untooled baseline.txt,164.37403333333324,303,237,0
Untooled baseline.txt,164.45786666666658,329,235,0
Untooled baseline.txt,164.5417333333332,313,229,0
Untooled baseline.txt,164.6256,309,229,0
Untooled baseline.txt,164.70948333333325,293,224,0
Untooled baseline.txt,164.79331666666658,301,226,0
Untooled baseline.txt,164.8771499999999,313,221,0
Untooled baseline.txt,164.96098333333333,323,221,0
Untooled baseline.txt,165.04481666666663,319,221,0
Untooled baseline.txt,165.12864999999996,327,221,0
Untooled baseline.txt,165.2125,320,221,0
Untooled baseline.txt,165.29634999999993,326,221,0
Untooled baseline.txt,165.38018333333324,321,221,0
Untooled baseline.txt,165.4640499999999,319,221,0
Untooled baseline.txt,165.54791666666668,319,221,0
Untooled baseline.txt,165.63176666666658,313,221,0
Untooled baseline.txt,165.71563333333324,321,221,0
Untooled baseline.txt,165.79946666666655,303,221,0
Untooled baseline.txt,165.88333333333333,319,221,0
Untooled baseline.txt,165.9672,315,221,0
Untooled baseline.txt,166.05106666666663,320,221,0
Untooled baseline.txt,166.1349333333333,320,221,0
Untooled baseline.txt,166.21881666666656,304,221,0
Untooled baseline.txt,166.30268333333333,310,221,0
Untooled baseline.txt,166.3865666666666,289,200,0
Untooled baseline.txt,166.47048333333333,298,205,0
Untooled baseline.txt,166.5546166666666,276,189,0
Untooled baseline.txt,166.63849999999996,284,189,0
Untooled baseline.txt,166.7223666666666,277,189,0
Untooled baseline.txt,166.80623333333327,268,187,0
Untooled baseline.txt,166.89009999999993,292,189,0
Untooled baseline.txt,166.97394999999997,289,189,0
Untooled baseline.txt,167.0578166666666,311,189,0
Untooled baseline.txt,167.14168333333328,307,189,0
Untooled baseline.txt,167.22553333333332,317,189,0
Untooled baseline.txt,167.30936666666665,305,189,0
Untooled baseline.txt,167.3932499999999,317,189,0
Untooled baseline.txt,167.47709999999995,300,189,0
Untooled baseline.txt,167.5609666666666,312,189,0
Untooled baseline.txt,167.64479999999992,325,189,0
Untooled baseline.txt,167.72864999999996,320,189,0
Untooled baseline.txt,167.81248333333326,318,189,0
Untooled baseline.txt,167.8963333333333,304,189,0
Untooled baseline.txt,167.98018333333323,288,189,0
Untooled baseline.txt,168.06403333333327,289,179,0
Untooled baseline.txt,168.14788333333334,288,179,0
Untooled baseline.txt,168.23171666666664,287,173,0
Untooled baseline.txt,168.31556666666657,289,173,0
Untooled baseline.txt,168.39943333333335,269,173,0
Untooled baseline.txt,168.48326666666665,289,173,0
Untooled baseline.txt,168.56713333333332,344,189,0
Untooled baseline.txt,168.65096666666662,342,189,0
Untooled baseline.txt,168.73481666666666,331,189,0
Untooled baseline.txt,168.81865,337,189,0
Untooled baseline.txt,168.9024999999999,351,189,0
Untooled baseline.txt,168.9863,348,189,0
Untooled baseline.txt,169.0701333333333,343,189,0
Untooled baseline.txt,169.15399999999997,345,189,0
Untooled baseline.txt,169.23785,349,189,0
Untooled baseline.txt,169.32169999999994,348,189,0
Untooled baseline.txt,169.40554999999998,352,189,0
Untooled baseline.txt,169.48938333333328,354,189,0
Untooled baseline.txt,169.57323333333335,367,189,0
Untooled baseline.txt,169.65703333333332,353,189,0
Untooled baseline.txt,169.74088333333324,349,189,0
Untooled baseline.txt,169.82475000000002,361,189,0
Untooled baseline.txt,169.90859999999992,372,189,0
Untooled baseline.txt,169.99243333333325,377,189,0
Untooled baseline.txt,170.07624999999996,378,189,0
Untooled baseline.txt,170.1601,377,189,0
Untooled baseline.txt,170.2439333333333,370,189,0
Untooled baseline.txt,170.32776666666663,377,189,0
Untooled baseline.txt,170.41161666666667,374,189,0
Untooled baseline.txt,170.4954666666666,355,189,0
Untooled baseline.txt,170.5792833333333,362,189,0
Untooled baseline.txt,170.6631166666666,367,189,0
Untooled baseline.txt,170.7469499999999,367,189,0
Untooled baseline.txt,170.83079999999998,363,189,0
Untooled baseline.txt,170.91461666666666,361,189,0
Untooled baseline.txt,170.99841666666666,357,189,0
Untooled baseline.txt,171.08223333333322,343,189,0
Untooled baseline.txt,171.16606666666667,356,189,0
Untooled baseline.txt,171.24988333333326,351,189,0
Untooled baseline.txt,171.33368333333334,368,189,0
Untooled baseline.txt,171.41751666666667,358,189,0
Untooled baseline.txt,171.50134999999997,358,189,0
Untooled baseline.txt,171.58516666666668,360,189,0
Untooled baseline.txt,171.66899999999998,361,189,0
Untooled baseline.txt,171.7528333333333,356,189,0
Untooled baseline.txt,171.83666666666662,359,189,0
Untooled baseline.txt,171.92051666666666,366,189,0
Untooled baseline.txt,172.00433333333325,347,189,0
Untooled baseline.txt,172.08814999999996,319,189,0
Untooled baseline.txt,172.172,306,189,0
Untooled baseline.txt,172.2558333333333,301,189,0
Untooled baseline.txt,172.3396499999999,307,189,0
Untooled baseline.txt,172.4234666666666,309,189,0
Untooled baseline.txt,172.50731666666664,325,189,0
Untooled baseline.txt,172.59114999999994,325,189,0
Untooled baseline.txt,172.675,331,189,0
Untooled baseline.txt,172.7588499999999,327,189,0
Untooled baseline.txt,172.8426499999999,326,189,0
Untooled baseline.txt,172.92649999999995,317,189,0
Untooled baseline.txt,173.01035,326,189,0
Untooled baseline.txt,173.09416666666658,313,189,0
Untooled baseline.txt,173.17801666666662,317,189,0
Untooled baseline.txt,173.26183333333333,339,189,0
Untooled baseline.txt,173.3456499999999,332,189,0
Untooled baseline.txt,173.42945,334,189,0
Untooled baseline.txt,173.51324999999997,345,189,0
Untooled baseline.txt,173.59706666666668,355,189,0
Untooled baseline.txt,173.68089999999998,351,189,0
Untooled baseline.txt,173.7647499999999,345,189,0
Untooled baseline.txt,173.84855000000002,351,189,0
Untooled baseline.txt,173.93236666666658,338,189,0
Untooled baseline.txt,174.01614999999995,346,189,0
Untooled baseline.txt,174.09998333333326,347,189,0
Untooled baseline.txt,174.18378333333325,346,189,0
Untooled baseline.txt,174.26761666666656,348,189,0
Untooled baseline.txt,174.35143333333326,343,189,0
Untooled baseline.txt,174.43521666666663,349,189,0
Untooled baseline.txt,174.51903333333334,338,189,0
Untooled baseline.txt,174.60288333333327,340,189,0
Untooled baseline.txt,174.68668333333324,351,189,0
Untooled baseline.txt,174.77049999999994,364,189,0
Untooled baseline.txt,174.85433333333324,355,189,0
Untooled baseline.txt,174.93814999999995,369,189,0
Untooled baseline.txt,175.02196666666666,363,189,0
Untooled baseline.txt,175.1057499999999,363,189,0
Untooled baseline.txt,175.18958333333333,359,189,0
Untooled baseline.txt,175.2733833333333,364,189,0
Untooled baseline.txt,175.3571999999999,368,189,0
Untooled baseline.txt,175.44099999999997,358,189,0
Untooled baseline.txt,175.5248333333333,360,189,0
Untooled baseline.txt,175.60865,365,189,0
Untooled baseline.txt,175.6924833333333,363,189,0
Untooled baseline.txt,175.77631666666665,363,189,0
Untooled baseline.txt,175.86013333333332,367,189,0
Untooled baseline.txt,175.94394999999992,367,189,0
Untooled baseline.txt,176.02776666666662,372,189,0
Untooled baseline.txt,176.11158333333333,372,189,0
Untooled baseline.txt,176.19539999999992,372,189,0
Untooled baseline.txt,176.27923333333322,378,189,0
Untooled baseline.txt,176.3630166666666,378,189,0
Untooled baseline.txt,176.4468333333333,380,189,0
Untooled baseline.txt,176.53063333333327,380,189,0
Untooled baseline.txt,176.61446666666657,370,189,0
Untooled baseline.txt,176.69824999999994,380,189,0
Untooled baseline.txt,176.78206666666665,369,189,0
Untooled baseline.txt,176.86589999999995,358,189,0
Untooled baseline.txt,176.94969999999995,373,189,0
Untooled baseline.txt,177.03351666666666,368,189,0
Untooled baseline.txt,177.11733333333322,366,189,0
Untooled baseline.txt,177.20114999999993,367,189,0
Untooled baseline.txt,177.2849499999999,373,189,0
Untooled baseline.txt,177.36875,363,189,0
Untooled baseline.txt,177.45256666666657,361,189,0
Untooled baseline.txt,177.53638333333328,360,189,0
Untooled baseline.txt,177.62019999999998,341,189,0
Untooled baseline.txt,177.70401666666658,348,189,0
Untooled baseline.txt,177.78781666666666,342,189,0
Untooled baseline.txt,177.87163333333325,354,189,0
Untooled baseline.txt,177.95543333333322,354,189,0
Untooled baseline.txt,178.03924999999992,360,189,0
Untooled baseline.txt,178.12308333333326,368,189,0
Untooled baseline.txt,178.20691666666656,361,189,0
Untooled baseline.txt,178.29075,367,189,0
Untooled baseline.txt,178.37453333333323,367,189,0
Untooled baseline.txt,178.45834999999994,358,189,0
Untooled baseline.txt,178.54218333333327,372,189,0
Untooled baseline.txt,178.62599999999995,371,189,0
Untooled baseline.txt,178.70979999999994,372,189,0
Untooled baseline.txt,178.79363333333325,375,189,0
Untooled baseline.txt,178.8774833333333,381,189,0
Untooled baseline.txt,178.9613,362,189,0
Untooled baseline.txt,179.0451166666666,370,189,0
Untooled baseline.txt,179.1289499999999,353,189,0
Untooled baseline.txt,179.21275,371,189,0
Untooled baseline.txt,179.29656666666656,369,189,0
Untooled baseline.txt,179.3804,368,189,0
Untooled baseline.txt,179.46418333333324,377,189,0
Untooled baseline.txt,179.54799999999994,359,189,0
Untooled baseline.txt,179.63179999999994,366,189,0
Untooled baseline.txt,179.7155999999999,363,189,0
Untooled baseline.txt,179.79941666666662,362,189,0
Untooled baseline.txt,179.88324999999992,362,189,0
Untooled baseline.txt,179.9670333333333,362,189,0
Untooled baseline.txt,180.0508666666666,351,189,0
Untooled baseline.txt,180.1346833333333,364,189,0
Untooled baseline.txt,180.21848333333327,364,189,0
Untooled baseline.txt,180.30228333333326,364,189,0
Untooled baseline.txt,180.38611666666657,365,189,0
Untooled baseline.txt,180.46991666666665,365,189,0
Untooled baseline.txt,180.55374999999998,365,189,0
Untooled baseline.txt,180.63754999999995,365,189,0
Untooled baseline.txt,180.72136666666665,365,189,0
Untooled baseline.txt,180.80518333333325,365,189,0
Untooled baseline.txt,180.88899999999995,367,189,0
Untooled baseline.txt,180.97283333333326,367,189,0
Untooled baseline.txt,181.05663333333322,370,189,0
Untooled baseline.txt,181.14044999999993,370,189,0
Untooled baseline.txt,181.2242499999999,362,189,0
Untooled baseline.txt,181.30808333333334,365,189,0
Untooled baseline.txt,181.39189999999994,352,189,0
Untooled baseline.txt,181.47571666666664,368,189,0
Untooled baseline.txt,181.55953333333335,367,189,0
Untooled baseline.txt,181.64336666666665,367,189,0
Untooled baseline.txt,181.72718333333324,357,189,0
Untooled baseline.txt,181.81099999999995,353,189,0
Untooled baseline.txt,181.89481666666663,358,189,0
Untooled baseline.txt,181.97863333333322,353,189,0
Untooled baseline.txt,182.0625,352,189,0
Untooled baseline.txt,182.1463166666666,359,189,0
Untooled baseline.txt,182.2301499999999,343,189,0
Untooled baseline.txt,182.31395,357,189,0
Untooled baseline.txt,182.39776666666657,340,189,0
Untooled baseline.txt,182.48154999999994,353,189,0
Untooled baseline.txt,182.5653499999999,354,189,0
Untooled baseline.txt,182.64916666666662,359,189,0
Untooled baseline.txt,182.73296666666658,359,189,0
Untooled baseline.txt,182.8167833333333,359,189,0
Untooled baseline.txt,182.9006,358,189,0
Untooled baseline.txt,182.98439999999997,353,189,0
Untooled baseline.txt,183.06821666666656,353,189,0
Untooled baseline.txt,183.15208333333334,353,189,0
Untooled baseline.txt,183.2358833333333,353,189,0
Untooled baseline.txt,183.3196999999999,353,189,0
Untooled baseline.txt,183.4035166666666,347,189,0
Untooled baseline.txt,183.4873333333333,353,189,0
Untooled baseline.txt,183.57115000000002,354,189,0
Untooled baseline.txt,183.65498333333332,355,189,0
Untooled baseline.txt,183.7387999999999,349,189,0
Untooled baseline.txt,183.82263333333333,339,189,0
Untooled baseline.txt,183.90644999999992,355,189,0
Untooled baseline.txt,183.9902499999999,351,189,0
Untooled baseline.txt,184.07408333333333,348,189,0
Untooled baseline.txt,184.1578833333333,353,189,0
Untooled baseline.txt,184.2417,357,189,0
Untooled baseline.txt,184.3255166666666,359,189,0
Untooled baseline.txt,184.4093333333333,358,189,0
Untooled baseline.txt,184.49314999999999,358,189,0
Untooled baseline.txt,184.57693333333324,375,189,0
Untooled baseline.txt,184.66074999999995,389,189,0
Untooled baseline.txt,184.74456666666666,379,189,0
Untooled baseline.txt,184.82836666666662,338,189,0
Untooled baseline.txt,184.91244999999992,320,189,0
Untooled baseline.txt,184.99626666666663,333,189,0
Untooled baseline.txt,185.08008333333333,319,189,0
Untooled baseline.txt,185.1638833333333,315,189,0
Untooled baseline.txt,185.24771666666663,329,189,0
Untooled baseline.txt,185.3315166666666,324,189,0
Untooled baseline.txt,185.4153499999999,314,189,0
Untooled baseline.txt,185.49913333333328,314,189,0
Untooled baseline.txt,185.58294999999998,313,189,0
Untooled baseline.txt,185.66676666666658,292,189,0
Untooled baseline.txt,185.75056666666666,293,189,0
Untooled baseline.txt,185.83438333333325,296,189,0
Untooled baseline.txt,185.91826666666663,297,189,0
Untooled baseline.txt,186.00208333333333,286,189,0
Untooled baseline.txt,186.0858666666666,297,189,0
Untooled baseline.txt,186.16966666666667,281,189,0
Untooled baseline.txt,186.25353333333334,294,189,0
Untooled baseline.txt,186.3373499999999,292,189,0
Untooled baseline.txt,186.42115,287,189,0
Untooled baseline.txt,186.50496666666658,293,189,0
Untooled baseline.txt,186.58878333333328,288,189,0
Untooled baseline.txt,186.67256666666665,284,189,0
Untooled baseline.txt,186.75636666666662,293,189,0
Untooled baseline.txt,186.84018333333333,293,189,0
Untooled baseline.txt,186.9239833333333,291,189,0
Untooled baseline.txt,187.0077833333333,282,189,0
Untooled baseline.txt,187.0916,282,189,0
Untooled baseline.txt,187.17541666666656,280,189,0
Untooled baseline.txt,187.25919999999994,280,189,0
Untooled baseline.txt,187.3429833333333,280,189,0
Untooled baseline.txt,187.42680000000001,286,189,0
Untooled baseline.txt,187.51061666666658,285,189,0
Untooled baseline.txt,187.59443333333328,285,189,0
Untooled baseline.txt,187.67825,285,189,0
Untooled baseline.txt,187.76204999999996,285,189,0
Untooled baseline.txt,187.84584999999996,285,189,0
Untooled baseline.txt,187.92964999999992,285,189,0
Untooled baseline.txt,188.01346666666663,285,189,0
Untooled baseline.txt,188.09724999999997,348,189,0
Untooled baseline.txt,188.18103333333323,388,189,0
Untooled baseline.txt,188.2648333333333,402,189,0
Untooled baseline.txt,188.34861666666657,402,189,0
Untooled baseline.txt,188.43238333333332,400,189,0
Untooled baseline.txt,188.51614999999995,399,189,0
Untooled baseline.txt,188.59994999999992,399,189,0
Untooled baseline.txt,188.6837499999999,397,189,0
Untooled baseline.txt,188.76753333333326,397,189,0
Untooled baseline.txt,188.85133333333323,397,189,0
Untooled baseline.txt,188.93513333333334,397,189,0
Untooled baseline.txt,189.01891666666657,391,189,0
Untooled baseline.txt,189.10269999999994,386,189,0
Untooled baseline.txt,189.18651666666665,378,189,0
Untooled baseline.txt,189.27029999999988,361,189,0
Untooled baseline.txt,189.35411666666658,372,189,0
Untooled baseline.txt,189.4379333333333,273,169,0
Untooled baseline.txt,189.52175,276,169,0
Untooled baseline.txt,189.60554999999997,270,169,0
Untooled baseline.txt,189.68936666666656,271,169,0
Untooled baseline.txt,189.77318333333326,271,169,0
Untooled baseline.txt,189.85701666666657,262,163,0
Untooled baseline.txt,189.94081666666668,263,169,0
Untooled baseline.txt,190.02463333333327,270,169,0
Untooled baseline.txt,190.10843333333324,277,169,0
Untooled baseline.txt,190.19224999999994,270,169,0
Untooled baseline.txt,190.2760499999999,270,169,0
Untooled baseline.txt,190.35989999999995,268,169,0
Untooled baseline.txt,190.44371666666666,267,169,0
Untooled baseline.txt,190.52754999999996,263,164,0
Untooled baseline.txt,190.61136666666656,264,169,0
Untooled baseline.txt,190.69518333333326,268,169,0
Untooled baseline.txt,190.77899999999997,268,169,0
Untooled baseline.txt,190.86281666666667,273,169,0
Untooled baseline.txt,190.9465999999999,371,189,0
Untooled baseline.txt,191.03043333333324,357,189,0
Untooled baseline.txt,191.11423333333332,360,189,0
Untooled baseline.txt,191.1980499999999,363,189,0
Untooled baseline.txt,191.28186666666662,364,189,0
Untooled baseline.txt,191.36566666666658,365,189,0
Untooled baseline.txt,191.4494833333333,365,189,0
Untooled baseline.txt,191.53328333333326,365,189,0
Untooled baseline.txt,191.61708333333323,365,189,0
Untooled baseline.txt,191.7008666666666,361,189,0
Untooled baseline.txt,191.78466666666657,351,189,0
Untooled baseline.txt,191.86844999999994,350,189,0
Untooled baseline.txt,191.95226666666665,354,189,0
Untooled baseline.txt,192.03608333333324,355,189,0
Untooled baseline.txt,192.11989999999994,348,189,0
Untooled baseline.txt,192.20373333333325,348,189,0
Untooled baseline.txt,192.28753333333333,332,189,0
Untooled baseline.txt,192.37133333333333,326,189,0
Untooled baseline.txt,192.4551499999999,328,189,0
Untooled baseline.txt,192.53898333333333,348,189,0
Untooled baseline.txt,192.62276666666656,302,189,0
Untooled baseline.txt,192.70658333333327,335,189,0
Untooled baseline.txt,192.79038333333327,337,189,0
Untooled baseline.txt,192.87418333333324,336,189,0
Untooled baseline.txt,192.95799999999994,330,189,0
Untooled baseline.txt,193.04176666666658,337,189,0
Untooled baseline.txt,193.12558333333328,333,189,0
Untooled baseline.txt,193.20938333333325,329,189,0
Untooled baseline.txt,193.29318333333333,336,189,0
Untooled baseline.txt,193.37701666666666,333,189,0
Untooled baseline.txt,193.46084999999997,335,189,0
Untooled baseline.txt,193.54464999999993,342,189,0
Untooled baseline.txt,193.62846666666664,341,189,0
Untooled baseline.txt,193.71228333333323,341,189,0
Untooled baseline.txt,193.79609999999994,335,189,0
Untooled baseline.txt,193.87993333333324,337,189,0
Untooled baseline.txt,193.9637166666666,337,189,0
Untooled baseline.txt,194.04748333333325,336,189,0
Untooled baseline.txt,194.13128333333333,332,189,0
Untooled baseline.txt,194.21511666666666,336,189,0
Untooled baseline.txt,194.2988999999999,337,189,0
Untooled baseline.txt,194.3827166666666,322,189,0
Untooled baseline.txt,194.46649999999997,326,189,0
Untooled baseline.txt,194.55031666666667,332,189,0
Untooled baseline.txt,194.63413333333327,327,189,0
Untooled baseline.txt,194.71793333333324,331,189,0
Untooled baseline.txt,194.80174999999994,330,189,0
Untooled baseline.txt,194.8855499999999,330,189,0
Untooled baseline.txt,194.96935,330,189,0
Untooled baseline.txt,195.05315,325,189,0
Untooled baseline.txt,195.13696666666655,325,189,0
Untooled baseline.txt,195.22078333333326,330,189,0
Untooled baseline.txt,195.3045499999999,337,189,0
Untooled baseline.txt,195.3883666666666,336,189,0
Untooled baseline.txt,195.4721999999999,332,189,0
Untooled baseline.txt,195.55598333333327,333,189,0
Untooled baseline.txt,195.63979999999998,333,189,0
Untooled baseline.txt,195.72359999999995,339,189,0
Untooled baseline.txt,195.80741666666665,340,189,0
Untooled baseline.txt,195.89123333333325,354,189,0
Untooled baseline.txt,195.97504999999995,352,189,0
Untooled baseline.txt,196.05884999999992,352,189,0
Untooled baseline.txt,196.1426333333333,348,189,0
Untooled baseline.txt,196.22645,352,189,0
Untooled baseline.txt,196.31024999999997,352,189,0
Untooled baseline.txt,196.39403333333334,352,189,0
Untooled baseline.txt,196.47781666666657,352,189,0
Untooled baseline.txt,196.56163333333328,345,189,0
Untooled baseline.txt,196.64543333333324,347,189,0
Untooled baseline.txt,196.72924999999995,347,189,0
Untooled baseline.txt,196.81303333333332,348,189,0
Untooled baseline.txt,196.89684999999992,347,189,0
Untooled baseline.txt,196.98063333333326,348,189,0
Untooled baseline.txt,197.06443333333326,349,189,0
Untooled baseline.txt,197.14824999999993,350,189,0
Untooled baseline.txt,197.23204999999993,350,189,0
Untooled baseline.txt,197.31581666666668,350,189,0
Untooled baseline.txt,197.3995833333333,350,189,0
Untooled baseline.txt,197.48338333333328,355,189,0
Untooled baseline.txt,197.5671499999999,351,189,0
Untooled baseline.txt,197.65091666666666,346,189,0
Untooled baseline.txt,197.73471666666666,344,189,0
Untooled baseline.txt,197.8185,347,189,0
Untooled baseline.txt,197.90228333333326,350,189,0
Untooled baseline.txt,197.98606666666663,355,189,0
Untooled baseline.txt,198.06981666666664,355,189,0
Untooled baseline.txt,198.15363333333323,355,189,0
Untooled baseline.txt,198.23739999999998,355,189,0
Untooled baseline.txt,198.32119999999995,353,189,0
Untooled baseline.txt,198.40498333333332,353,189,0
Untooled baseline.txt,198.48873333333333,353,189,0
Untooled baseline.txt,198.57254999999992,352,189,0
Untooled baseline.txt,198.6563499999999,359,189,0
Untooled baseline.txt,198.74011666666667,363,189,0
Untooled baseline.txt,198.82391666666663,364,189,0
Untooled baseline.txt,198.9077,364,189,0
Untooled baseline.txt,198.99148333333324,364,189,0
Untooled baseline.txt,199.0752666666666,364,189,0
Untooled baseline.txt,199.15906666666658,364,189,0
Untooled baseline.txt,199.24288333333328,363,189,0
Untooled baseline.txt,199.32664999999992,352,189,0
Untooled baseline.txt,199.41045,363,189,0
Untooled baseline.txt,199.49421666666663,363,189,0
Untooled baseline.txt,199.57796666666667,364,189,0
Untooled baseline.txt,199.66171666666656,357,189,0
Untooled baseline.txt,199.74551666666667,357,189,0
Untooled baseline.txt,199.8292999999999,357,189,0
Untooled baseline.txt,199.91310000000001,357,189,0
Untooled baseline.txt,199.99686666666665,357,189,0
Untooled baseline.txt,200.08066666666662,361,189,0
Untooled baseline.txt,200.16444999999996,352,189,0
Untooled baseline.txt,200.24824999999996,343,189,0
Untooled baseline.txt,200.3320333333333,341,189,0
Untooled baseline.txt,200.4158333333333,343,189,0
Untooled baseline.txt,200.49961666666664,343,189,0
Untooled baseline.txt,200.58341666666664,339,189,0
Untooled baseline.txt,200.66716666666665,339,189,0
Untooled baseline.txt,200.7509499999999,339,189,0
Untooled baseline.txt,200.83473333333325,339,189,0
Untooled baseline.txt,200.91850000000002,339,189,0
Untooled baseline.txt,201.0023166666666,343,189,0
Untooled baseline.txt,201.08609999999996,343,189,0
Untooled baseline.txt,201.16989999999993,341,189,0
Untooled baseline.txt,201.2536999999999,342,189,0
Untooled baseline.txt,201.3375,347,189,0
Untooled baseline.txt,201.42129999999997,349,189,0
Untooled baseline.txt,201.50508333333335,342,189,0
Untooled baseline.txt,201.5888833333333,343,189,0
Untooled baseline.txt,201.67264999999995,338,189,0
Untooled baseline.txt,201.75643333333332,338,189,0
Untooled baseline.txt,201.8402333333333,338,189,0
Untooled baseline.txt,201.92401666666666,338,189,0
Untooled baseline.txt,202.0077833333333,340,189,0
Untooled baseline.txt,202.09156666666664,330,189,0
Untooled baseline.txt,202.17536666666663,330,189,0
Untooled baseline.txt,202.25914999999998,330,189,0
Untooled baseline.txt,202.3429166666666,330,189,0
Untooled baseline.txt,202.42671666666658,330,189,0
Untooled baseline.txt,202.51046666666662,331,189,0
Untooled baseline.txt,202.59426666666658,327,189,0
Untooled baseline.txt,202.67806666666655,326,189,0
Untooled baseline.txt,202.76183333333333,325,189,0
Untooled baseline.txt,202.8456333333333,329,189,0
Untooled baseline.txt,202.92941666666667,328,189,0
Untooled baseline.txt,203.0131999999999,340,189,0
Untooled baseline.txt,203.097,338,189,0
Untooled baseline.txt,203.18078333333324,328,189,0
Untooled baseline.txt,203.26458333333332,326,189,0
Untooled baseline.txt,203.34834999999995,322,189,0
Untooled baseline.txt,203.43214999999995,323,189,0
Untooled baseline.txt,203.51591666666658,327,189,0
Untooled baseline.txt,203.59971666666667,321,189,0
Untooled baseline.txt,203.6834833333333,335,189,0
Untooled baseline.txt,203.76728333333327,316,189,0
Untooled baseline.txt,203.85108333333326,315,189,0
Untooled baseline.txt,203.93488333333323,327,189,0
Untooled baseline.txt,204.01864999999998,340,189,0
Untooled baseline.txt,204.10244999999995,327,189,0
Untooled baseline.txt,204.18623333333332,347,189,0
Untooled baseline.txt,204.26999999999995,355,189,0
Untooled baseline.txt,204.35378333333333,352,189,0
Untooled baseline.txt,204.43756666666656,364,189,0
Untooled baseline.txt,204.5213333333333,323,189,0
Untooled baseline.txt,204.60511666666656,288,189,0
Untooled baseline.txt,204.68889999999993,286,184,0
Untooled baseline.txt,204.77271666666664,272,173,0
Untooled baseline.txt,204.85649999999998,266,149,0
Untooled baseline.txt,204.94031666666658,283,149,0
Untooled baseline.txt,205.02409999999995,356,189,0
Untooled baseline.txt,205.1078833333333,362,189,0
Untooled baseline.txt,205.1917,371,189,0
Untooled baseline.txt,205.27546666666663,370,189,0
Untooled baseline.txt,205.35926666666663,364,189,0
Untooled baseline.txt,205.44304999999997,372,189,0
Untooled baseline.txt,205.52684999999994,372,189,0
Untooled baseline.txt,205.61061666666657,372,189,0
Untooled baseline.txt,205.69439999999994,372,189,0
Untooled baseline.txt,205.77818333333332,355,189,0
Untooled baseline.txt,205.86194999999995,362,189,0
Untooled baseline.txt,205.94571666666658,263,187,0
Untooled baseline.txt,206.0295333333333,251,173,0
Untooled baseline.txt,206.11333333333326,259,173,0
Untooled baseline.txt,206.19711666666663,259,173,0
Untooled baseline.txt,206.2809166666666,257,181,0
Untooled baseline.txt,206.36469999999997,257,184,0
Untooled baseline.txt,206.44848333333331,257,184,0
Untooled baseline.txt,206.53224999999995,258,184,0
Untooled baseline.txt,206.61603333333332,265,187,0
Untooled baseline.txt,206.6998333333333,260,187,0
Untooled baseline.txt,206.78363333333328,261,181,0
Untooled baseline.txt,206.86741666666663,256,181,0
Untooled baseline.txt,206.9512,256,181,0
Untooled baseline.txt,207.0350166666666,241,162,0
Untooled baseline.txt,207.11879999999994,255,176,0
Untooled baseline.txt,207.20259999999993,256,181,0
Untooled baseline.txt,207.2863999999999,260,181,0
Untooled baseline.txt,207.37016666666665,263,176,0
Untooled baseline.txt,207.45398333333324,275,187,0
Untooled baseline.txt,207.53773333333325,275,187,0
Untooled baseline.txt,207.62153333333325,270,187,0
Untooled baseline.txt,207.70534999999992,273,187,0
Untooled baseline.txt,207.78914999999992,276,187,0
Untooled baseline.txt,207.87295,270,187,0
Untooled baseline.txt,207.95671666666664,271,187,0
Untooled baseline.txt,208.0405166666666,270,187,0
Untooled baseline.txt,208.12428333333324,275,187,0
Untooled baseline.txt,208.20808333333335,270,181,0
Untooled baseline.txt,208.29184999999998,276,187,0
Untooled baseline.txt,208.37563333333335,271,187,0
Untooled baseline.txt,208.45941666666658,261,184,0
Untooled baseline.txt,208.54319999999996,263,184,0
Untooled baseline.txt,208.6269833333333,258,162,0
Untooled baseline.txt,208.7107833333333,268,184,0
Untooled baseline.txt,208.79458333333326,269,184,0
Untooled baseline.txt,208.87836666666664,263,184,0
Untooled baseline.txt,208.96218333333334,253,168,0
Untooled baseline.txt,209.04594999999998,258,168,0
Untooled baseline.txt,209.12969999999999,257,168,0
Untooled baseline.txt,209.21349999999995,262,168,0
Untooled baseline.txt,209.29725,258,168,0
Untooled baseline.txt,209.38104999999996,263,168,0
Untooled baseline.txt,209.4648166666666,264,168,0
Untooled baseline.txt,209.54859999999996,265,168,0
Untooled baseline.txt,209.63239999999993,269,160,0
Untooled baseline.txt,209.7161999999999,266,181,0
Untooled baseline.txt,209.8,260,178,0
Untooled baseline.txt,209.88376666666665,275,187,0
Untooled baseline.txt,209.96755,264,170,0
Untooled baseline.txt,210.05133333333325,258,170,0
Untooled baseline.txt,210.13513333333333,252,165,0
Untooled baseline.txt,210.2189166666666,252,165,0
Untooled baseline.txt,210.30271666666667,258,165,0
Untooled baseline.txt,210.38651666666664,259,168,0
Untooled baseline.txt,210.47031666666663,259,170,0
Untooled baseline.txt,210.55408333333327,258,170,0
Untooled baseline.txt,210.63785000000001,262,170,0
Untooled baseline.txt,210.72163333333324,256,170,0
Untooled baseline.txt,210.80543333333324,257,170,0
Untooled baseline.txt,210.88921666666658,258,170,0
Untooled baseline.txt,210.97298333333322,257,170,0
Untooled baseline.txt,211.0567666666666,258,170,0
Untooled baseline.txt,211.14054999999996,269,181,0
Untooled baseline.txt,211.2243333333333,270,179,0
Untooled baseline.txt,211.30809999999994,267,171,0
Untooled baseline.txt,211.39189999999994,278,181,0
Untooled baseline.txt,211.47568333333328,284,187,0
Untooled baseline.txt,211.55946666666665,281,187,0
Untooled baseline.txt,211.6432499999999,265,173,0
Untooled baseline.txt,211.72705,278,184,0
Untooled baseline.txt,211.81084999999996,211,140,0
Untooled baseline.txt,211.89464999999993,200,108,0
Untooled baseline.txt,211.97846666666663,305,151,0
Untooled baseline.txt,212.06225,346,189,0
Untooled baseline.txt,212.14601666666664,351,189,0
Untooled baseline.txt,212.22978333333327,329,189,0
Untooled baseline.txt,212.3135499999999,337,189,0
Untooled baseline.txt,212.39733333333328,338,189,0
Untooled baseline.txt,212.48113333333325,343,189,0
Untooled baseline.txt,212.56491666666662,343,189,0
Untooled baseline.txt,212.6487,339,189,0
Untooled baseline.txt,212.73248333333333,339,189,0
Untooled baseline.txt,212.81624999999997,346,189,0
Untooled baseline.txt,212.90004999999994,337,189,0
Untooled baseline.txt,212.98379999999997,347,189,0
Untooled baseline.txt,213.0675666666666,351,189,0
Untooled baseline.txt,213.15136666666658,352,189,0
Untooled baseline.txt,213.2351666666667,351,189,0
Untooled baseline.txt,213.31893333333332,351,189,0
Untooled baseline.txt,213.4027333333333,345,189,0
Untooled baseline.txt,213.48651666666666,341,189,0
Untooled baseline.txt,213.5702999999999,335,189,0
Untooled baseline.txt,213.65408333333326,337,189,0
Untooled baseline.txt,213.73788333333323,349,189,0
Untooled baseline.txt,213.8216666666666,334,189,0
Untooled baseline.txt,213.90543333333324,350,189,0
Untooled baseline.txt,213.98923333333332,351,189,0
Untooled baseline.txt,214.0729833333332,351,189,0
Untooled baseline.txt,214.15676666666658,351,189,0
Untooled baseline.txt,214.24054999999996,350,189,0
Untooled baseline.txt,214.32434999999992,328,189,0
Untooled baseline.txt,214.4081333333333,349,189,0
Untooled baseline.txt,214.49191666666667,350,189,0
Untooled baseline.txt,214.5756999999999,340,189,0
Untooled baseline.txt,214.65948333333327,302,189,0
Untooled baseline.txt,214.74326666666664,314,189,0
Untooled baseline.txt,214.82704999999999,337,189,0
Untooled baseline.txt,214.91083333333324,337,189,0
Untooled baseline.txt,214.9946166666666,333,189,0
Untooled baseline.txt,215.07838333333322,333,189,0
Untooled baseline.txt,215.16215,329,189,0
Untooled baseline.txt,215.24593333333323,329,189,0
Untooled baseline.txt,215.3297166666666,329,189,0
Untooled baseline.txt,215.41348333333323,329,189,0
Untooled baseline.txt,215.4972833333333,334,189,0
Untooled baseline.txt,215.58104999999995,335,189,0
Untooled baseline.txt,215.66483333333332,328,189,0
Untooled baseline.txt,215.7486333333333,369,189,0
Untooled baseline.txt,215.83241666666666,333,189,0
Untooled baseline.txt,215.91619999999992,331,189,0
Untooled baseline.txt,216.0,332,189,0
Untooled baseline.txt,216.08378333333323,314,189,0
Untooled baseline.txt,216.16755,338,189,0
Untooled baseline.txt,216.25134999999997,330,189,0
Untooled baseline.txt,216.33514999999994,317,189,0
Untooled baseline.txt,216.41891666666658,337,189,0
Untooled baseline.txt,216.50269999999995,334,189,0
Untooled baseline.txt,216.58648333333332,335,189,0
Untooled baseline.txt,216.67026666666666,329,189,0
Untooled baseline.txt,216.75404999999992,327,189,0
Untooled baseline.txt,216.83781666666667,327,189,0
Untooled baseline.txt,216.92159999999993,327,189,0
Untooled baseline.txt,217.00538333333327,327,189,0
Untooled baseline.txt,217.08916666666664,326,189,0
Untooled baseline.txt,217.1729666666666,328,189,0
Untooled baseline.txt,217.25674999999998,323,189,0
Untooled baseline.txt,217.34056666666658,313,189,0
Untooled baseline.txt,217.42436666666666,322,189,0
Untooled baseline.txt,217.50816666666663,314,189,0
Untooled baseline.txt,217.59195,326,189,0
Untooled baseline.txt,217.67574999999997,305,189,0
Untooled baseline.txt,217.75954999999993,319,189,0
Untooled baseline.txt,217.8433333333333,320,189,0
Untooled baseline.txt,217.92713333333327,356,189,0
Untooled baseline.txt,218.01093333333327,336,189,0
Untooled baseline.txt,218.0946999999999,327,189,0
Untooled baseline.txt,218.17849999999999,321,189,0
Untooled baseline.txt,218.26229999999995,314,189,0
Untooled baseline.txt,218.3460666666666,303,189,0
Untooled baseline.txt,218.42984999999996,298,189,0
Untooled baseline.txt,218.51363333333333,286,189,0
Untooled baseline.txt,218.59738333333323,292,189,0
Untooled baseline.txt,218.6811833333333,292,189,0
Untooled baseline.txt,218.76496666666657,292,189,0
Untooled baseline.txt,218.84876666666665,294,189,0
Untooled baseline.txt,218.93253333333328,350,189,0
Untooled baseline.txt,219.01635,350,189,0
Untooled baseline.txt,219.10011666666662,294,189,0
Untooled baseline.txt,219.18388333333326,352,189,0
Untooled baseline.txt,219.26766666666663,352,189,0
Untooled baseline.txt,219.35145,353,189,0
Untooled baseline.txt,219.43521666666663,351,189,0
Untooled baseline.txt,219.5190166666666,350,189,0
Untooled baseline.txt,219.60279999999997,349,189,0
Untooled baseline.txt,219.68658333333332,348,189,0
Untooled baseline.txt,219.77033333333324,348,189,0
Untooled baseline.txt,219.85411666666658,348,189,0
Untooled baseline.txt,219.93791666666658,348,189,0
Untooled baseline.txt,220.02171666666666,343,189,0
Untooled baseline.txt,220.10549999999992,337,173,0
Untooled baseline.txt,220.18928333333326,328,148,0
Untooled baseline.txt,220.27306666666664,298,111,0
Untooled baseline.txt,220.3568666666666,316,173,0
Untooled baseline.txt,220.44098333333326,307,173,0
Untooled baseline.txt,220.52478333333323,274,173,0
Untooled baseline.txt,220.60859999999994,248,173,0
Untooled baseline.txt,220.69243333333324,249,165,0
Untooled baseline.txt,220.7762166666666,256,173,0
Untooled baseline.txt,220.85999999999999,251,163,0
Untooled baseline.txt,220.9438333333333,257,163,0
Untooled baseline.txt,221.02763333333326,265,163,0
Untooled baseline.txt,221.11143333333322,333,173,0
Untooled baseline.txt,221.19524999999993,316,173,0
Untooled baseline.txt,221.27904999999993,344,173,0
Untooled baseline.txt,221.36285,330,173,0
Untooled baseline.txt,221.4466666666666,314,173,0
Untooled baseline.txt,221.53046666666657,311,173,0
Untooled baseline.txt,221.61428333333328,309,173,0
Untooled baseline.txt,221.69808333333324,309,173,0
Untooled baseline.txt,221.78189999999995,310,173,0
Untooled baseline.txt,221.86568333333332,324,173,0
Untooled baseline.txt,221.9494999999999,324,173,0
Untooled baseline.txt,222.03328333333326,323,173,0
Untooled baseline.txt,222.11706666666663,324,173,0
Untooled baseline.txt,222.2008666666666,324,173,0
Untooled baseline.txt,222.28464999999997,306,173,0
Untooled baseline.txt,222.36844999999994,294,173,0
Untooled baseline.txt,222.45226666666665,293,173,0
Untooled baseline.txt,222.53608333333324,306,173,0
Untooled baseline.txt,222.61988333333332,308,173,0
Untooled baseline.txt,222.7036999999999,297,173,0
Untooled baseline.txt,222.78748333333326,287,173,0
Untooled baseline.txt,222.8713166666666,282,173,0
Untooled baseline.txt,222.9551499999999,267,173,0
Untooled baseline.txt,223.03898333333333,272,168,0
Untooled baseline.txt,223.1227833333333,273,168,0
Untooled baseline.txt,223.2066,272,168,0
Untooled baseline.txt,223.2904166666666,282,173,0
Untooled baseline.txt,223.37419999999995,285,173,0
Untooled baseline.txt,223.45799999999994,280,173,0
Untooled baseline.txt,223.5417999999999,280,173,0
Untooled baseline.txt,223.62561666666662,273,173,0
Untooled baseline.txt,223.70941666666658,288,173,0
Untooled baseline.txt,223.7932333333333,287,173,0
Untooled baseline.txt,223.87705,289,173,0
Untooled baseline.txt,223.96084999999997,291,173,0
Untooled baseline.txt,224.04466666666667,286,173,0
Untooled baseline.txt,224.12848333333326,281,173,0
Untooled baseline.txt,224.21229999999997,282,173,0
Untooled baseline.txt,224.29609999999994,287,173,0
Untooled baseline.txt,224.37991666666665,291,173,0
Untooled baseline.txt,224.46373333333335,298,173,0
Untooled baseline.txt,224.54751666666658,291,173,0
Untooled baseline.txt,224.6313333333333,298,173,0
Untooled baseline.txt,224.71515,282,173,0
Untooled baseline.txt,224.79901666666666,285,173,0
Untooled baseline.txt,224.88281666666663,276,173,0
Untooled baseline.txt,224.96663333333333,290,173,0
Untooled baseline.txt,225.0504333333333,302,173,0
Untooled baseline.txt,225.13421666666667,301,173,0
Untooled baseline.txt,225.21803333333324,310,173,0
Untooled baseline.txt,225.30183333333335,307,173,0
Untooled baseline.txt,225.38561666666658,312,173,0
Untooled baseline.txt,225.46941666666655,309,173,0
Untooled baseline.txt,225.55321666666666,344,173,0
Untooled baseline.txt,225.63701666666663,332,173,0
Untooled baseline.txt,225.7208,340,173,0
Untooled baseline.txt,225.80456666666663,333,173,0
Untooled baseline.txt,225.88838333333334,331,173,0
Untooled baseline.txt,225.9721833333333,312,173,0
Untooled baseline.txt,226.05596666666668,291,173,0
Untooled baseline.txt,226.1397499999999,300,173,0
Untooled baseline.txt,226.22355000000002,307,173,0
Untooled baseline.txt,226.30738333333332,304,173,0
Untooled baseline.txt,226.39116666666658,311,173,0
Untooled baseline.txt,226.47496666666666,310,173,0
Untooled baseline.txt,226.55878333333325,314,173,0
Untooled baseline.txt,226.64258333333333,314,173,0
Untooled baseline.txt,226.72641666666667,314,173,0
Untooled baseline.txt,226.81021666666663,313,173,0
Untooled baseline.txt,226.89403333333334,315,173,0
Untooled baseline.txt,226.9778499999999,297,173,0
Untooled baseline.txt,227.06168333333324,292,173,0
Untooled baseline.txt,227.14549999999994,305,173,0
Untooled baseline.txt,227.22928333333329,305,173,0
Untooled baseline.txt,227.3131,301,173,0
Untooled baseline.txt,227.39691666666658,300,173,0
Untooled baseline.txt,227.4807333333333,284,173,0
Untooled baseline.txt,227.56453333333326,295,173,0
Untooled baseline.txt,227.64833333333323,299,173,0
Untooled baseline.txt,227.73213333333334,282,173,0
Untooled baseline.txt,227.81596666666664,287,173,0
Untooled baseline.txt,227.89978333333323,296,173,0
Untooled baseline.txt,227.98359999999994,303,173,0
Untooled baseline.txt,228.0673833333333,304,173,0
Untooled baseline.txt,228.1512166666666,298,173,0
Untooled baseline.txt,228.23501666666658,296,173,0
Untooled baseline.txt,228.31881666666655,285,173,0
Untooled baseline.txt,228.40263333333326,276,173,0
Untooled baseline.txt,228.48644999999996,288,173,0
Untooled baseline.txt,228.57023333333333,279,173,0
Untooled baseline.txt,228.6540333333333,283,173,0
Untooled baseline.txt,228.73785,274,173,0
Untooled baseline.txt,228.82164999999998,276,173,0
Untooled baseline.txt,228.90546666666657,263,173,0
Untooled baseline.txt,228.98926666666665,298,173,0
Untooled baseline.txt,229.0730499999999,298,173,0
Untooled baseline.txt,229.15686666666662,299,173,0
Untooled baseline.txt,229.24065,299,173,0
Untooled baseline.txt,229.32446666666655,297,173,0
Untooled baseline.txt,229.40826666666666,297,173,0
Untooled baseline.txt,229.49208333333323,297,173,0
Untooled baseline.txt,229.57589999999993,300,173,0
Untooled baseline.txt,229.6596999999999,298,173,0
Untooled baseline.txt,229.7435,335,173,0
Untooled baseline.txt,229.82729999999998,342,173,0
Untooled baseline.txt,229.91108333333324,329,173,0
Untooled baseline.txt,229.99488333333332,273,173,0
Untooled baseline.txt,230.0786999999999,259,173,0
Untooled baseline.txt,230.16251666666662,225,141,0
Untooled baseline.txt,230.24633333333333,328,173,0
Untooled baseline.txt,230.33011666666656,321,173,0
Untooled baseline.txt,230.41393333333326,331,173,0
Untooled baseline.txt,230.49774999999997,335,173,0
Untooled baseline.txt,230.58158333333327,315,173,0
Untooled baseline.txt,230.66536666666664,304,173,0
Untooled baseline.txt,230.74915000000001,309,173,0
Untooled baseline.txt,230.83296666666658,297,173,0
Untooled baseline.txt,230.91676666666658,324,173,0
Untooled baseline.txt,231.00058333333328,304,173,0
Untooled baseline.txt,231.08436666666663,322,173,0
Untooled baseline.txt,231.16815,274,173,0
Untooled baseline.txt,231.2519666666666,277,173,0
Untooled baseline.txt,231.3357833333333,255,173,0
Untooled baseline.txt,231.41958333333326,252,173,0
Untooled baseline.txt,231.50341666666657,243,160,0
Untooled baseline.txt,231.58723333333327,244,173,0
Untooled baseline.txt,231.67103333333324,251,173,0
Untooled baseline.txt,231.75484999999995,257,173,0
Untooled baseline.txt,231.83864999999994,319,173,0
Untooled baseline.txt,231.92246666666662,322,173,0
Untooled baseline.txt,232.00628333333333,294,173,0
Untooled baseline.txt,232.09009999999992,294,173,0
Untooled baseline.txt,232.1738999999999,294,173,0
Untooled baseline.txt,232.25768333333326,309,173,0
Untooled baseline.txt,232.34146666666663,309,173,0
Untooled baseline.txt,232.42529999999994,295,173,0
Untooled baseline.txt,232.5090999999999,300,173,0
Untooled baseline.txt,232.59288333333328,300,173,0
Untooled baseline.txt,232.67666666666665,303,173,0
Untooled baseline.txt,232.7604833333332,299,173,0
Untooled baseline.txt,232.84428333333332,293,173,0
Untooled baseline.txt,232.92809999999992,298,173,0
Untooled baseline.txt,233.01191666666662,299,173,0
Untooled baseline.txt,233.09569999999997,292,173,0
Untooled baseline.txt,233.17949999999993,301,173,0
Untooled baseline.txt,233.2632833333333,300,173,0
Untooled baseline.txt,233.3470999999999,304,173,0
Untooled baseline.txt,233.4309166666666,305,173,0
Untooled baseline.txt,233.51471666666657,305,173,0
Untooled baseline.txt,233.59851666666665,294,173,0
Untooled baseline.txt,233.68231666666665,297,173,0
Untooled baseline.txt,233.76611666666662,300,173,0
Untooled baseline.txt,233.8499166666666,334,173,0
Untooled baseline.txt,233.93369999999996,336,173,0
Untooled baseline.txt,234.01751666666667,336,173,0
Untooled baseline.txt,234.10133333333323,335,173,0
Untooled baseline.txt,234.1851,329,173,0
Untooled baseline.txt,234.26889999999997,328,173,0
Untooled baseline.txt,234.35268333333335,329,173,0
Untooled baseline.txt,234.4364999999999,333,173,0
Untooled baseline.txt,234.52028333333328,281,173,0
Untooled baseline.txt,234.60408333333325,278,173,0
Untooled baseline.txt,234.68786666666662,284,173,0
Untooled baseline.txt,234.77163333333326,284,173,0
Untooled baseline.txt,234.90745,284,173,0
Untooled baseline.txt,235.2160333333333,284,173,0
Untooled baseline.txt,235.3738166666666,255,168,0
Untooled baseline.txt,235.45776666666669,255,168,0
Untooled baseline.txt,235.54166666666666,255,168,0
Untooled baseline.txt,235.62556666666666,252,165,0
Untooled baseline.txt,235.70944999999992,255,168,0
Untooled baseline.txt,235.79333333333332,250,165,0
Untooled baseline.txt,235.8773,298,168,0
Untooled baseline.txt,235.96116666666663,274,168,0
Untooled baseline.txt,236.04508333333325,276,168,0
Untooled baseline.txt,236.12899999999996,276,168,0
Untooled baseline.txt,236.21289999999996,279,168,0
Untooled baseline.txt,236.29676666666663,246,168,0
Untooled baseline.txt,236.3806666666666,299,168,0
Untooled baseline.txt,236.46458333333334,265,168,0
Untooled baseline.txt,236.5484666666666,267,168,0
Untooled baseline.txt,236.63233333333326,250,131,0
Untooled baseline.txt,236.71624999999997,251,131,0
Untooled baseline.txt,236.80013333333324,245,131,0
Untooled baseline.txt,236.88404999999997,223,131,0
Untooled baseline.txt,236.9679166666666,257,131,0
Untooled baseline.txt,237.0518166666666,232,131,0
Untooled baseline.txt,237.13573333333335,229,131,0
Untooled baseline.txt,237.2196166666666,252,131,0
Untooled baseline.txt,237.30353333333332,284,152,0
Untooled baseline.txt,237.38741666666658,254,152,0
Untooled baseline.txt,237.47131666666658,228,138,0
Untooled baseline.txt,237.55521666666658,251,146,0
Untooled baseline.txt,237.63911666666658,260,152,0
Untooled baseline.txt,237.72301666666655,264,152,0
Untooled baseline.txt,237.8069333333333,265,152,0
Untooled baseline.txt,237.8908333333333,261,152,0
Untooled baseline.txt,237.9747333333333,263,152,0
Untooled baseline.txt,238.05861666666667,258,152,0
Untooled baseline.txt,238.14253333333326,262,152,0
Untooled baseline.txt,238.22641666666667,262,152,0
Untooled baseline.txt,238.31029999999993,254,152,0
Untooled baseline.txt,238.3941999999999,289,152,0
Untooled baseline.txt,238.47806666666656,261,152,0
Untooled baseline.txt,238.56194999999994,261,152,0
Untooled baseline.txt,238.64583333333334,273,152,0
Untooled baseline.txt,238.72969999999998,259,152,0
Untooled baseline.txt,238.81359999999998,274,152,0
Untooled baseline.txt,238.89749999999998,273,152,0
Untooled baseline.txt,238.9813499999999,273,152,0
Untooled baseline.txt,239.06523333333328,272,152,0
Untooled baseline.txt,239.14911666666666,272,152,0
Untooled baseline.txt,239.23298333333332,272,152,0
Untooled baseline.txt,239.31681666666663,272,152,0
Untooled baseline.txt,239.4006999999999,272,152,0
Untooled baseline.txt,239.48456666666667,272,152,0
Untooled baseline.txt,239.56844999999993,272,152,0
Untooled baseline.txt,239.65233333333333,272,152,0
Untooled baseline.txt,239.7362166666666,271,152,0
Untooled baseline.txt,239.82008333333323,271,152,0
Untooled baseline.txt,239.9039333333333,271,152,0
Untooled baseline.txt,239.98781666666667,271,152,0
Untooled baseline.txt,240.07169999999994,271,152,0
Untooled baseline.txt,240.1555833333333,271,152,0
Untooled baseline.txt,240.2394833333333,271,152,0
Untooled baseline.txt,240.32336666666657,271,152,0
Untooled baseline.txt,240.40726666666657,271,152,0
Untooled baseline.txt,240.49118333333328,272,152,0
Untooled baseline.txt,240.57508333333328,269,152,0
Untooled baseline.txt,240.65903333333324,263,152,0
Untooled baseline.txt,240.74296666666658,260,152,0
Untooled baseline.txt,240.82686666666658,269,152,0
Untooled baseline.txt,240.91074999999995,264,152,0
Untooled baseline.txt,240.99463333333333,259,152,0
Untooled baseline.txt,241.07853333333333,240,142,0
Untooled baseline.txt,241.16243333333333,243,137,0
Untooled baseline.txt,241.24638333333326,261,147,0
Untooled baseline.txt,241.3303,257,137,0
Untooled baseline.txt,241.41418333333326,256,147,0
Untooled baseline.txt,241.49806666666663,264,150,0
Untooled baseline.txt,241.58198333333323,266,150,0
Untooled baseline.txt,241.66588333333323,266,150,0
Untooled baseline.txt,241.74978333333323,260,145,0
Untooled baseline.txt,241.83368333333334,259,145,0
Untooled baseline.txt,241.91755,262,150,0
Untooled baseline.txt,242.00145,253,150,0
Untooled baseline.txt,242.0853666666666,236,139,0
Untooled baseline.txt,242.1692833333333,238,139,0
Untooled baseline.txt,242.25314999999998,243,139,0
Untooled baseline.txt,242.33701666666664,240,139,0
Untooled baseline.txt,242.42088333333328,240,139,0
Untooled baseline.txt,242.50474999999994,233,139,0
Untooled baseline.txt,242.58858333333325,244,134,0
Untooled baseline.txt,242.6724333333333,256,139,0
Untooled baseline.txt,242.75628333333333,247,150,0
Untooled baseline.txt,242.84013333333326,252,150,0
Untooled baseline.txt,242.92399999999992,247,150,0
Untooled baseline.txt,243.00783333333322,251,150,0
Untooled baseline.txt,243.09166666666667,246,150,0
Untooled baseline.txt,243.1755166666666,247,150,0
Untooled baseline.txt,243.25936666666664,247,150,0
Untooled baseline.txt,243.34319999999994,247,150,0
Untooled baseline.txt,243.42704999999998,247,150,0
Untooled baseline.txt,243.51091666666665,251,150,0
Untooled baseline.txt,243.59474999999995,259,150,0
Untooled baseline.txt,243.67858333333328,257,150,0
Untooled baseline.txt,243.76243333333332,253,150,0
Untooled baseline.txt,243.84628333333325,257,150,0
Untooled baseline.txt,243.9301333333333,258,150,0
Untooled baseline.txt,244.01399999999995,256,150,0
Untooled baseline.txt,244.09788333333333,256,150,0
Untooled baseline.txt,244.18178333333333,256,150,0
Untooled baseline.txt,244.2655999999999,246,139,0
Untooled baseline.txt,244.34944999999996,267,150,0
Untooled baseline.txt,244.4333,255,150,0
Untooled baseline.txt,244.51714999999993,245,139,0
Untooled baseline.txt,244.60099999999997,257,150,0
Untooled baseline.txt,244.68483333333327,268,150,0
Untooled baseline.txt,244.76869999999994,250,145,0
Untooled baseline.txt,244.85256666666658,244,145,0
Untooled baseline.txt,244.9363999999999,270,150,0
Untooled baseline.txt,245.02024999999995,271,150,0
Untooled baseline.txt,245.10411666666658,266,150,0
Untooled baseline.txt,245.1879333333333,266,150,0
Untooled baseline.txt,245.27179999999996,259,150,0
Untooled baseline.txt,245.35563333333326,259,150,0
Untooled baseline.txt,245.43949999999992,271,150,0
Untooled baseline.txt,245.5233666666666,272,150,0
Untooled baseline.txt,245.60721666666663,267,150,0
Untooled baseline.txt,245.69108333333327,273,150,0
Untooled baseline.txt,245.77496666666667,273,150,0
Untooled baseline.txt,245.85881666666657,273,150,0
Untooled baseline.txt,245.9426499999999,273,150,0
Untooled baseline.txt,246.02649999999994,262,139,0
Untooled baseline.txt,246.1103666666666,257,139,0
Untooled baseline.txt,246.19421666666665,250,134,0
Untooled baseline.txt,246.27808333333329,250,134,0
Untooled baseline.txt,246.36193333333333,249,134,0
Untooled baseline.txt,246.44576666666666,249,134,0
Untooled baseline.txt,246.52961666666658,249,134,0
Untooled baseline.txt,246.61346666666662,249,134,0
Untooled baseline.txt,246.69731666666667,234,134,0
Untooled baseline.txt,246.78118333333333,248,134,0
Untooled baseline.txt,246.86504999999997,248,134,0
Untooled baseline.txt,246.9488999999999,249,134,0
Untooled baseline.txt,247.03274999999994,248,134,0
Untooled baseline.txt,247.1166166666666,248,134,0
Untooled baseline.txt,247.20048333333324,246,134,0
Untooled baseline.txt,247.28431666666657,249,134,0
Untooled baseline.txt,247.36818333333335,240,134,0
Untooled baseline.txt,247.45208333333332,244,134,0
Untooled baseline.txt,247.53591666666665,245,134,0
Untooled baseline.txt,247.61976666666658,241,134,0
Untooled baseline.txt,247.70361666666662,235,134,0
Untooled baseline.txt,247.7875,233,134,0
Untooled baseline.txt,247.87134999999992,240,139,0
Untooled baseline.txt,247.95519999999996,244,150,0
Untooled baseline.txt,248.0390499999999,252,145,0
Untooled baseline.txt,248.12293333333326,260,145,0
Untooled baseline.txt,248.2067666666666,258,145,0
Untooled baseline.txt,248.29063333333323,252,145,0
Untooled baseline.txt,248.37451666666664,235,93,0
Untooled baseline.txt,248.45838333333327,238,97,0
Untooled baseline.txt,248.54224999999994,238,97,0
Untooled baseline.txt,248.6261333333333,246,97,0
Untooled baseline.txt,248.70998333333324,246,97,0
Untooled baseline.txt,248.79386666666662,244,139,0
Untooled baseline.txt,248.8777499999999,241,123,0
Untooled baseline.txt,248.96161666666666,240,123,0
Untooled baseline.txt,249.04548333333332,234,112,0
Untooled baseline.txt,249.12935,234,112,0
Untooled baseline.txt,249.21321666666663,229,112,0
Untooled baseline.txt,249.2970999999999,234,112,0
Untooled baseline.txt,249.38093333333333,234,112,0
Untooled baseline.txt,249.46483333333333,234,112,0
Untooled baseline.txt,249.5487166666666,235,112,0
Untooled baseline.txt,249.63256666666663,235,112,0
Untooled baseline.txt,249.7164333333333,240,112,0
Untooled baseline.txt,249.80031666666667,237,112,0
Untooled baseline.txt,249.88414999999998,300,128,0
Untooled baseline.txt,249.96801666666664,272,133,0
Untooled baseline.txt,250.05186666666657,302,168,0
Untooled baseline.txt,250.13573333333335,303,168,0
Untooled baseline.txt,250.21958333333325,301,168,0
Untooled baseline.txt,250.30343333333332,299,168,0
Untooled baseline.txt,250.38729999999995,299,168,0
Untooled baseline.txt,250.47115,297,168,0
Untooled baseline.txt,250.55503333333326,297,168,0
Untooled baseline.txt,250.63889999999992,297,168,0
Untooled baseline.txt,250.72273333333322,297,168,0
Untooled baseline.txt,250.8065833333333,291,157,0
Untooled baseline.txt,250.89043333333333,277,116,0
Untooled baseline.txt,250.97429999999997,269,116,0
Untooled baseline.txt,251.0582166666666,240,79,0
Untooled baseline.txt,251.1420499999999,275,144,0
Untooled baseline.txt,251.2259666666666,207,133,0
Untooled baseline.txt,251.30983333333327,208,133,0
Untooled baseline.txt,251.39373333333327,208,133,0
Untooled baseline.txt,251.47761666666665,203,133,0
Untooled baseline.txt,251.5614999999999,204,128,0
Untooled baseline.txt,251.6453833333333,223,131,0
Untooled baseline.txt,251.72928333333329,269,144,0
Untooled baseline.txt,251.81316666666655,268,144,0
Untooled baseline.txt,251.89704999999995,268,144,0
Untooled baseline.txt,251.98094999999995,277,144,0
Untooled baseline.txt,252.0648166666666,272,144,0
Untooled baseline.txt,252.1487,278,144,0
Untooled baseline.txt,252.2325499999999,270,144,0
Untooled baseline.txt,252.31641666666667,267,144,0
Untooled baseline.txt,252.4002666666666,278,144,0
Untooled baseline.txt,252.4841666666666,213,122,0
Untooled baseline.txt,252.5680666666666,205,120,0
Untooled baseline.txt,252.6519833333333,211,122,0
Untooled baseline.txt,252.73589999999993,205,122,0
Untooled baseline.txt,252.8197999999999,208,122,0
Untooled baseline.txt,252.9036833333333,210,122,0
Untooled baseline.txt,252.98758333333328,209,122,0
Untooled baseline.txt,253.07146666666668,211,122,0
Untooled baseline.txt,253.15534999999994,216,122,0
Untooled baseline.txt,253.23923333333332,216,122,0
Untooled baseline.txt,253.32313333333332,212,122,0
Untooled baseline.txt,253.40703333333332,223,141,0
Untooled baseline.txt,253.49091666666658,224,120,0
Untooled baseline.txt,253.5748333333333,224,139,0
Untooled baseline.txt,253.6587333333333,224,122,0
Untooled baseline.txt,253.74264999999988,223,133,0
Untooled baseline.txt,253.8265333333333,218,133,0
Untooled baseline.txt,253.91039999999992,221,133,0
Untooled baseline.txt,253.9942666666666,220,133,0
Untooled baseline.txt,254.07814999999997,227,133,0
Untooled baseline.txt,254.16204999999997,242,133,0
Untooled baseline.txt,254.24593333333323,235,133,0
Untooled baseline.txt,254.32981666666663,227,128,0
Untooled baseline.txt,254.4137,222,128,0
Untooled baseline.txt,254.49758333333327,227,133,0
Untooled baseline.txt,254.58146666666664,234,144,0
Untooled baseline.txt,254.6653499999999,267,144,0
Untooled baseline.txt,254.7492333333333,215,131,0
Untooled baseline.txt,254.83311666666657,230,139,0
Untooled baseline.txt,254.91701666666668,238,139,0
Untooled baseline.txt,255.00088333333332,226,139,0
Untooled baseline.txt,255.08478333333332,220,139,0
Untooled baseline.txt,255.16866666666658,202,139,0
Untooled baseline.txt,255.25256666666658,230,139,0
Untooled baseline.txt,255.33643333333325,234,139,0
Untooled baseline.txt,255.42033333333322,249,139,0
Untooled baseline.txt,255.5042,248,139,0
Untooled baseline.txt,255.58804999999992,276,144,0
Untooled baseline.txt,255.67196666666666,271,144,0
Untooled baseline.txt,255.7558333333333,271,144,0
Untooled baseline.txt,255.83974999999992,271,144,0
Untooled baseline.txt,255.92359999999996,227,144,0
Untooled baseline.txt,256.00749999999994,213,140,0
Untooled baseline.txt,256.09139999999996,212,140,0
Untooled baseline.txt,256.1752833333333,209,140,0
Untooled baseline.txt,256.25915,202,140,0
Untooled baseline.txt,256.34301666666664,269,144,0
Untooled baseline.txt,256.4269166666666,264,144,0
Untooled baseline.txt,256.5107833333333,250,144,0
Untooled baseline.txt,256.59464999999994,249,144,0
Untooled baseline.txt,256.67856666666665,169,88,0
Untooled baseline.txt,256.76244999999994,176,88,0
Untooled baseline.txt,256.84636666666665,182,88,0
Untooled baseline.txt,256.9302666666666,193,88,0
Untooled baseline.txt,257.01416666666665,197,88,0
Untooled baseline.txt,257.0980666666666,190,88,0
Untooled baseline.txt,257.1819499999999,187,88,0
Untooled baseline.txt,257.2658499999999,181,88,0
Untooled baseline.txt,257.34975000000003,178,88,0
Untooled baseline.txt,257.43363333333326,202,88,0
Untooled baseline.txt,257.5175333333333,212,88,0
Untooled baseline.txt,257.60143333333326,211,92,0
Untooled baseline.txt,257.68534999999997,196,92,0
Untooled baseline.txt,257.76926666666657,188,92,0
Untooled baseline.txt,257.8531666666666,204,92,0
Untooled baseline.txt,257.93706666666657,204,92,0
Untooled baseline.txt,258.02094999999997,204,92,0
Untooled baseline.txt,258.1048833333333,204,92,0
Untooled baseline.txt,258.1887833333333,197,92,0
Untooled baseline.txt,258.2726833333333,197,92,0
Untooled baseline.txt,258.3566,201,92,0
Untooled baseline.txt,258.4405,201,92,0
Untooled baseline.txt,258.5243833333333,201,92,0
Untooled baseline.txt,258.6083166666666,197,92,0
Untooled baseline.txt,258.6922166666666,208,92,0
Untooled baseline.txt,258.77613333333335,208,92,0
Untooled baseline.txt,258.86004999999994,208,92,0
Untooled baseline.txt,258.94396666666665,208,92,0
Untooled baseline.txt,259.0278666666666,205,92,0
Untooled baseline.txt,259.11176666666665,201,92,0
Untooled baseline.txt,259.1956499999999,200,92,0
Untooled baseline.txt,259.2795333333333,200,92,0
Untooled baseline.txt,259.3634166666667,217,92,0
Untooled baseline.txt,259.44731666666667,223,92,0
Untooled baseline.txt,259.53121666666664,223,92,0
Untooled baseline.txt,259.61506666666656,223,92,0
Untooled baseline.txt,259.69898333333333,223,92,0
Untooled baseline.txt,259.78284999999994,223,92,0
Untooled baseline.txt,259.8667166666666,223,92,0
Untooled baseline.txt,259.95061666666663,223,92,0
Untooled baseline.txt,260.03448333333324,223,92,0
Untooled baseline.txt,260.11836666666665,223,92,0
Untooled baseline.txt,260.20228333333324,220,92,0
Untooled baseline.txt,260.28619999999995,218,92,0
Untooled baseline.txt,260.3700666666666,218,92,0
Untooled baseline.txt,260.4539333333333,207,92,0
Untooled baseline.txt,260.53783333333325,212,92,0
Untooled baseline.txt,260.62175,212,92,0
Untooled baseline.txt,260.7056666666666,205,92,0
Untooled baseline.txt,260.7895833333333,213,92,0
Untooled baseline.txt,260.8734666666666,208,92,0
Untooled baseline.txt,260.9573666666666,219,92,0
Untooled baseline.txt,261.04126666666656,219,92,0
Untooled baseline.txt,261.1251666666666,219,92,0
Untooled baseline.txt,261.20905,219,92,0
Untooled baseline.txt,261.2929333333332,219,92,0
Untooled baseline.txt,261.3768,219,92,0
Untooled baseline.txt,261.4607,219,92,0
Untooled baseline.txt,261.5446,225,92,0
Untooled baseline.txt,261.6285,223,92,0
Untooled baseline.txt,261.71238333333326,223,92,0
Untooled baseline.txt,261.7963,225,92,0
Untooled baseline.txt,261.88018333333326,225,92,0
Untooled baseline.txt,261.9640499999999,225,92,0
Untooled baseline.txt,262.04791666666665,219,92,0
Untooled baseline.txt,262.1318166666667,225,92,0
Untooled baseline.txt,262.21571666666665,228,92,0
Untooled baseline.txt,262.29959999999994,216,92,0
Untooled baseline.txt,262.3834833333333,197,92,0
Untooled baseline.txt,262.4673833333333,203,92,0
Untooled baseline.txt,262.55126666666655,203,92,0
Untooled baseline.txt,262.6351999999999,201,92,0
Untooled baseline.txt,262.71906666666666,201,92,0
Untooled baseline.txt,262.8029666666667,201,92,0
Untooled baseline.txt,262.88686666666666,195,92,0
Untooled baseline.txt,262.97076666666663,177,92,0
Untooled baseline.txt,263.05466666666666,196,92,0
Untooled baseline.txt,263.1385166666666,196,92,0
Untooled baseline.txt,263.2224333333333,198,92,0
Untooled baseline.txt,263.30633333333327,183,92,0
Untooled baseline.txt,263.3902333333333,193,92,0
Untooled baseline.txt,263.47413333333327,193,92,0
Untooled baseline.txt,263.5580666666666,194,92,0
Untooled baseline.txt,263.64193333333327,203,92,0
Untooled baseline.txt,263.72583333333324,212,92,0
Untooled baseline.txt,263.80975,216,92,0
Untooled baseline.txt,263.8936166666666,215,92,0
Untooled baseline.txt,263.97751666666665,214,92,0
Untooled baseline.txt,264.0614166666666,200,92,0
Untooled baseline.txt,264.14531666666664,201,92,0
Untooled baseline.txt,264.2292166666666,197,92,0
Untooled baseline.txt,264.3131333333333,198,92,0
Untooled baseline.txt,264.39703333333335,191,92,0
Untooled baseline.txt,264.4809333333333,183,92,0
Untooled baseline.txt,264.5648166666666,183,92,0
Untooled baseline.txt,264.6487333333333,183,92,0
Untooled baseline.txt,264.73261666666656,184,92,0
Untooled baseline.txt,264.8165333333333,197,92,0
Untooled baseline.txt,264.9004333333333,193,92,0
Untooled baseline.txt,264.98433333333327,188,81,0
Untooled baseline.txt,265.0682333333333,186,81,0
Untooled baseline.txt,265.15213333333327,175,81,0
Untooled baseline.txt,265.23601666666667,190,81,0
Untooled baseline.txt,265.31991666666664,188,81,0
Untooled baseline.txt,265.40383333333324,174,81,0
Untooled baseline.txt,265.48773333333327,185,81,0
Untooled baseline.txt,265.57161666666667,184,81,0
Untooled baseline.txt,265.65551666666664,194,92,0
Untooled baseline.txt,265.7394166666666,194,92,0
Untooled baseline.txt,265.8232999999999,197,92,0
Untooled baseline.txt,265.9071999999999,210,92,0
Untooled baseline.txt,265.9910833333333,218,92,0
Untooled baseline.txt,266.07498333333325,218,92,0
Untooled baseline.txt,266.1588833333333,200,92,0
Untooled baseline.txt,266.24278333333325,191,92,0
Untooled baseline.txt,266.32666666666665,198,92,0
Untooled baseline.txt,266.41058333333325,210,92,0
Untooled baseline.txt,266.4944833333332,210,92,0
Untooled baseline.txt,266.57838333333325,202,92,0
Untooled baseline.txt,266.6622833333332,202,92,0
Untooled baseline.txt,266.7461666666666,201,92,0
Untooled baseline.txt,266.83008333333333,202,92,0
Untooled baseline.txt,266.9139666666666,201,92,0
Untooled baseline.txt,266.9978666666666,201,92,0
Untooled baseline.txt,267.08179999999993,201,92,0
Untooled baseline.txt,267.1656999999999,201,92,0
Untooled baseline.txt,267.24959999999993,199,92,0
Untooled baseline.txt,267.3334999999999,199,92,0
Untooled baseline.txt,267.41739999999993,200,92,0
Untooled baseline.txt,267.5012833333333,200,92,0
Untooled baseline.txt,267.5851833333333,195,92,0
Untooled baseline.txt,267.6690833333333,191,92,0
Untooled baseline.txt,267.7529666666667,196,92,0
Untooled baseline.txt,267.8368833333333,197,92,0
Untooled baseline.txt,267.92083333333335,192,92,0
Untooled baseline.txt,268.00474999999994,198,92,0
Untooled baseline.txt,268.08863333333335,183,86,0
Untooled baseline.txt,268.17254999999994,182,86,0
Untooled baseline.txt,268.25646666666665,187,92,0
Untooled baseline.txt,268.3403499999999,182,86,0
Untooled baseline.txt,268.4242499999999,178,86,0
Untooled baseline.txt,268.5081499999999,178,92,0
Untooled baseline.txt,268.5920499999999,201,86,0
Untooled baseline.txt,268.67593333333326,201,92,0
Untooled baseline.txt,268.7598333333333,213,92,0
Untooled baseline.txt,268.84375,205,92,0
Untooled baseline.txt,268.92764999999997,206,92,0
Untooled baseline.txt,269.01153333333326,207,92,0
Untooled baseline.txt,269.09543333333323,207,92,0
Untooled baseline.txt,269.17931666666664,205,92,0
Untooled baseline.txt,269.2632166666666,210,92,0
Untooled baseline.txt,269.3470833333333,210,92,0
Untooled baseline.txt,269.4309833333333,210,92,0
Untooled baseline.txt,269.5149,210,92,0
Untooled baseline.txt,269.59878333333324,216,92,0
Untooled baseline.txt,269.6826833333333,216,92,0
Untooled baseline.txt,269.76658333333324,219,92,0
Untooled baseline.txt,269.85049999999995,219,92,0
Untooled baseline.txt,269.9343666666666,217,92,0
Untooled baseline.txt,270.0182833333332,212,92,0
Untooled baseline.txt,270.10218333333324,212,92,0
Untooled baseline.txt,270.18609999999995,217,92,0
Untooled baseline.txt,270.2699999999999,200,92,0
Untooled baseline.txt,270.3539166666667,196,92,0
Untooled baseline.txt,270.4377999999999,209,92,0
Untooled baseline.txt,270.5216833333333,214,92,0
Untooled baseline.txt,270.6055999999999,193,92,0
Untooled baseline.txt,270.68951666666663,210,92,0
Untooled baseline.txt,270.77341666666666,204,92,0
Untooled baseline.txt,270.8572999999999,189,92,0
Untooled baseline.txt,270.9411999999999,177,89,0
Untooled baseline.txt,271.02508333333327,189,92,0
Untooled baseline.txt,271.1089833333333,188,92,0
Untooled baseline.txt,271.19286666666665,183,89,0
Untooled baseline.txt,271.2767833333333,179,86,0
Untooled baseline.txt,271.36066666666665,175,84,0
Untooled baseline.txt,271.44458333333324,170,73,0
Untooled baseline.txt,271.52848333333327,170,73,0
Untooled baseline.txt,271.61238333333324,173,73,0
Untooled baseline.txt,271.6963166666666,160,73,0
Untooled baseline.txt,271.7802166666666,150,67,0
Untooled baseline.txt,271.8641166666666,160,73,0
Untooled baseline.txt,271.94801666666655,156,73,0
Untooled baseline.txt,272.0319333333333,165,73,0
Untooled baseline.txt,272.11586666666665,171,73,0
Untooled baseline.txt,272.1997166666667,149,67,0
Untooled baseline.txt,272.2836666666666,137,54,0
Untooled baseline.txt,272.36753333333326,164,65,0
Untooled baseline.txt,272.45144999999997,164,65,0
Untooled baseline.txt,272.53535,177,65,0
Untooled baseline.txt,272.61924999999997,160,65,0
Untooled baseline.txt,272.70315,159,65,0
Untooled baseline.txt,272.78704999999997,166,65,0
Untooled baseline.txt,272.87094999999994,196,65,0
Untooled baseline.txt,272.9548166666666,192,65,0
Untooled baseline.txt,273.03873333333337,190,65,0
Untooled baseline.txt,273.12263333333334,209,65,0
Untooled baseline.txt,273.2065166666666,197,65,0
Untooled baseline.txt,273.2904166666666,203,65,0
Untooled baseline.txt,273.3743,203,65,0
Untooled baseline.txt,273.4582166666666,214,65,0
Untooled baseline.txt,273.54209999999995,202,65,0
Untooled baseline.txt,273.626,213,92,0
Untooled baseline.txt,273.7098833333332,214,92,0
Untooled baseline.txt,273.79378333333335,207,92,0
Untooled baseline.txt,273.8776833333333,214,92,0
Untooled baseline.txt,273.9615666666666,220,92,0
Untooled baseline.txt,274.0454666666666,198,92,0
Untooled baseline.txt,274.1293666666666,197,81,0
Untooled baseline.txt,274.21329999999995,187,92,0
Untooled baseline.txt,274.2971833333333,203,92,0
Untooled baseline.txt,274.3810666666666,220,92,0
Untooled baseline.txt,274.4649833333333,214,92,0
Untooled baseline.txt,274.54888333333326,209,92,0
Untooled baseline.txt,274.63276666666667,208,92,0
Untooled baseline.txt,274.71666666666664,195,92,0
Untooled baseline.txt,274.8005833333333,200,92,0
Untooled baseline.txt,274.88448333333326,206,92,0
Untooled baseline.txt,274.96838333333324,216,92,0
Untooled baseline.txt,275.0523,218,92,0
Untooled baseline.txt,275.13614999999993,213,92,0
Untooled baseline.txt,275.2200499999999,218,92,0
Untooled baseline.txt,275.3039499999999,208,92,0
Untooled baseline.txt,275.3878333333333,213,92,0
Untooled baseline.txt,275.47175,213,92,0
Untooled baseline.txt,275.5556333333333,213,92,0
Untooled baseline.txt,275.6395166666667,208,92,0
Untooled baseline.txt,275.72345,202,92,0
Untooled baseline.txt,275.8073666666666,208,92,0
Untooled baseline.txt,275.89124999999996,208,92,0
Untooled baseline.txt,275.97516666666655,206,92,0
Untooled baseline.txt,276.0590999999999,206,92,0
Untooled baseline.txt,276.14296666666655,218,92,0
Untooled baseline.txt,276.2268666666666,218,92,0
Untooled baseline.txt,276.31076666666667,218,92,0
Untooled baseline.txt,276.3946666666667,218,92,0
Untooled baseline.txt,276.4785499999999,211,92,0
Untooled baseline.txt,276.56246666666664,211,92,0
Untooled baseline.txt,276.6463833333333,213,92,0
Untooled baseline.txt,276.73028333333326,201,92,0
Untooled baseline.txt,276.81418333333323,201,92,0
Untooled baseline.txt,276.8980333333333,194,92,0
Untooled baseline.txt,276.9819499999999,199,92,0
Untooled baseline.txt,277.0658333333333,199,92,0
Untooled baseline.txt,277.14975,209,92,0
Untooled baseline.txt,277.2336333333333,209,92,0
Untooled baseline.txt,277.31753333333324,198,92,0
Untooled baseline.txt,277.4014666666666,209,92,0
Untooled baseline.txt,277.48533333333324,206,92,0
Untooled baseline.txt,277.56924999999995,209,92,0
Untooled baseline.txt,277.65315,204,92,0
Untooled baseline.txt,277.7370833333333,201,92,0
Untooled baseline.txt,277.82096666666655,201,92,0
Untooled baseline.txt,277.9048666666666,190,92,0
Untooled baseline.txt,277.98876666666655,187,92,0
Untooled baseline.txt,278.07268333333326,187,92,0
Untooled baseline.txt,278.1566166666666,181,92,0
Untooled baseline.txt,278.2405166666666,203,92,0
Untooled baseline.txt,278.3244166666666,198,92,0
Untooled baseline.txt,278.4083166666666,193,92,0
Untooled baseline.txt,278.49218333333323,196,92,0
Untooled baseline.txt,278.5760499999999,201,92,0
Untooled baseline.txt,278.65998333333323,201,92,0
Untooled baseline.txt,278.74388333333326,194,92,0
Untooled baseline.txt,278.82778333333323,199,92,0
Untooled baseline.txt,278.91169999999994,201,92,0
Untooled baseline.txt,278.99561666666654,201,92,0
Untooled baseline.txt,279.0795333333333,201,92,0
Untooled baseline.txt,279.16341666666665,201,92,0
Untooled baseline.txt,279.2473333333333,205,92,0
Untooled baseline.txt,279.33121666666665,217,92,0
Untooled baseline.txt,279.4150666666666,216,92,0
Untooled baseline.txt,279.4989833333333,214,92,0
Untooled baseline.txt,279.58284999999995,214,92,0
Untooled baseline.txt,279.6667166666666,214,92,0
Untooled baseline.txt,279.7506333333333,212,92,0
Untooled baseline.txt,279.8345166666666,201,92,0
Untooled baseline.txt,279.9184166666666,201,92,0
Untooled baseline.txt,280.0023333333333,214,92,0
Untooled baseline.txt,280.0861833333332,208,92,0
Untooled baseline.txt,280.17008333333325,208,92,0
Untooled baseline.txt,280.2539833333332,214,92,0
Untooled baseline.txt,280.3378666666666,207,92,0
Untooled baseline.txt,280.42179999999996,207,92,0
Untooled baseline.txt,280.50569999999993,207,92,0
Untooled baseline.txt,280.5896166666667,207,92,0
Untooled baseline.txt,280.6734833333333,248,92,0
Untooled baseline.txt,280.7573666666666,238,92,0
Untooled baseline.txt,280.84126666666657,245,92,0
Untooled baseline.txt,280.92525,245,92,0
Untooled baseline.txt,281.00913333333324,245,92,0
Untooled baseline.txt,281.09305,242,92,0
Untooled baseline.txt,281.17693333333324,242,92,0
Untooled baseline.txt,281.2608333333332,240,92,0
Untooled baseline.txt,281.3446999999999,240,92,0
Untooled baseline.txt,281.4286,241,92,0
Untooled baseline.txt,281.5125,241,92,0
Untooled baseline.txt,281.5964,239,92,0
Untooled baseline.txt,281.68028333333325,229,75,0
Untooled baseline.txt,281.76419999999996,220,51,0
Untooled baseline.txt,281.8481166666666,212,51,0
Untooled baseline.txt,281.9320333333333,183,33,0
